"carat","cut","color","clarity","depth","table","price","x","y","z"
1.2,"Ideal","J","VS2",61.8,55,5318,6.84,6.86,4.23
0.7,"Ideal","E","VS2",61.9,58,2952,5.7,5.73,3.54
1.22,"Good","I","VS1",59.2,61,6713,7.01,6.95,4.13
0.61,"Ideal","I","SI2",61.1,57,1401,5.46,5.49,3.34
0.36,"Ideal","G","VVS1",62.8,57,1053,4.55,4.52,2.85
0.93,"Premium","I","VS2",62.7,61,4073,6.24,6.14,3.88
0.55,"Very Good","E","VS2",62.1,60,1744,5.19,5.24,3.24
0.7,"Fair","I","VS2",64.7,60,2117,5.55,5.49,3.57
0.3,"Ideal","E","IF",60.9,56,1120,4.31,4.33,2.63
1.07,"Premium","G","VS2",62.1,58,6355,6.55,6.59,4.08
0.32,"Ideal","E","IF",60.6,60,1004,4.43,4.45,2.69
0.71,"Very Good","D","VS1",62.9,56,3465,5.65,5.7,3.57
1.08,"Premium","G","VS1",62.9,55,6982,6.6,6.53,4.13
0.82,"Ideal","G","SI1",61.8,55,3133,6.02,6.05,3.73
0.31,"Very Good","G","VS2",60.9,57,559,4.37,4.39,2.67
1.36,"Very Good","F","SI1",62.8,53,6597,7.05,7.1,4.45
0.51,"Very Good","J","VS2",63.1,56,1080,5.13,5.1,3.23
0.55,"Ideal","D","VS1",61.3,56,2251,5.28,5.32,3.25
2,"Fair","I","SI2",65.9,57,10833,7.96,7.79,5.19
1.11,"Premium","F","VS1",62.8,56,7310,6.62,6.57,4.14
1,"Fair","D","VVS2",61.1,57,10562,6.37,6.3,3.87
1,"Fair","G","SI1",67.7,57,3631,6,6.15,4.11
0.34,"Ideal","E","VVS2",60.9,56,838,4.52,4.54,2.76
1,"Good","D","SI2",64.3,59,4065,6.21,6.3,4.02
0.41,"Good","F","SI1",63.5,56,705,4.7,4.75,3
1.24,"Very Good","F","VVS2",59,58,11234,6.98,7.03,4.13
0.44,"Very Good","G","SI1",61.6,61,772,4.83,4.88,2.99
1.56,"Ideal","I","VVS2",62,56,10481,7.39,7.42,4.6
0.83,"Ideal","D","SI1",61.5,53,3933,6.09,6.07,3.74
0.51,"Ideal","D","SI1",61.8,55,1569,5.14,5.18,3.19
0.3,"Ideal","E","VVS2",62.2,54.4,779,4.3,4.32,2.68
1.02,"Premium","E","VS2",62.8,59,5666,6.44,6.39,4.03
0.33,"Premium","I","VS2",61.1,59,594,4.44,4.4,2.7
0.53,"Premium","H","VS2",59.1,59,1356,5.33,5.26,3.13
0.7,"Fair","G","SI2",58.6,56,2208,5.8,5.74,3.38
0.28,"Ideal","F","VS1",62,53,665,4.23,4.26,2.63
0.9,"Good","D","SI1",63.2,62,4068,6.06,6.13,3.85
0.3,"Ideal","D","VS2",60.8,57,911,4.38,4.33,2.65
0.39,"Premium","G","VS2",62.4,56,1009,4.68,4.64,2.91
0.7,"Very Good","F","VVS1",63,60,3261,5.59,5.62,3.53
2.09,"Premium","H","SI1",60.5,61,12063,8.32,8.25,5.01
1.08,"Very Good","H","SI1",63.4,57,5286,6.54,6.51,4.14
0.93,"Ideal","E","SI1",62.2,55,4374,6.24,6.27,3.89
1,"Premium","E","SI2",61,62,4200,6.41,6.34,3.89
0.34,"Ideal","G","IF",61.9,54,1014,4.46,4.49,2.77
0.4,"Ideal","G","SI1",60.9,55,873,4.82,4.79,2.93
0.37,"Premium","I","VS2",61.6,60,666,4.61,4.58,2.83
0.38,"Ideal","G","VVS1",59.7,60,979,4.71,4.74,2.82
0.79,"Ideal","E","VS2",59.3,57,3377,6.02,6.06,3.58
2.07,"Fair","G","I1",67.7,56,6503,7.76,7.73,5.25
0.7,"Very Good","E","VS1",63.4,57,3095,5.63,5.67,3.58
0.91,"Good","H","SI1",63.8,56,3323,6.09,6.04,3.87
0.72,"Very Good","J","SI1",57.6,63,2123,5.89,5.95,3.41
0.9,"Ideal","D","SI1",61.6,56,4351,6.19,6.21,3.82
1.55,"Very Good","G","SI1",59.2,59,10707,7.51,7.59,4.47
0.5,"Ideal","G","VS2",61.6,55,1400,5.11,5.14,3.16
1.26,"Premium","F","VS1",62.7,58,9896,6.86,6.93,4.32
2,"Very Good","G","SI2",63.5,55,15485,8.03,7.93,5.07
0.6,"Very Good","E","VS1",60.9,58,2112,5.43,5.48,3.32
0.44,"Very Good","I","VS2",62.5,57,795,4.85,4.88,3.04
1.51,"Premium","H","VVS1",60.6,60,12336,7.42,7.4,4.49
0.3,"Ideal","D","VVS1",62.1,56,853,4.31,4.32,2.68
0.31,"Premium","H","VS1",59.9,59,698,4.4,4.38,2.63
0.71,"Good","F","SI1",57.9,53,2300,5.84,5.8,3.37
0.27,"Ideal","I","VS2",62.1,56,534,4.14,4.18,2.58
1.06,"Very Good","D","VS2",59.6,60,7149,6.68,6.71,3.99
0.31,"Ideal","F","VVS1",61.4,56,840,4.37,4.4,2.69
1.19,"Good","G","VVS2",61.1,61,8995,6.86,6.83,4.18
1.05,"Ideal","D","SI1",60,55,5104,6.66,6.61,3.98
0.51,"Ideal","F","VS2",61,57,1619,5.16,5.11,3.13
1.01,"Good","F","VS2",60.1,60,5902,6.46,6.51,3.9
0.4,"Very Good","I","VS2",61.4,57.6,655,4.73,4.78,2.92
0.92,"Premium","E","SI1",62.1,58,4482,6.22,6.15,3.84
0.3,"Ideal","F","IF",62.3,53,886,4.34,4.36,2.71
0.41,"Good","D","SI1",56.5,63,758,4.98,4.94,2.8
1,"Fair","E","VS2",57.3,64,6285,6.59,6.46,3.79
0.5,"Premium","E","SI2",61.8,59,1181,5.07,5.03,3.12
1.65,"Very Good","J","SI1",61.7,56,7903,7.61,7.66,4.71
0.9,"Good","F","SI1",62.5,59,4119,6.1,6.13,3.82
0.3,"Very Good","D","SI1",62.6,56,552,4.24,4.29,2.67
1.01,"Good","E","VS2",56.7,61,6606,6.71,6.66,3.79
0.71,"Good","I","VVS1",63.4,57,2549,5.67,5.71,3.61
0.5,"Premium","F","I1",60.5,60,770,5.15,5.07,3.1
0.28,"Ideal","H","IF",62,56,586,4.2,4.23,2.61
0.29,"Very Good","G","VVS1",61.4,56,607,4.25,4.28,2.62
2,"Fair","G","SI1",65.5,58,11935,7.82,7.73,5.09
0.5,"Fair","D","SI1",64.6,59,1253,4.93,4.95,3.19
0.5,"Very Good","D","SI1",62.8,53,1436,5.04,5.08,3.18
1.2,"Premium","F","SI2",61.9,59,5699,6.86,6.74,4.21
0.3,"Very Good","G","VVS2",60.4,60,638,4.3,4.34,2.61
1,"Very Good","E","VS2",62.9,57,7607,6.33,6.35,3.99
0.3,"Premium","G","VVS2",61.9,59,878,4.28,4.25,2.64
1.07,"Ideal","F","SI1",61.5,56,7286,6.58,6.62,4.06
1,"Premium","G","VS2",62,62,5645,6.41,6.36,3.96
1.17,"Very Good","D","SI2",60.9,60,6062,6.72,6.78,4.11
0.71,"Ideal","F","VS1",62.7,57,3041,5.66,5.7,3.56
0.3,"Premium","J","VS1",62.6,58,506,4.31,4.28,2.69
0.41,"Ideal","F","IF",61.7,56,1304,4.79,4.83,2.97
1.22,"Ideal","G","VS2",62,57,8062,6.88,6.83,4.25
0.35,"Ideal","G","IF",61.8,56,1041,4.57,4.52,2.81
0.75,"Ideal","E","VS2",60.2,57,3136,5.93,5.9,3.56
0.28,"Very Good","E","VVS1",61.1,60,646,4.17,4.21,2.56
1.21,"Ideal","I","VS1",60.3,60,6279,6.89,6.93,4.17
1.27,"Ideal","G","VS2",61.9,57,9489,6.9,6.93,4.28
0.41,"Ideal","G","VS1",61.6,57,961,4.77,4.74,2.93
0.39,"Premium","H","VS1",61.7,57,1009,4.68,4.65,2.88
0.91,"Very Good","F","VS2",60.8,57,4606,6.24,6.25,3.8
0.44,"Premium","D","SI1",61.9,59,1089,4.9,4.86,3.02
0.52,"Ideal","D","VS2",61.8,57,1919,5.2,5.16,3.2
0.7,"Premium","F","SI1",60.5,58,2264,5.77,5.84,3.51
1.01,"Very Good","F","SI1",61,57,5174,6.44,6.54,3.96
1.56,"Premium","H","VS2",62.2,58,10424,7.41,7.44,4.62
0.33,"Ideal","F","VVS1",61.9,56,1021,4.47,4.42,2.75
1.01,"Very Good","I","SI1",61.4,62,4693,6.39,6.45,3.94
0.7,"Ideal","G","VVS1",60.7,57,3303,5.73,5.76,3.49
0.3,"Fair","F","SI1",64.6,56,599,4.27,4.25,2.75
1.01,"Good","G","VVS2",63.2,59,7528,6.34,6.38,4.02
0.41,"Premium","D","VS2",61.8,58,846,4.76,4.79,2.95
1.51,"Fair","H","SI1",55.8,61,7509,7.72,7.63,4.28
1.11,"Ideal","H","SI2",63.5,60,4538,6.58,6.49,4.15
1.01,"Good","H","SI2",57.9,59,3903,6.64,6.59,3.83
1.56,"Premium","G","SI1",58.8,57,10766,7.68,7.62,4.5
1.54,"Very Good","I","VVS2",62.7,57,10518,7.35,7.43,4.63
0.52,"Very Good","F","VS2",61.1,56,1591,5.21,5.24,3.19
0.33,"Premium","G","VS1",62.8,58,854,4.41,4.38,2.76
0.9,"Ideal","I","VS2",62.6,54.3,3820,6.14,6.17,3.86
0.38,"Ideal","F","VVS1",61,57,1096,4.67,4.71,2.86
1.03,"Premium","F","VS2",62.6,58,5774,6.45,6.4,4.02
0.3,"Ideal","F","VS2",61.8,56,776,4.31,4.3,2.66
1.5,"Premium","F","VS2",61.3,61,14372,7.36,7.33,4.5
1.51,"Premium","J","VS2",62.8,59,7553,7.28,7.2,4.55
0.32,"Premium","G","SI1",62.6,58,477,4.31,4.35,2.71
1.04,"Premium","E","SI1",61.2,59,5894,6.54,6.47,3.98
2.09,"Very Good","H","SI1",61.1,56,18392,8.23,8.3,5.05
1.02,"Premium","I","SI1",58,58,4284,6.84,6.6,3.9
0.4,"Very Good","H","SI1",62.8,59,666,4.67,4.69,2.94
1.12,"Premium","D","SI2",61.2,60,5329,6.67,6.63,4.07
1.22,"Ideal","H","SI2",62.3,57,6398,6.84,6.89,4.28
1.03,"Premium","H","SI1",60,60,4603,6.41,6.4,4.02
0.72,"Good","G","VS2",59.7,60.5,2776,5.8,5.84,3.47
0.31,"Ideal","G","VS2",62.9,56,698,4.34,4.28,2.71
0.3,"Ideal","I","VS1",61.6,56,608,4.36,4.31,2.67
0.23,"Very Good","E","VVS2",61.3,57,505,3.97,4.02,2.45
0.3,"Ideal","G","VS1",60.4,55,637,4.38,4.41,2.66
0.7,"Ideal","H","VS2",61.2,57,3145,5.73,5.77,3.52
1.03,"Ideal","F","VS1",60.7,56,7429,6.6,6.54,3.99
2.13,"Premium","F","SI2",62.4,58,13760,8.22,8.16,5.11
1.59,"Premium","I","VS2",62.9,56,10471,7.48,7.43,4.69
2,"Ideal","I","SI1",62.8,56,15258,8.04,7.95,5.02
0.63,"Ideal","F","VVS2",61.9,57,2835,5.47,5.51,3.4
0.83,"Premium","G","SI1",62.3,58,2863,6.01,5.97,3.73
0.72,"Ideal","F","VS1",60.5,56,3759,5.82,5.85,3.53
0.38,"Ideal","F","SI1",61.1,57,660,4.7,4.72,2.88
0.51,"Very Good","F","SI1",63.7,55,1271,5.06,5.11,3.24
0.53,"Ideal","H","SI1",61.3,55,1268,5.23,5.27,3.22
0.7,"Premium","H","VS2",61.8,60,2330,5.68,5.71,3.52
0.32,"Very Good","G","VS1",62.9,57,645,4.37,4.4,2.76
0.37,"Premium","F","VS2",59.8,59,746,4.63,4.66,2.78
1.02,"Ideal","D","SI1",61.2,56,6040,6.51,6.56,4
1.51,"Very Good","G","VS1",60.2,63,12430,7.39,7.36,4.44
1.5,"Premium","I","SI2",61.2,59,7476,7.39,7.36,4.51
0.76,"Very Good","F","VVS1",59.6,58,4504,5.91,5.96,3.54
0.9,"Good","G","SI2",63.7,62,3014,6.07,6.01,3.85
0.3,"Ideal","H","VVS1",62.2,57,665,4.28,4.31,2.67
0.51,"Ideal","H","VS1",61.8,57,1573,5.11,5.14,3.16
0.3,"Very Good","E","VS2",61.8,58,658,4.26,4.28,2.64
1.01,"Ideal","F","I1",62.2,54,3439,6.44,6.42,4
1.01,"Premium","J","SI2",58.3,62,2683,6.49,6.43,3.77
0.32,"Premium","D","SI1",60.9,60,589,4.39,4.41,2.68
2.12,"Premium","H","SI1",61.1,60,18656,8.18,8.26,5.02
0.3,"Premium","G","IF",60,59,956,4.34,4.32,2.6
1.33,"Premium","G","SI2",63,59,6480,7,6.97,4.4
1.01,"Ideal","F","VS1",61.8,57,8860,6.41,6.46,3.98
0.55,"Ideal","E","VS1",62,56,2107,5.27,5.24,3.26
0.53,"Premium","E","SI2",62.2,57,984,5.2,5.16,3.22
0.4,"Very Good","D","VS1",64,57,995,4.66,4.69,2.99
1.22,"Ideal","H","VS1",62.3,55,7418,6.8,6.84,4.25
0.42,"Ideal","H","VVS2",62.4,56,921,4.78,4.8,2.99
1,"Fair","H","VS1",57.4,68,4368,6.52,6.47,3.73
0.91,"Premium","E","SI1",62.1,58,4332,6.15,6.18,3.83
1.27,"Premium","F","VVS2",61.3,60,11905,6.99,6.9,4.26
0.31,"Good","H","VVS2",63.4,56,625,4.29,4.32,2.73
0.27,"Ideal","D","VVS2",62.6,56,622,4.13,4.15,2.59
0.41,"Premium","D","SI2",62.3,61,818,4.75,4.72,2.95
0.31,"Good","G","VVS2",63.3,57,707,4.28,4.31,2.72
0.45,"Ideal","E","VVS2",61.9,56,1401,4.95,4.91,3.05
0.3,"Ideal","E","VVS2",62.8,55,731,4.28,4.32,2.7
0.5,"Ideal","F","SI2",60.9,57,1094,5.15,5.1,3.12
0.35,"Ideal","F","IF",60.9,55,1312,4.58,4.61,2.8
2.01,"Ideal","G","SI2",61.9,57,17555,8,8.08,4.98
0.54,"Ideal","F","VS2",60.5,56,1680,5.27,5.29,3.2
1.03,"Ideal","F","VS2",62.3,56,7392,6.43,6.45,4.01
0.52,"Ideal","D","VS1",60.4,56,2146,5.24,5.26,3.17
0.7,"Very Good","G","VS1",63,60,2812,5.57,5.64,3.53
1,"Very Good","F","SI1",63.1,59,4234,6.29,6.22,3.95
0.51,"Ideal","E","VS2",61.8,56,1656,5.12,5.14,3.17
0.3,"Ideal","E","VS2",62,56,658,4.3,4.34,2.68
0.51,"Very Good","F","SI1",62.9,56,1308,5.05,5.1,3.19
0.34,"Ideal","G","VS2",61.4,57,765,4.51,4.48,2.76
0.32,"Very Good","H","VS2",60.6,58,505,4.44,4.47,2.7
1.03,"Ideal","H","VVS2",62.4,53,6560,6.45,6.51,4.05
0.52,"Premium","E","VS2",60.7,58,1689,5.17,5.21,3.15
2.48,"Premium","I","SI2",63,62,17607,8.62,8.58,5.42
1.14,"Very Good","G","SI2",62.4,60,4875,6.6,6.67,4.14
0.51,"Ideal","G","VVS1",62.6,57,2111,5.14,5.08,3.2
0.75,"Premium","I","SI1",59.1,58,2295,5.91,5.87,3.48
0.58,"Ideal","G","VVS2",61.6,56,2135,5.37,5.4,3.31
1.01,"Premium","J","SI2",62.5,62,3563,6.41,6.36,3.99
2.07,"Premium","E","SI1",61.2,58,16957,8.24,8.19,5.03
1.04,"Premium","I","SI1",60.7,59,4601,6.6,6.57,4
0.71,"Very Good","J","VS2",62.1,58,1675,5.71,5.73,3.55
1.25,"Ideal","E","SI2",62.3,58,7289,6.86,6.89,4.28
0.41,"Premium","D","SI2",62.4,60,876,4.77,4.71,2.96
0.96,"Fair","F","SI2",65.2,58,3688,6.14,6.12,3.99
0.61,"Ideal","H","VS1",60.8,56,2053,5.51,5.47,3.34
0.57,"Ideal","G","SI1",62.1,55,1441,5.32,5.34,3.31
2,"Premium","I","SI2",58.6,61,14199,8.28,8.16,4.82
0.56,"Ideal","F","VS2",62.3,55,1729,5.32,5.28,3.3
1.74,"Very Good","H","I1",63.2,55,4677,7.62,7.59,4.8
1.01,"Ideal","D","SI1",63,56,6579,6.36,6.41,4.02
0.5,"Ideal","G","VVS2",60.5,55,1838,5.13,5.15,3.11
1.12,"Premium","H","SI1",62,56,5291,6.68,6.61,4.12
1,"Very Good","F","VS2",63.8,56.9,6841,6.29,6.36,4.04
1.01,"Very Good","F","VS1",63.2,58,7107,6.32,6.34,4
0.3,"Ideal","H","VVS2",61.5,56,605,4.33,4.35,2.67
0.97,"Very Good","G","SI2",59.8,58,3960,6.38,6.42,3.83
0.5,"Ideal","E","SI1",60.8,57,1410,5.09,5.14,3.11
0.53,"Ideal","G","VVS2",60.4,56,1818,5.29,5.24,3.18
0.4,"Ideal","G","VS2",62.5,54,792,4.72,4.75,2.96
0.61,"Ideal","D","VVS2",60.1,57,3336,5.53,5.58,3.34
0.32,"Ideal","G","VVS1",61.8,54,814,4.41,4.43,2.73
0.33,"Premium","E","VS2",61,60,928,4.47,4.42,2.71
1.02,"Ideal","G","SI2",62,55,4366,6.4,6.51,4
0.79,"Very Good","F","SI2",62.6,57,2655,5.84,5.86,3.66
1.25,"Ideal","D","VS2",62.6,56,9933,6.84,6.87,4.29
0.33,"Very Good","G","VVS2",63,57,752,4.38,4.42,2.77
0.72,"Very Good","H","SI2",62.6,53,1970,5.75,5.78,3.61
0.96,"Premium","E","SI2",62.6,60,4113,6.32,6.26,3.94
0.4,"Ideal","D","SI1",61.8,55,990,4.78,4.74,2.94
1.01,"Ideal","J","VS2",61.3,56,4617,6.46,6.5,3.97
0.54,"Ideal","G","VS1",61.3,57,1847,5.28,5.25,3.23
0.34,"Very Good","G","VS1",60.4,61,686,4.48,4.53,2.72
0.71,"Good","F","VVS2",58.9,61,2960,5.8,5.9,3.44
2.02,"Premium","H","SI1",61.4,61,13229,8.09,8.03,4.95
0.43,"Ideal","H","SI1",61.6,55,919,4.9,4.87,3.01
0.35,"Very Good","G","VVS1",61.2,57,842,4.55,4.58,2.79
0.41,"Ideal","E","SI1",62.5,57,969,4.79,4.74,2.98
0.75,"Very Good","I","SI1",63.7,56,2300,5.73,5.77,3.66
1.02,"Ideal","I","SI1",61.3,57,4685,6.47,6.49,3.97
0.27,"Very Good","D","VVS1",62.3,54,721,4.18,4.21,2.61
1.25,"Premium","I","VS2",61.2,58,6300,6.94,6.89,4.23
0.91,"Very Good","D","SI1",62,60,4444,6.12,6.2,3.82
1,"Premium","E","VS2",62.9,58,6400,6.36,6.29,3.98
0.51,"Very Good","E","SI1",61.3,54,1438,5.13,5.18,3.16
0.61,"Ideal","F","SI2",61.9,57,1588,5.45,5.41,3.36
0.9,"Very Good","H","SI1",61.7,57,3772,6.21,6.26,3.85
1.54,"Ideal","G","VS2",60.2,59,13508,7.47,7.52,4.51
1.51,"Ideal","I","SI1",61.2,58,8752,7.35,7.4,4.51
1.21,"Premium","H","SI2",61.9,55,5218,6.84,6.79,4.22
1.01,"Premium","G","VS2",59.2,59,6108,6.59,6.52,3.88
0.71,"Very Good","E","VS2",63.8,58,2804,5.62,5.66,3.6
0.43,"Ideal","D","VS2",60.7,57,1129,4.91,4.88,2.97
0.45,"Good","F","VVS1",63.8,58,1548,4.85,4.78,3.07
0.43,"Ideal","D","VS1",62.1,55,1264,4.86,4.83,3.01
1.06,"Very Good","G","VS1",63,56,6863,6.47,6.51,4.09
0.74,"Premium","F","VS2",62.3,58,2560,5.77,5.72,3.58
0.42,"Ideal","G","VVS1",61.6,55,1179,4.82,4.85,2.98
0.51,"Good","H","VS1",63.7,55,1438,5.07,5.1,3.24
0.41,"Good","G","VVS1",61,61,986,4.77,4.8,2.92
0.7,"Premium","F","SI1",62.2,59,2401,5.69,5.73,3.55
0.51,"Very Good","E","VVS2",61.3,55,2320,5.14,5.16,3.16
0.86,"Very Good","D","VS2",62.8,55,4191,6.07,6.13,3.83
0.7,"Very Good","E","VS1",63.4,62,2695,5.64,5.56,3.55
1.04,"Premium","I","SI2",61.6,56,3960,6.56,6.49,4.02
1.61,"Ideal","E","SI2",61.3,59,11220,7.47,7.57,4.61
0.31,"Ideal","H","SI1",61.5,55,464,4.39,4.42,2.71
0.3,"Ideal","F","IF",61.1,57,947,4.35,4.39,2.67
0.4,"Good","F","VS2",62.2,61,784,4.71,4.74,2.94
1.14,"Ideal","I","SI1",61.8,57,4724,6.76,6.68,4.15
1.12,"Premium","I","VS2",61.9,58,5119,6.68,6.63,4.12
1.2,"Ideal","D","SI1",61.1,56,9317,6.86,6.89,4.2
0.57,"Ideal","H","SI1",61.8,55,1292,5.31,5.37,3.3
0.53,"Good","D","VS1",60.2,56,1775,5.22,5.28,3.16
0.5,"Very Good","F","VVS2",61.8,56,2052,5.11,5.15,3.17
0.76,"Premium","E","VS2",60.1,59,3192,6.01,5.97,3.6
1.02,"Good","E","VS2",63.2,60,6462,6.29,6.34,3.99
0.73,"Ideal","G","VVS1",61.3,56,3667,5.79,5.82,3.56
0.8,"Premium","F","SI1",60.1,58,3082,6.07,6.05,3.64
0.38,"Very Good","D","VVS2",61.9,56,1200,4.63,4.65,2.87
0.7,"Premium","G","VS2",59.4,59,2657,5.79,5.76,3.43
0.51,"Very Good","E","VS2",62.8,56,1612,5.11,5.14,3.22
0.41,"Ideal","G","VVS2",61.3,56,1007,4.76,4.77,2.92
2,"Very Good","H","SI1",63.3,59,17760,8.03,7.96,5.06
1.24,"Ideal","H","VS1",61,57,8719,6.91,6.95,4.23
0.37,"Ideal","G","SI1",61.8,55,745,4.62,4.64,2.86
1.01,"Very Good","E","SI1",60,60,5556,6.45,6.49,3.88
0.75,"Ideal","H","SI1",60.4,57,2801,5.93,5.96,3.59
0.57,"Ideal","E","SI1",62.1,56,1608,5.3,5.33,3.3
0.31,"Ideal","G","VVS1",61.6,56,1046,4.39,4.35,2.69
1.59,"Ideal","I","SI1",62.4,56,10106,7.48,7.46,4.66
2.06,"Very Good","I","SI2",62.3,57,14298,8.12,8.2,5.09
0.58,"Ideal","F","SI2",61.8,56,1279,5.42,5.39,3.34
1.67,"Ideal","G","VS1",61.5,55,16643,7.62,7.67,4.7
1.78,"Premium","H","SI2",59.1,60,11262,7.93,7.87,4.67
1.09,"Ideal","G","VS2",62.3,57,6480,6.6,6.57,4.1
0.41,"Ideal","E","SI2",61.9,57,876,4.8,4.76,2.96
0.79,"Ideal","D","SI1",61.5,56,2896,5.91,5.96,3.65
1.21,"Premium","J","SI1",59.9,60,4770,6.89,6.86,4.12
0.4,"Ideal","G","VVS1",62.4,54,1043,4.73,4.76,2.96
1.2,"Premium","F","VS2",62.8,59,8964,6.78,6.69,4.23
0.41,"Ideal","G","SI1",62.2,56,861,4.77,4.75,2.96
1,"Premium","F","SI2",62.4,61,4155,6.34,6.32,3.95
1.05,"Premium","G","SI2",60.1,60,3828,6.58,6.66,3.98
1.5,"Premium","E","VS2",59.4,62,12587,7.48,7.4,4.42
0.3,"Very Good","E","VVS2",60.7,55,814,4.35,4.36,2.65
0.76,"Good","G","SI1",57.7,63,2425,5.97,6.05,3.47
0.4,"Premium","E","VVS1",61.4,59,1333,4.68,4.74,2.89
1.53,"Very Good","H","VS2",62.2,58,11178,7.3,7.34,4.55
0.74,"Fair","H","SI2",62,53,1962,5.85,5.74,3.6
0.38,"Premium","I","SI1",60.2,60,746,4.68,4.65,2.81
2.4,"Premium","J","SI1",59.7,58,16304,8.75,8.71,5.21
0.38,"Ideal","J","SI1",61.8,54,525,4.68,4.7,2.9
1,"Good","E","VS2",60.7,62,6279,6.33,6.46,3.88
1.5,"Good","F","SI2",62.4,55,7738,7.27,7.34,4.56
0.3,"Ideal","H","VVS1",62.3,57,665,4.27,4.3,2.67
1.6,"Fair","D","SI2",64.7,58,8666,7.35,7.28,4.73
0.3,"Ideal","E","VVS1",62.5,54,763,4.29,4.32,2.69
2.01,"Ideal","I","SI1",62.9,55,12606,8.07,8,5.05
0.56,"Ideal","G","VS1",60.6,56,1819,5.33,5.36,3.24
0.52,"Ideal","H","VS1",62,55.4,1575,5.16,5.21,3.21
0.53,"Very Good","F","VS1",61.5,59,1821,5.19,5.22,3.2
1.18,"Premium","E","SI2",62.5,60,5181,6.74,6.7,4.2
1.5,"Ideal","G","VS1",60.6,57,13034,7.47,7.36,4.49
1.74,"Ideal","J","SI1",62.1,54,9208,7.73,7.69,4.79
1.53,"Ideal","E","SI1",62,58,10836,7.33,7.41,4.57
0.71,"Premium","F","VS2",61.9,59,2686,5.75,5.72,3.55
0.87,"Very Good","H","SI1",62.2,57,3180,6.05,6.11,3.78
0.51,"Ideal","D","VS1",62.4,57,1873,5.13,5.09,3.19
1.36,"Ideal","I","SI1",62,56,7218,7.08,7.11,4.4
0.5,"Premium","D","SI1",62.2,57,1654,5.11,5.08,3.17
0.41,"Ideal","F","VVS2",61.4,55.7,1026,4.76,4.79,2.94
0.91,"Ideal","H","SI1",62.1,57,4919,6.18,6.21,3.85
0.5,"Good","I","SI2",65.3,56,855,4.91,5.01,3.24
0.36,"Ideal","I","VVS1",61.6,56,607,4.58,4.61,2.83
0.51,"Very Good","E","VVS1",62.2,60,2579,5.08,5.12,3.17
0.32,"Ideal","G","VVS1",62.4,55,842,4.37,4.38,2.73
0.72,"Ideal","F","SI2",62,55,2224,5.75,5.79,3.58
0.35,"Ideal","G","IF",62.3,55,1116,4.52,4.5,2.81
0.5,"Ideal","G","VVS1",62.2,54,1883,5.1,5.13,3.18
0.31,"Good","E","SI1",63.9,56,698,4.31,4.27,2.74
1.02,"Premium","F","SI2",62.5,58,3686,6.4,6.47,4.02
0.9,"Good","F","SI1",61,62,3733,6.17,6.26,3.79
0.5,"Ideal","H","SI1",62.2,57,1140,5.07,5.09,3.16
1.04,"Premium","F","SI2",60.2,58,4717,6.6,6.55,3.96
0.32,"Ideal","F","VS2",61.4,55,781,4.42,4.44,2.72
1.01,"Ideal","G","VS2",61,56,6734,6.47,6.51,3.96
0.41,"Ideal","F","VS1",61.9,57,1007,4.73,4.77,2.94
0.61,"Very Good","F","VVS2",60.5,58.5,2274,5.44,5.64,3.34
0.76,"Ideal","I","VS2",61.7,56,3075,5.87,5.9,3.63
1.03,"Ideal","F","VVS2",61.9,53,9131,6.52,6.54,4.04
0.45,"Good","G","VS1",60.7,60.4,1246,4.94,4.98,3.01
0.31,"Ideal","E","VS2",61.5,56,872,4.37,4.34,2.68
0.52,"Ideal","E","VS2",62.3,53,1549,5.17,5.2,3.23
0.31,"Very Good","G","VVS2",62.2,56,651,4.31,4.34,2.69
0.24,"Very Good","I","VS1",61.8,56,397,3.98,4.01,2.46
1.53,"Ideal","E","SI2",61,55,10698,7.44,7.5,4.55
1.12,"Ideal","D","I1",60.6,55,4139,6.73,6.76,4.09
2.66,"Good","H","SI2",63.8,57,16239,8.71,8.65,5.54
0.63,"Ideal","E","VS2",60.8,57,2513,5.53,5.55,3.37
0.24,"Very Good","E","VVS2",62.4,58,552,3.96,3.99,2.48
0.3,"Ideal","F","VS2",61.8,56,605,4.3,4.31,2.66
0.37,"Very Good","H","VS2",61.2,54,537,4.62,4.7,2.85
0.77,"Ideal","E","VS1",62,56,3697,5.87,5.9,3.65
1.01,"Very Good","G","VS2",63.1,55,5294,6.38,6.36,4.02
0.73,"Ideal","E","VS2",61.6,56,3429,5.8,5.82,3.58
1.25,"Ideal","G","VVS2",62.2,55,10983,6.87,6.93,4.29
0.9,"Very Good","H","VVS2",62.9,58,4186,6.1,6.15,3.85
0.3,"Good","G","VVS2",63.5,56,684,4.29,4.34,2.74
1.1,"Ideal","I","VS1",60.8,58,5291,6.68,6.63,4.04
0.57,"Ideal","E","VS2",60.8,56,1819,5.4,5.35,3.27
0.71,"Premium","F","VS2",62.1,58,2777,5.67,5.7,3.53
1,"Fair","E","VS2",67,54,5729,6.23,6.18,4.16
0.3,"Premium","D","SI1",62.5,58,552,4.27,4.31,2.68
0.54,"Very Good","F","VS1",61.8,59,1653,5.15,5.22,3.21
1.5,"Ideal","G","SI2",62,57,8580,7.26,7.31,4.52
0.94,"Premium","D","VS1",62.3,58,5980,6.34,6.28,3.93
1.01,"Ideal","E","I1",62,57,3388,6.37,6.41,3.96
0.44,"Ideal","D","VVS1",60.6,56,2290,4.95,4.99,3.01
1.11,"Premium","F","VS2",61.9,58,7371,6.7,6.64,4.13
0.36,"Ideal","D","VS2",61.1,57,928,4.6,4.63,2.82
1.02,"Very Good","F","SI1",60.2,58,6195,6.49,6.54,3.92
0.43,"Very Good","F","SI2",58.3,62,633,4.91,4.97,2.88
1.2,"Very Good","J","SI1",61.8,57.7,5083,6.78,6.91,4.23
1.21,"Ideal","H","SI1",62.1,59,6573,6.81,6.75,4.21
0.51,"Ideal","D","VVS2",61.3,57,2718,5.14,5.17,3.16
0.31,"Premium","D","IF",60.2,59,1248,4.42,4.39,2.65
1.2,"Ideal","J","VS2",62.2,54,4106,6.84,6.8,4.24
1.07,"Ideal","G","VS1",62.1,57,7858,6.48,6.57,4.05
1.04,"Ideal","G","VS2",62.8,56,6542,6.48,6.42,4.05
1.71,"Ideal","J","VS1",62.4,56,10309,7.59,7.63,4.75
0.31,"Premium","I","VVS2",59.4,59,698,4.44,4.41,2.63
1.13,"Very Good","E","SI2",59.4,62,3967,6.78,6.83,4.04
1.02,"Very Good","F","SI2",58.7,63,3875,6.49,6.46,3.8
0.71,"Premium","F","VS1",58.6,62,3082,5.88,5.82,3.43
0.4,"Premium","F","VS1",61.4,58,982,4.73,4.75,2.91
0.32,"Premium","G","VS1",62.1,55,828,4.44,4.41,2.75
1.08,"Premium","E","VS2",59.4,59,7548,6.71,6.68,3.98
1.06,"Ideal","G","SI1",60.5,57,5393,6.64,6.59,4
1.54,"Ideal","G","VVS1",60.8,57,16316,7.49,7.45,4.54
0.52,"Very Good","F","VVS1",61.7,56,2205,5.17,5.22,3.2
0.31,"Premium","I","VVS2",61.6,59,698,4.33,4.31,2.66
1.5,"Fair","H","SI2",66,64,5000,7.1,6.97,4.64
0.4,"Premium","G","SI1",59.6,61,840,4.76,4.74,2.83
0.36,"Very Good","E","VS2",59.8,62,789,4.56,4.61,2.74
0.5,"Very Good","G","VVS1",60.9,57,1843,5.1,5.15,3.12
0.38,"Ideal","H","VVS2",62.3,53.3,832,4.65,4.69,2.91
1.14,"Premium","D","SI2",60.3,58,4972,6.79,6.71,4.07
0.91,"Very Good","G","VS2",62.3,59,5484,6.13,6.17,3.83
0.26,"Ideal","E","VVS2",62.9,58,554,4.02,4.06,2.54
0.74,"Premium","J","SI1",61.6,59,1931,5.82,5.77,3.57
0.71,"Very Good","E","SI2",63.1,56,2368,5.67,5.71,3.58
2.02,"Ideal","J","SI2",62.2,57,12736,8.11,8.18,5.07
0.71,"Ideal","E","VS2",62.2,56,3103,5.7,5.75,3.56
0.71,"Premium","H","SI1",62.4,62,2207,5.67,5.64,3.53
0.5,"Very Good","E","VS2",61.8,57,1547,5.05,5.11,3.14
0.34,"Premium","G","SI2",62.8,58,574,4.46,4.43,2.79
0.82,"Premium","J","SI1",61.2,58,2168,5.99,6.04,3.68
0.68,"Very Good","E","SI2",63.1,54.5,1821,5.61,5.64,3.55
0.36,"Ideal","D","SI1",61.6,56,663,4.54,4.58,2.81
0.5,"Premium","H","IF",61.4,61,1971,5.14,5.03,3.12
1.13,"Premium","H","VS1",58.9,58,6005,6.81,6.78,4
1,"Ideal","G","SI2",62.8,57,4284,6.37,6.31,3.98
0.43,"Very Good","E","SI1",63.1,56,948,4.83,4.8,3.04
0.3,"Very Good","F","SI1",62.8,56,500,4.24,4.26,2.67
1.19,"Premium","H","SI2",61.9,58,4332,6.84,6.77,4.21
1.57,"Premium","F","SI1",58.3,58,13288,7.72,7.68,4.49
0.32,"Ideal","D","VS1",61.1,56,707,4.44,4.47,2.72
0.9,"Fair","G","SI2",65.4,57,2376,6.01,5.97,3.98
0.72,"Premium","E","SI2",62.6,59,2376,5.74,5.7,3.58
0.3,"Premium","E","VS2",59.1,58,658,4.37,4.39,2.59
1.51,"Very Good","E","VS1",63.2,58,14904,7.24,7.16,4.55
0.31,"Premium","F","VS2",59.3,60,625,4.39,4.41,2.61
0.51,"Good","E","VVS2",60.7,57.7,2523,5.17,5.19,3.14
0.4,"Good","H","SI2",63.8,57,720,4.7,4.67,2.99
0.42,"Very Good","G","VVS2",58.5,63,1181,4.9,4.88,2.86
1.01,"Premium","G","SI1",62.6,60,4338,6.39,6.35,3.99
1.58,"Ideal","G","VS1",61.3,57,14624,7.48,7.54,4.6
0.3,"Ideal","E","VS2",62,57,603,4.26,4.29,2.65
1.52,"Fair","F","SI2",56.3,64,8938,7.68,7.62,4.31
1,"Fair","F","SI2",65.5,56,3146,6.3,6.19,4.09
0.7,"Good","H","VS2",63.9,59,2351,5.64,5.6,3.59
1.5,"Good","E","SI1",64.1,56,8820,7.21,7.14,4.6
0.7,"Good","G","VS1",63.5,61,2577,5.6,5.64,3.57
0.3,"Ideal","F","VS1",62.3,54,615,4.31,4.33,2.69
0.52,"Ideal","E","VS1",60,56,1883,5.25,5.29,3.16
0.39,"Very Good","J","VS1",61,62,616,4.66,4.71,2.86
0.24,"Very Good","F","VS1",63,59,419,3.93,3.97,2.49
0.28,"Very Good","D","VVS1",60.6,58,642,4.23,4.25,2.57
0.53,"Ideal","D","VS2",61.5,56,1857,5.17,5.23,3.2
0.74,"Very Good","G","SI2",62.8,59,2262,5.71,5.76,3.6
1.12,"Ideal","D","VS2",62,55,8279,6.63,6.66,4.12
1.28,"Ideal","H","I1",61.9,56,3355,6.95,6.91,4.29
0.7,"Fair","G","SI1",63.1,57,2150,5.64,5.58,3.54
0.8,"Very Good","G","SI1",62.9,56,3070,5.88,5.95,3.72
0.5,"Fair","E","VS2",79,73,2579,5.21,5.18,4.09
0.9,"Very Good","J","VS1",60.4,58,3358,6.22,6.27,3.77
0.74,"Fair","H","VS1",66.3,63,2193,5.63,5.5,3.69
0.83,"Very Good","D","SI2",63.1,57,2918,5.95,5.9,3.74
0.71,"Ideal","G","VS2",61.3,56,2803,5.75,5.71,3.51
0.39,"Premium","F","VVS1",62.7,57,1290,4.68,4.64,2.92
0.73,"Ideal","I","VS1",60.7,56,2397,5.85,5.81,3.54
1.5,"Ideal","E","SI1",62.6,56,10777,7.27,7.3,4.56
0.33,"Ideal","H","VVS2",60.9,57,666,4.48,4.52,2.74
1.1,"Very Good","I","SI2",62.8,57,4083,6.56,6.63,4.14
0.91,"Premium","J","SI1",62.8,59,2905,6.19,6.14,3.87
0.53,"Ideal","F","SI2",61.7,56,1142,5.23,5.24,3.23
1.59,"Ideal","I","SI1",60.2,57,9813,7.56,7.72,4.6
0.54,"Premium","G","VVS2",60.5,55,2090,5.28,5.24,3.18
0.3,"Ideal","E","VS2",62.3,56,658,4.28,4.32,2.68
0.9,"Ideal","G","VVS2",61.9,56,5242,6.22,6.15,3.83
0.52,"Ideal","I","VS2",62.3,54,1152,5.17,5.2,3.23
1.08,"Very Good","E","SI1",63.1,59,5189,6.53,6.49,4.11
2.04,"Very Good","I","SI2",60.9,57,14527,8.14,8.19,4.97
0.5,"Very Good","F","VS1",59.9,61,1550,5.13,5.16,3.08
0.9,"Premium","G","SI1",62.7,59,3841,6.1,6.14,3.84
0.51,"Ideal","F","VVS2",60.3,56,2138,5.2,5.23,3.15
1.51,"Premium","J","VS2",62.8,59,7553,7.2,7.17,4.51
0.9,"Premium","G","SI1",62.6,62,3669,6.08,6.06,3.8
1.55,"Premium","D","VS1",59.7,60,17773,7.62,7.56,4.53
0.7,"Ideal","F","VS2",61.6,57,2657,5.76,5.71,3.53
0.41,"Good","E","SI2",63.5,55,638,4.69,4.73,2.99
0.7,"Premium","I","SI2",62.1,60,1724,5.65,5.62,3.5
1.53,"Ideal","G","SI2",62.3,56,9468,7.39,7.34,4.59
1.07,"Ideal","I","SI1",62,55,4958,6.56,6.6,4.08
0.4,"Ideal","F","VVS1",62.3,54,1168,4.75,4.78,2.97
0.31,"Good","D","SI1",63.5,56,571,4.29,4.31,2.73
0.6,"Premium","D","VS2",59.6,59,2214,5.53,5.47,3.28
0.3,"Very Good","F","SI1",63.5,57,641,4.27,4.24,2.7
0.3,"Ideal","E","VS2",62.1,53.6,652,4.3,4.35,2.69
1.62,"Premium","I","VS1",61.7,59,10362,7.55,7.47,4.63
0.55,"Ideal","G","VS1",61.3,57,1667,5.25,5.28,3.23
1.51,"Ideal","J","VS1",61.9,56,8524,7.41,7.35,4.57
0.28,"Ideal","I","VS1",62,56,503,4.2,4.24,2.62
0.41,"Premium","D","SI1",62.1,59,791,4.74,4.76,2.95
0.5,"Ideal","D","VS1",62.4,53.7,2033,5.08,5.12,3.18
0.33,"Ideal","H","VVS2",62.2,54,854,4.46,4.44,2.77
0.51,"Premium","E","SI1",61.3,59,1624,5.15,5.13,3.15
0.4,"Very Good","J","SI1",58.9,59,603,4.84,4.87,2.86
0.31,"Ideal","D","VS2",62.1,54,734,4.34,4.36,2.7
0.42,"Ideal","G","VS1",61.3,57,984,4.81,4.78,2.94
0.33,"Ideal","H","VS1",60.2,57,579,4.5,4.54,2.72
0.55,"Ideal","D","VS2",61,56,1768,5.31,5.28,3.23
0.4,"Premium","G","VVS2",62,58,1050,4.74,4.68,2.92
1.04,"Ideal","I","VS2",61.8,55,5242,6.5,6.54,4.03
1.01,"Very Good","D","I1",63.4,61,2291,6.38,6.3,4.02
2.71,"Premium","E","SI2",60.4,59,17146,9.13,9.03,5.48
0.72,"Very Good","H","SI2",63.5,55,1799,5.66,5.62,3.58
0.5,"Ideal","J","VS2",61.6,57,1099,5.08,5.12,3.14
1.23,"Premium","I","SI2",62.1,59,4773,6.83,6.79,4.23
1.11,"Very Good","E","SI2",62.3,58,4307,6.64,6.68,4.15
0.53,"Ideal","H","VS2",62.5,56,1314,5.15,5.19,3.23
1,"Good","H","SI1",63.4,56,4389,6.34,6.37,4.03
0.31,"Very Good","H","VVS1",63,58,707,4.33,4.37,2.74
0.29,"Very Good","H","VS1",62.2,56,444,4.24,4.27,2.64
1.5,"Ideal","F","SI1",62.7,56,9347,7.25,7.35,4.58
1,"Good","I","VS1",63.8,56,4202,6.35,6.32,4.04
0.34,"Ideal","E","VS2",62.1,54,956,4.52,4.5,2.8
0.62,"Premium","F","SI1",61.3,60,1633,5.48,5.45,3.35
0.38,"Ideal","F","VS2",62,56,1026,4.66,4.63,2.88
0.7,"Ideal","H","VS1",61,56,2492,5.74,5.76,3.51
0.7,"Premium","G","SI1",63,56,2386,5.68,5.65,3.57
0.9,"Very Good","H","VS1",62.2,57,4324,6.1,6.15,3.81
0.71,"Ideal","J","VS1",62.3,55,2085,5.7,5.73,3.56
1.1,"Premium","H","SI2",62.2,58,4537,6.6,6.69,4.13
0.42,"Very Good","F","SI2",61.5,59,710,4.81,4.85,2.97
0.54,"Premium","G","VS2",62.7,58,1422,5.21,5.25,3.28
0.92,"Very Good","F","SI2",60.6,63,3534,6.34,6.25,3.81
0.71,"Good","D","VS2",63.6,54,4289,5.7,5.75,3.64
2.4,"Good","I","SI1",56.9,62,18541,8.87,8.81,5.03
0.3,"Premium","H","VS1",62.4,60,630,4.29,4.23,2.66
0.32,"Ideal","H","VVS2",61.9,53,619,4.42,4.44,2.74
0.41,"Ideal","G","VVS2",62.2,56,1007,4.75,4.8,2.97
0.38,"Premium","J","SI1",61.3,59,658,4.68,4.62,2.85
1,"Fair","H","SI2",65.2,54,2912,6.3,6.22,4.08
0.74,"Ideal","H","SI1",62.1,56,2375,5.86,5.84,3.63
0.71,"Ideal","F","VS2",62.3,57,2930,5.69,5.74,3.56
0.38,"Ideal","E","VS1",61.9,56,1000,4.63,4.67,2.88
0.53,"Ideal","E","VS2",61.3,55,1813,5.24,5.2,3.2
0.31,"Premium","G","VS1",62.8,58,802,4.3,4.27,2.69
0.71,"Ideal","G","VS2",61.8,56,3299,5.73,5.76,3.55
0.3,"Ideal","F","VS2",62.6,54,567,4.3,4.33,2.7
0.74,"Ideal","I","VS1",60.7,56,2631,5.86,5.9,3.57
0.9,"Good","H","SI1",64.2,59,3290,6.05,6.01,3.87
1,"Good","F","VS2",63.1,57,6223,6.32,6.36,4
0.26,"Premium","E","VVS2",60.8,61,724,4.13,4.12,2.51
0.9,"Good","H","SI1",58.9,61,3734,6.27,6.36,3.72
0.32,"Good","D","SI1",63.7,55,589,4.35,4.38,2.78
1.04,"Good","G","VS1",63.8,57,7049,6.4,6.43,4.09
0.9,"Premium","E","SI1",62.7,62,4092,6.22,6.1,3.85
0.38,"Premium","D","SI1",59.1,58,635,4.74,4.77,2.81
1.01,"Premium","H","VS2",61.2,59,4959,6.45,6.47,3.95
1.28,"Ideal","G","VVS1",62.1,56,11147,6.93,6.96,4.31
0.51,"Very Good","H","VS2",60.8,58,1414,5.12,5.17,3.13
0.88,"Good","I","SI1",60.2,64,2581,6.22,6.18,3.73
0.53,"Premium","G","VS2",59.9,60,1435,5.28,5.24,3.15
0.27,"Ideal","G","VS1",62.3,56,490,4.14,4.16,2.58
0.7,"Good","F","SI1",61.6,65,2401,5.71,5.66,3.5
1.51,"Good","J","SI1",62.4,64,7162,7.31,7.23,4.54
1.24,"Ideal","G","SI1",62.7,56,4916,6.89,6.85,4.31
0.5,"Premium","F","SI1",62.5,59,1409,5.03,4.99,3.13
0.32,"Ideal","G","VVS1",61.4,55,842,4.42,4.44,2.72
1.04,"Very Good","F","VS2",59.6,62,6166,6.56,6.62,3.93
1.02,"Very Good","F","SI2",61.1,62,3984,6.49,6.54,3.98
0.37,"Premium","F","SI2",60.2,60,624,4.7,4.6,2.8
1.5,"Very Good","D","VS2",63.6,55,14368,7.17,7.24,4.58
0.52,"Ideal","E","VS2",61.3,55,1712,5.18,5.2,3.18
1.31,"Ideal","F","SI1",61.6,55,9331,7.04,7.09,4.35
2.38,"Premium","H","VS1",60.9,59,18522,8.62,8.59,5.24
1.02,"Ideal","H","VVS2",62,56,6613,6.42,6.45,3.99
0.9,"Ideal","H","SI2",62,57,3516,6.19,6.17,3.83
0.33,"Ideal","G","IF",62.1,56,984,4.41,4.44,2.75
0.32,"Very Good","I","VS2",62.8,58,449,4.33,4.37,2.73
1,"Premium","E","VS1",61.4,59,7885,6.44,6.42,3.95
0.56,"Ideal","H","VVS2",60.9,57,1814,5.38,5.33,3.26
0.56,"Ideal","D","VS2",62.2,56,1929,5.28,5.26,3.28
1.02,"Premium","H","VS1",58.5,57,5569,6.65,6.61,3.88
0.57,"Premium","I","SI2",62.1,57,1097,5.33,5.29,3.3
1.2,"Ideal","H","VS2",62.6,56,6586,6.76,6.73,4.22
0.31,"Ideal","D","VS2",62.6,56,942,4.36,4.33,2.72
0.49,"Fair","E","VVS2",65.5,58,1705,4.91,4.86,3.2
0.56,"Very Good","H","SI1",63.2,57,1286,5.27,5.23,3.32
1.52,"Ideal","I","VS1",61.4,57,9483,7.42,7.38,4.54
0.32,"Good","F","SI1",61.6,60.1,528,4.38,4.4,2.71
1.5,"Premium","F","VS2",61.1,59,11255,7.37,7.35,4.5
0.4,"Ideal","G","VS1",61.8,57,868,4.73,4.75,2.93
0.32,"Premium","H","VS2",60.7,58,505,4.43,4.46,2.7
1.06,"Ideal","G","VS2",62.3,56,7255,6.49,6.54,4.06
1.04,"Very Good","J","VS2",59.5,59,4451,6.59,6.66,3.94
0.77,"Ideal","E","SI1",62.5,56,3000,5.87,5.91,3.68
0.38,"Good","G","VS2",58.8,62,771,4.68,4.71,2.76
0.51,"Good","F","VVS2",62.4,63,2195,5.05,5.08,3.16
0.41,"Ideal","E","SI1",62.7,57,755,4.74,4.77,2.98
0.38,"Premium","D","VVS2",61.9,56,1257,4.65,4.63,2.87
0.5,"Ideal","H","VVS2",61.6,57,1842,5.08,5.14,3.15
1.54,"Ideal","J","VVS2",62.8,58,9171,7.32,7.37,4.61
0.9,"Good","G","SI1",65,57,3615,5.96,6.01,3.89
0.7,"Ideal","F","VS1",61.6,54,2839,5.75,5.72,3.53
1.05,"Premium","G","SI2",62.6,62,4598,6.49,6.45,4.05
0.26,"Ideal","H","VS1",61.8,56,448,4.12,4.14,2.55
1.09,"Ideal","G","VS2",62.8,57,7292,6.54,6.58,4.12
1.03,"Ideal","H","SI1",62,56,5093,6.44,6.49,4.01
2.1,"Fair","F","SI2",64.7,61,15827,7.97,7.92,5.14
0.31,"Very Good","E","VVS2",64.2,55,721,4.24,4.3,2.74
0.34,"Very Good","D","VS2",60,59,730,4.5,4.56,2.72
1.17,"Premium","G","SI1",62.6,55,7731,6.75,6.7,4.21
0.72,"Ideal","F","SI2",61.9,57,2058,5.74,5.79,3.57
1.01,"Good","G","SI1",63.9,57,4672,6.37,6.3,4.05
0.92,"Ideal","I","SI1",61.8,57,3323,6.27,6.25,3.87
0.91,"Ideal","G","VS2",62.3,57,4257,6.18,6.24,3.87
0.7,"Premium","E","SI2",60.6,59,2307,5.76,5.73,3.48
0.35,"Ideal","D","VS2",61.8,56,1063,4.55,4.51,2.8
0.46,"Ideal","G","SI1",61.4,56,990,4.97,4.99,3.06
0.5,"Good","D","SI1",57.2,60,1235,5.25,5.2,2.99
0.31,"Ideal","F","VVS1",60.7,57,1140,4.41,4.39,2.67
2.02,"Premium","I","VS2",59,59,17893,8.34,8.27,4.9
0.31,"Very Good","H","VS2",63,57,489,4.32,4.34,2.73
0.74,"Ideal","F","VS1",62,54.8,3340,5.81,5.83,3.61
0.52,"Very Good","G","VS1",60.2,57,1618,5.22,5.26,3.15
0.51,"Very Good","E","VS1",62.8,57.1,1970,5.07,5.1,3.2
0.3,"Ideal","J","SI1",62.3,57,367,4.27,4.3,2.67
0.31,"Ideal","D","VVS2",62.4,56,766,4.34,4.38,2.72
1.24,"Premium","E","SI2",60.8,57,4278,6.98,6.94,4.23
1.3,"Fair","H","I1",64.4,57,2512,6.93,6.86,4.44
0.59,"Ideal","D","IF",60.9,57,4208,5.4,5.43,3.3
0.3,"Premium","D","VS2",62.8,59,911,4.28,4.26,2.68
1.04,"Ideal","G","VS2",61.4,57,6290,6.53,6.5,4
1.08,"Good","F","SI2",58,61,4391,6.72,6.77,3.91
0.94,"Very Good","F","SI2",62.4,58,3518,6.17,6.23,3.87
0.87,"Premium","F","SI2",61.6,58,2999,6.14,6.1,3.77
1.16,"Very Good","D","SI1",61.8,58,5695,6.72,6.78,4.17
0.56,"Good","F","VS1",63.2,61,1712,5.2,5.28,3.3
0.7,"Premium","F","VS2",60.9,61,2838,5.71,5.66,3.46
0.56,"Premium","E","SI2",62.6,59,1206,5.2,5.24,3.27
1.76,"Premium","I","SI2",62,58,10043,7.76,7.72,4.8
1.28,"Premium","I","SI1",59.4,61,3942,7.11,7.04,4.2
1.01,"Very Good","E","SI2",63.4,59,4299,6.32,6.26,3.99
0.32,"Premium","E","SI1",61.9,59,720,4.39,4.36,2.71
1.61,"Very Good","E","SI2",60.4,58,10580,7.59,7.64,4.6
0.73,"Ideal","G","VVS2",61.3,57,2869,5.84,5.81,3.57
1.07,"Premium","F","SI2",62.4,57,4573,6.58,6.53,4.09
0.32,"Premium","D","SI2",62.5,58,530,4.38,4.33,2.72
0.82,"Premium","H","VS1",62.3,60,2985,5.97,5.94,3.71
0.5,"Very Good","H","VS2",63.9,57,1387,5.04,5.07,3.23
0.51,"Ideal","E","SI1",62,55,1343,5.12,5.14,3.18
0.33,"Premium","E","SI1",60.9,58,579,4.46,4.5,2.73
0.55,"Ideal","E","VS1",62,56,2001,5.24,5.27,3.26
1.01,"Very Good","G","VVS2",63.3,57,6975,6.29,6.36,4.01
2,"Fair","H","I1",66.8,57,8064,7.81,7.72,5.19
0.32,"Premium","H","VS2",62.7,54,648,4.41,4.39,2.76
2,"Fair","H","SI1",65.1,59,13442,7.83,7.77,5.08
0.53,"Ideal","E","VS2",62.4,56,1813,5.2,5.16,3.23
0.9,"Good","G","VS2",63.2,58,3976,6.09,6.16,3.87
1.54,"Ideal","H","SI2",60.9,56,9624,7.45,7.43,4.53
0.54,"Ideal","G","VS1",61.4,57,1684,5.23,5.2,3.2
0.51,"Premium","D","SI1",62.3,57,1687,5.13,5.08,3.18
0.53,"Ideal","G","VVS1",61.8,56,1956,5.19,5.24,3.22
1.24,"Ideal","H","SI1",61.3,57,6254,6.95,6.89,4.24
0.41,"Ideal","D","VS1",62.3,56,1018,4.71,4.79,2.96
0.9,"Fair","H","SI1",65.4,56,3387,6.11,6.04,3.97
0.9,"Premium","H","VS2",60,59,3629,6.23,6.16,3.72
1.01,"Very Good","E","SI1",63.1,55,4853,6.41,6.34,4.02
0.71,"Premium","F","VS2",62.8,57,2801,5.69,5.64,3.56
1.22,"Ideal","I","SI1",61.7,55.2,6062,6.84,6.9,4.24
1.07,"Good","D","SI2",61,62,4710,6.6,6.68,4.05
1,"Very Good","E","VVS2",59.1,58,9815,6.5,6.57,3.86
1.25,"Ideal","G","VVS2",61.5,55,10636,6.92,6.94,4.26
0.57,"Very Good","F","VS2",59.5,57,1754,5.39,5.43,3.22
0.21,"Premium","D","VS2",60.6,60,386,3.85,3.81,2.32
0.33,"Ideal","G","VS2",61.2,55,579,4.46,4.49,2.74
2.01,"Very Good","H","SI2",63,59,15773,7.9,7.93,4.99
0.42,"Very Good","E","VS1",62.1,55,1105,4.81,4.85,3
1.13,"Premium","E","SI1",60.8,58,5179,6.77,6.71,4.1
1.53,"Ideal","D","VS2",62.7,54,17223,7.35,7.39,4.62
0.3,"Very Good","G","VVS1",60.7,57,691,4.35,4.37,2.65
0.51,"Very Good","H","VVS2",62.2,61,1577,5.06,5.1,3.16
1.23,"Good","G","SI1",63.1,56,6545,6.78,6.81,4.29
0.52,"Ideal","E","VS2",62.4,57,1621,5.12,5.14,3.2
0.38,"Premium","E","SI1",61.2,59,898,4.67,4.64,2.85
1.5,"Premium","E","VS2",62.3,60,14179,7.27,7.2,4.51
1.01,"Good","I","SI2",61.8,62,3399,6.28,6.35,3.9
0.55,"Premium","F","VS2",62.5,58,2376,5.25,5.22,3.27
0.3,"Very Good","D","SI1",62.6,59,476,4.24,4.26,2.66
0.23,"Ideal","F","VVS2",62,56,530,3.92,3.98,2.45
0.3,"Premium","G","VS1",60,60,776,4.33,4.3,2.59
0.61,"Ideal","F","VS2",62.4,55,2108,5.45,5.42,3.39
0.73,"Ideal","E","SI2",61,57,2434,5.81,5.87,3.56
1.01,"Ideal","E","SI2",61.5,55,5437,6.44,6.51,3.98
0.33,"Very Good","F","VVS1",62,56,859,4.41,4.44,2.74
0.56,"Very Good","E","VS2",62.1,57,1819,5.27,5.3,3.28
1.11,"Premium","G","VS2",61,59,5346,6.7,6.67,4.08
1.04,"Ideal","G","SI2",61.7,56,4455,6.57,6.52,4.04
0.91,"Ideal","E","SI2",62.2,57,3800,6.2,6.24,3.87
0.31,"Ideal","J","VS1",62.1,55,424,4.35,4.38,2.71
1.05,"Premium","F","VS2",62.3,59,7244,6.5,6.46,4.04
2.02,"Premium","H","SI1",62.1,61,16985,8.06,7.99,4.98
1.01,"Fair","G","SI1",66.9,56,4102,6.15,6.22,4.14
0.43,"Very Good","I","IF",61,56,998,4.9,4.93,3
0.72,"Ideal","F","SI2",61.2,54,2422,5.81,5.86,3.57
1.08,"Ideal","G","VS2",62.5,57,6561,6.56,6.6,4.11
0.63,"Premium","E","VVS1",60.9,60,2765,5.52,5.55,3.37
1.01,"Fair","D","SI1",66.9,54,4751,6.25,6.21,4.17
1.15,"Premium","F","SI2",61.1,57,5120,6.82,6.77,4.15
0.33,"Ideal","E","VS2",61.1,56,723,4.45,4.48,2.73
0.28,"Very Good","F","VS1",60.8,58,487,4.24,4.28,2.59
0.34,"Very Good","G","VS2",62.9,55,596,4.45,4.52,2.82
1.52,"Premium","G","VS2",62.7,58,13287,7.38,7.29,4.6
0.72,"Premium","F","SI2",59.3,57,2364,5.89,5.85,3.48
0.32,"Very Good","F","VVS2",62,55,717,4.38,4.42,2.73
0.41,"Good","E","VS1",62.8,58,827,4.67,4.7,2.94
0.29,"Good","E","VVS2",62.7,62,617,4.19,4.23,2.64
0.26,"Ideal","D","VVS2",61.4,55,777,4.1,4.17,2.54
0.9,"Good","I","SI2",64,55,2503,6.11,6.05,3.89
0.23,"Ideal","F","VVS1",62.4,55,505,3.94,3.95,2.46
1.26,"Premium","H","SI1",61.3,57,7056,7.01,6.93,4.27
0.25,"Ideal","H","IF",61.4,57,525,4.05,4.08,2.49
1,"Premium","D","SI1",61.3,61,5880,6.52,6.39,3.96
0.71,"Very Good","I","SI1",62.6,59,2218,5.67,5.7,3.56
0.32,"Ideal","E","VS2",62.1,56,702,4.4,4.43,2.74
1.01,"Good","E","VS2",63.7,56,6221,6.27,6.29,4
1.13,"Ideal","E","VVS2",61.4,57,11115,6.69,6.74,4.12
0.42,"Ideal","E","VVS2",62.3,55,1273,4.81,4.76,2.98
1.6,"Ideal","F","SI1",61.1,55,13140,7.55,7.58,4.62
0.53,"Ideal","D","SI1",61.7,56,1753,5.23,5.15,3.2
1.01,"Very Good","F","SI1",61.3,59,4969,6.44,6.47,3.96
1.51,"Ideal","G","SI1",61.6,57,11917,7.34,7.31,4.52
0.61,"Premium","I","VS2",58.8,58,1308,5.59,5.53,3.27
1.59,"Ideal","G","VVS1",59.9,56,16599,7.57,7.64,4.55
0.31,"Ideal","D","VVS2",60.9,57,997,4.42,4.38,2.68
0.4,"Ideal","G","IF",61.1,58,1229,4.72,4.74,2.89
0.5,"Ideal","E","VS1",62.5,57,1649,4.99,5.05,3.14
0.43,"Premium","G","VVS1",62.3,59,1264,4.83,4.77,2.99
1.27,"Premium","J","VS2",62.8,58,4011,6.96,6.92,4.36
1.51,"Premium","F","IF",60.5,61,18102,7.5,7.4,4.45
0.42,"Very Good","D","SI1",63,57,756,4.77,4.81,3.02
1.07,"Ideal","E","VS1",60,58,8998,6.66,6.7,4.01
2.01,"Ideal","H","SI1",61.5,55,14837,8.11,8.06,4.97
0.31,"Premium","G","SI1",60.4,58,593,4.42,4.39,2.66
0.3,"Ideal","G","VVS2",62.2,57,655,4.25,4.3,2.66
0.71,"Ideal","F","SI1",60.8,57,2487,5.75,5.8,3.51
1.06,"Ideal","F","SI1",61.2,55,4862,6.62,6.57,4.03
1.67,"Ideal","H","VS2",62.6,56,12945,7.55,7.57,4.73
0.52,"Premium","F","SI2",62.7,57,1073,5.11,5.07,3.19
0.7,"Fair","F","SI2",66.4,56,1564,5.51,5.42,3.63
0.72,"Premium","D","VS1",62.7,56,3601,5.76,5.69,3.59
1,"Premium","G","VS1",60.9,60,6097,6.45,6.42,3.92
0.36,"Premium","D","SI2",60,58,537,4.58,4.62,2.76
1.21,"Ideal","G","VVS1",61.5,56,11572,6.83,6.89,4.22
0.4,"Ideal","J","IF",62.5,56,758,4.7,4.74,2.95
0.36,"Premium","E","VS2",59.3,59,1013,4.68,4.6,2.75
0.31,"Ideal","G","VVS1",61.5,55,789,4.39,4.42,2.71
0.75,"Fair","D","SI2",64.6,57,2848,5.74,5.72,3.7
0.72,"Ideal","H","VVS1",62,55,2958,5.74,5.77,3.57
1.01,"Good","D","VS2",64.5,58,6449,6.27,6.31,4.06
0.6,"Very Good","F","SI1",63.2,57,1599,5.39,5.33,3.39
0.34,"Very Good","G","VVS2",61.7,56,775,4.47,4.51,2.77
1.2,"Premium","H","SI1",58.9,60,6129,7.02,6.94,4.11
0.7,"Premium","H","VS1",62.8,60,2367,5.61,5.56,3.51
0.32,"Ideal","I","VVS2",61.5,56,720,4.42,4.4,2.71
0.8,"Very Good","F","VS2",61.3,55,3954,5.93,6.01,3.66
1.5,"Premium","F","VS2",62.8,58,13680,7.21,7.16,4.51
1.29,"Premium","G","VS2",58.7,58,8842,7.27,7.11,4.22
0.9,"Very Good","G","SI2",59.8,61,3842,6.32,6.28,3.77
1.31,"Premium","G","VS2",61.3,58,9085,7.05,7.01,4.31
0.23,"Ideal","D","VVS2",62.1,57,530,3.92,3.97,2.45
0.51,"Premium","F","VS1",61.4,58,1836,5.18,5.15,3.17
1,"Ideal","F","VS1",61.7,55,7056,6.42,6.39,3.95
2.29,"Premium","H","VS2",61.6,60,17539,8.45,8.43,5.2
0.71,"Very Good","F","VVS1",62.7,58,3626,5.67,5.72,3.57
1.93,"Ideal","F","SI1",59.5,60,18306,8.1,8.13,4.83
0.31,"Very Good","H","VVS2",61.9,58,625,4.33,4.36,2.69
0.32,"Very Good","G","IF",62.9,55,954,4.37,4.41,2.76
0.31,"Premium","G","SI1",61.7,55,593,4.38,4.37,2.7
1.74,"Ideal","F","SI1",62.4,57,14775,7.68,7.64,4.78
0.57,"Ideal","E","SI2",62.1,55,1244,5.34,5.36,3.32
1.04,"Premium","E","VVS1",60.9,58,11279,6.53,6.61,4
0.28,"Premium","G","VVS2",60.2,60,646,4.26,4.24,2.56
0.3,"Ideal","G","IF",61,57,863,4.31,4.34,2.64
0.41,"Ideal","F","SI1",61.2,58,764,4.76,4.81,2.93
2.4,"Ideal","J","SI1",60.6,57,16274,8.62,8.76,5.26
0.78,"Ideal","F","SI1",62.4,54,2700,5.95,5.9,3.7
0.31,"Ideal","D","SI1",63,55,732,4.34,4.32,2.73
0.41,"Very Good","F","VS1",60.8,58,1007,4.76,4.82,2.91
0.32,"Ideal","H","VVS1",62.2,56,936,4.38,4.37,2.72
1.03,"Very Good","I","SI2",63.5,58,5884,6.38,6.4,4.06
0.31,"Good","E","SI1",63.2,59,544,4.28,4.33,2.72
0.27,"Very Good","D","VS1",62.2,58,413,4.14,4.15,2.58
1.4,"Ideal","G","VVS1",60.8,57,15134,7.21,7.23,4.39
0.51,"Very Good","G","VS1",59.6,58,1741,5.21,5.22,3.11
0.31,"Ideal","D","VS1",61.6,54,696,4.33,4.37,2.68
0.43,"Premium","F","VS2",61.3,59,968,4.84,4.81,2.96
1.08,"Premium","F","SI2",60.2,59,4407,6.6,6.65,3.99
0.71,"Ideal","H","SI2",61.5,56,2122,5.71,5.74,3.52
0.7,"Ideal","F","SI1",60.7,57,2833,5.73,5.75,3.49
1.23,"Very Good","E","VVS1",61.2,59,15878,6.9,6.98,4.25
0.71,"Ideal","G","VS2",61.9,57,2771,5.73,5.77,3.56
0.33,"Ideal","H","SI2",61.1,57,433,4.46,4.48,2.73
0.37,"Premium","F","SI2",60.7,57,624,4.67,4.62,2.82
0.74,"Good","E","VS2",63.5,56,3163,5.75,5.8,3.67
0.7,"Good","D","SI1",63.6,60,2512,5.59,5.51,3.51
1.01,"Ideal","G","IF",61.5,58,8869,6.44,6.47,3.97
0.34,"Ideal","G","VS2",62,55,596,4.46,4.48,2.77
0.91,"Good","H","SI1",63.9,60,3485,6.08,6.13,3.9
1.11,"Premium","I","I1",61.8,59,3183,6.65,6.58,4.09
1.09,"Very Good","G","VS1",62.5,59,6546,6.56,6.59,4.11
0.32,"Ideal","G","VS2",61.4,56,561,4.37,4.39,2.69
0.51,"Premium","G","VS2",61.3,59,1343,5.11,5.17,3.15
2,"Premium","H","SI2",61.4,59,11108,8.07,8,4.93
0.78,"Ideal","J","VS2",62.3,55,2456,5.88,5.91,3.67
1.02,"Very Good","H","VS1",61.4,56.5,6204,6.44,6.47,3.97
1.01,"Very Good","I","SI1",63.3,54,4749,6.34,6.36,4.02
0.9,"Good","F","SI2",65.9,60,3465,5.98,6.01,3.95
0.31,"Premium","F","VS2",59,59,802,4.47,4.44,2.63
1.2,"Ideal","G","VVS1",61.2,56,9570,6.89,6.86,4.21
0.31,"Ideal","D","VVS2",61,55,1074,4.38,4.41,2.68
0.4,"Good","E","SI1",63.9,58,687,4.63,4.67,2.97
1.2,"Ideal","E","VVS1",60.1,61,15185,6.83,6.91,4.13
0.7,"Ideal","F","VS2",61,55,3468,5.74,5.79,3.52
0.31,"Ideal","J","VS2",61.8,54.1,400,4.35,4.38,2.7
0.3,"Ideal","E","VVS1",61.2,57,956,4.36,4.33,2.66
0.51,"Premium","E","SI1",60.8,57,1546,5.24,5.19,3.17
0.55,"Ideal","D","SI1",60.6,56,1692,5.27,5.32,3.21
1.37,"Ideal","I","SI2",62.2,56,6401,7.07,7.14,4.42
0.35,"Premium","I","VS2",61.2,58,630,4.57,4.55,2.79
0.53,"Ideal","H","VS2",61.4,56,2031,5.2,5.23,3.2
2.51,"Premium","J","VS2",62.2,58,18020,8.73,8.67,5.41
0.6,"Ideal","G","VS1",61.3,57,2105,5.4,5.47,3.33
0.55,"Premium","F","SI1",61.9,59,1617,5.29,5.24,3.26
0.53,"Ideal","F","VVS2",62.3,56,1943,5.2,5.24,3.25
1.23,"Ideal","G","VVS1",61.8,56,10572,6.8,6.89,4.24
0.36,"Premium","D","VS2",61.8,58,1094,4.58,4.55,2.82
1.23,"Very Good","F","VVS2",62.4,58,10835,6.74,6.89,4.26
0.43,"Ideal","D","SI1",62.5,55,774,4.8,4.83,3.01
0.61,"Good","F","VS1",60.6,60.3,2120,5.46,5.51,3.32
1.22,"Premium","E","SI2",62.1,56,4974,6.89,6.83,4.26
0.53,"Ideal","G","VS1",62.7,55,1813,5.18,5.16,3.24
0.38,"Ideal","I","VVS2",62.6,54,766,4.62,4.65,2.9
0.55,"Ideal","D","SI2",60.9,57,1363,5.26,5.29,3.21
2.02,"Premium","E","SI2",59.9,58,13677,8.18,8.14,4.89
0.42,"Ideal","D","SI1",61.7,56,810,4.79,4.83,2.97
1.26,"Very Good","H","VS2",63.1,58,5849,6.91,6.81,4.34
1.01,"Good","F","VS1",64,56,5786,6.37,6.32,4.06
0.7,"Very Good","H","SI1",62.1,59,2213,5.62,5.66,3.5
0.53,"Very Good","E","VS1",63,56,1776,5.13,5.16,3.24
1.24,"Ideal","I","SI2",61.9,57,5221,6.87,6.92,4.27
1.52,"Ideal","H","VS1",60.1,60,11946,7.54,7.51,4.52
1.52,"Premium","H","SI1",60.1,60,9959,7.45,7.39,4.46
1.51,"Premium","E","SI1",63,58,8836,7.4,7.27,4.62
1.06,"Ideal","F","SI1",62.2,57,5613,6.52,6.5,4.05
0.9,"Premium","F","SI1",62.6,60,3881,6.14,6.1,3.83
2.2,"Good","H","SI2",63.6,58,13919,8.21,8.17,5.21
0.7,"Ideal","F","VVS2",61.7,55,4114,5.7,5.74,3.53
0.33,"Premium","E","VS2",61,60,928,4.46,4.43,2.71
1.14,"Good","G","SI2",63.7,58,4501,6.62,6.54,4.19
0.32,"Ideal","E","VVS1",61.2,55,892,4.4,4.45,2.71
0.33,"Ideal","E","VVS1",61.2,55,1174,4.48,4.51,2.75
1.58,"Premium","I","VS1",61.1,59,10618,7.52,7.44,4.57
1.61,"Ideal","F","VS2",62.1,57,15819,7.49,7.56,4.67
0.29,"Very Good","G","VVS2",61.9,56,541,4.27,4.3,2.65
0.53,"Ideal","E","VS2",60.8,55,1707,5.26,5.3,3.21
0.3,"Ideal","F","SI1",62.3,56,461,4.27,4.3,2.67
0.32,"Ideal","G","VS1",61.2,56,645,4.41,4.45,2.71
0.6,"Premium","D","SI1",60.4,60,1996,5.48,5.44,3.3
1.73,"Premium","F","SI2",63,60,8816,7.63,7.52,4.77
0.32,"Ideal","F","IF",62.2,55,1010,4.38,4.4,2.73
1.1,"Premium","I","SI2",62.6,59,4269,6.57,6.53,4.1
0.3,"Ideal","E","VS2",62.4,56,844,4.28,4.25,2.66
0.59,"Premium","H","VS2",60.7,56,1572,5.46,5.41,3.3
2.03,"Very Good","J","VVS2",63.2,60,16043,7.94,7.88,5
0.57,"Ideal","E","VS2",61.6,56,1949,5.38,5.33,3.3
2.06,"Good","H","I1",64.3,58,6091,8.03,7.99,5.15
1.02,"Very Good","D","SI1",64.2,58,5803,6.32,6.35,4.07
0.61,"Very Good","D","VS2",61.5,57,2266,5.45,5.48,3.36
1.01,"Good","G","VS2",63.9,54,5701,6.37,6.31,4.05
1.51,"Premium","H","VS2",62.8,60,11268,7.28,7.25,4.56
1.54,"Premium","D","VS2",62.7,59,16921,7.33,7.29,4.58
0.9,"Premium","D","SI1",62.4,61,4612,6.17,6.13,3.84
1.35,"Good","I","SI2",57.9,60,4423,7.33,7.29,4.23
0.4,"Premium","H","VS1",61.3,59,1021,4.79,4.74,2.92
1.7,"Premium","I","VS2",60.5,61,11369,7.68,7.65,4.64
0.46,"Ideal","G","VVS1",61.5,55,1412,4.97,5.01,3.07
0.32,"Ideal","H","VS1",61.3,55,561,4.41,4.43,2.71
2.01,"Very Good","I","SI2",60.5,59,14637,8.19,8.26,4.98
0.7,"Ideal","E","SI1",62.8,55,2677,5.65,5.69,3.56
1.02,"Premium","F","SI2",63,58,4238,6.44,6.38,4.04
0.51,"Ideal","E","SI1",62.3,56,1443,5.15,5.12,3.2
1.1,"Very Good","F","SI1",60.5,60,5667,6.65,6.67,4.03
0.32,"Ideal","D","VVS1",61.8,56,973,4.4,4.37,2.71
1.2,"Premium","E","VVS2",62.3,59,12787,6.83,6.79,4.24
0.7,"Ideal","D","SI2",60.4,56,2551,5.78,5.81,3.5
0.41,"Ideal","D","SI1",62.2,57,1015,4.76,4.7,2.94
0.66,"Very Good","E","VS2",63.3,56.3,2443,5.47,5.55,3.48
2.01,"Very Good","H","SI1",60,58,17095,8.16,8.25,4.92
1.62,"Good","J","SI2",64.2,62,6223,7.41,7.33,4.73
1.01,"Premium","H","VS2",62.1,57,5120,6.45,6.39,3.99
1.03,"Premium","E","VS2",62.5,59,6072,6.42,6.44,4.02
0.4,"Good","E","SI1",63.5,55,687,4.67,4.71,2.98
1.54,"Ideal","I","VS1",61.5,56,11651,7.42,7.47,4.58
1.07,"Premium","F","SI1",62.5,59,5436,6.57,6.52,4.09
0.5,"Ideal","G","VS1",62,55,1746,5.11,5.05,3.15
2.01,"Fair","G","SI2",65.9,57,10887,7.85,7.78,5.15
0.41,"Ideal","F","VS2",62.1,56,1107,4.79,4.74,2.96
0.53,"Ideal","G","VVS2",62.2,54,2051,5.22,5.17,3.23
0.43,"Ideal","F","VS2",61.4,54,848,4.9,4.93,3.02
0.58,"Ideal","I","VS2",62,54,1279,5.35,5.39,3.33
0.41,"Premium","G","VS2",61.9,59,827,4.73,4.77,2.94
1.13,"Ideal","F","VS2",62.1,56,7504,6.71,6.65,4.15
1.43,"Premium","D","VS2",62.6,59,13873,7.19,7.21,4.51
0.35,"Ideal","F","VS1",62.4,55,853,4.52,4.49,2.81
0.4,"Premium","D","VVS2",60.4,59,1263,4.76,4.77,2.88
1.06,"Ideal","G","VVS2",61.4,56,9645,6.56,6.62,4.04
0.71,"Fair","J","VS2",64.9,54,1435,5.63,5.53,3.62
0.3,"Ideal","G","IF",62.1,55,863,4.32,4.35,2.69
0.32,"Very Good","E","VS2",61.3,57,656,4.38,4.41,2.69
1.01,"Very Good","H","SI1",59.8,61,4680,6.54,6.51,3.9
0.61,"Ideal","G","VS1",60.9,57,2167,5.46,5.5,3.34
0.7,"Premium","D","VS1",62.5,60,3471,5.62,5.67,3.53
0.51,"Ideal","H","VS1",61.2,55,1780,5.17,5.19,3.17
0.41,"Very Good","I","SI2",63.5,57,692,4.72,4.7,2.99
0.91,"Premium","D","SI1",63,59,4352,6.15,6.11,3.86
0.7,"Ideal","F","SI1",61.8,58,2343,5.7,5.75,3.54
0.3,"Ideal","G","VVS2",62.2,55,684,4.29,4.33,2.68
0.32,"Ideal","F","VVS1",61.5,56,912,4.41,4.43,2.72
0.31,"Ideal","G","VS1",61.9,56,695,4.38,4.34,2.7
0.56,"Premium","D","SI1",61,60,1605,5.28,5.25,3.21
1.02,"Ideal","G","VS2",62.5,58,6410,6.36,6.44,4
1.06,"Ideal","F","SI2",60.7,57,4568,6.57,6.61,4
0.42,"Very Good","F","VVS1",63,59,1154,4.75,4.81,3.01
0.92,"Good","D","SI2",57.8,63,3277,6.4,6.36,3.69
0.8,"Very Good","E","VVS2",62.8,57,4893,5.93,5.95,3.73
0.9,"Good","E","SI1",58.3,61,4165,6.24,6.29,3.65
1.01,"Fair","F","SI2",65.3,59,4317,6.28,6.24,4.09
1.11,"Premium","F","SI2",58.9,60,4612,6.8,6.74,3.99
0.62,"Very Good","E","SI2",58.8,63,1624,5.58,5.61,3.29
0.53,"Premium","E","SI2",59.9,58,984,5.31,5.27,3.17
0.9,"Good","F","SI2",61.9,62,3267,6.07,6.12,3.77
1.01,"Premium","G","SI1",60.2,58,4072,6.48,6.44,3.89
1.7,"Premium","G","SI2",58.9,62,10091,7.79,7.72,4.57
0.31,"Ideal","D","VS2",60.7,57,803,4.37,4.4,2.66
1.07,"Ideal","D","SI1",60.7,57,6587,6.61,6.64,4.02
0.61,"Premium","D","VS2",62.3,55,2251,5.47,5.42,3.39
0.32,"Ideal","G","VVS2",62.4,54,730,4.37,4.38,2.73
0.53,"Ideal","G","SI1",62.3,55,1308,5.13,5.24,3.23
0.91,"Ideal","E","SI2",61.5,56,3898,6.23,6.2,3.82
1.11,"Premium","G","VS2",59,59,6713,6.79,6.76,4
0.7,"Ideal","E","SI2",61,56,2376,5.78,5.72,3.51
0.3,"Ideal","I","VS1",62.5,54,608,4.32,4.29,2.69
0.73,"Ideal","G","SI1",62.1,54,2351,5.81,5.76,3.59
1.05,"Ideal","E","SI1",60.7,55,6316,6.62,6.67,4.03
0.56,"Fair","E","SI1",64.5,61,1358,5.22,5.09,3.33
0.56,"Premium","G","SI1",60.2,59,1340,5.34,5.36,3.22
0.9,"Premium","D","SI2",58.8,59,3579,6.28,6.24,3.68
0.9,"Fair","I","SI1",65.3,61,2873,5.98,5.94,3.89
0.31,"Ideal","D","SI1",62.3,56,548,4.32,4.35,2.7
0.54,"Ideal","I","VS1",61.5,56,1147,5.24,5.26,3.23
0.46,"Ideal","I","SI1",61.9,55,850,4.97,4.98,3.08
0.3,"Premium","I","VS1",60.3,58,473,4.32,4.34,2.61
1.07,"Ideal","G","VS1",61.8,55,7069,6.55,6.59,4.06
0.5,"Premium","E","VS2",61.4,58,1746,5.12,5.07,3.13
0.33,"Ideal","D","VS2",62.1,55,781,4.43,4.46,2.76
1.2,"Very Good","F","SI2",62.8,57,5880,6.73,6.78,4.24
0.4,"Ideal","G","VVS2",62.4,56,1050,4.74,4.72,2.95
0.3,"Very Good","D","VVS2",59.6,61,880,4.39,4.34,2.6
1.7,"Ideal","H","SI2",61.9,59,9864,7.59,7.67,4.72
1.01,"Premium","G","SI1",63,58,4525,6.35,6.29,3.98
0.72,"Premium","D","SI1",61.4,59,2903,5.79,5.71,3.53
0.37,"Very Good","F","VS2",63.3,56,957,4.63,4.56,2.91
0.35,"Ideal","E","SI1",62.3,56,614,4.53,4.56,2.83
1.18,"Ideal","D","I1",61.5,62,3886,6.88,6.73,4.19
0.92,"Good","D","SI1",63.6,57,4086,6.14,6.09,3.89
0.72,"Ideal","E","SI1",62,57,2476,5.72,5.66,3.53
1.01,"Very Good","F","SI2",62.1,58,4332,6.35,6.41,3.96
1.62,"Ideal","F","VS1",61.7,55,14386,7.58,7.53,4.66
0.56,"Ideal","F","SI1",61.4,57,1340,5.28,5.3,3.25
0.35,"Very Good","F","VVS1",61.6,56,966,4.53,4.55,2.79
1.01,"Good","E","SI2",63.7,58,4666,6.32,6.36,4.04
1.01,"Ideal","G","VS2",59.7,57,6024,6.49,6.44,3.86
0.35,"Ideal","D","SI2",61.8,57,669,4.57,4.53,2.81
1.51,"Very Good","F","SI2",63.2,60,8462,7.2,7.27,4.57
0.51,"Ideal","G","VVS2",62.7,55,1976,5.08,5.1,3.19
0.7,"Good","D","SI2",63.3,56,2264,5.6,5.65,3.56
1.1,"Ideal","H","SI2",62.6,56,4537,6.57,6.65,4.14
0.7,"Very Good","G","VS1",63.2,56,2535,5.61,5.56,3.53
1.31,"Premium","E","SI1",62.4,58,8767,7.03,6.95,4.36
1.07,"Ideal","D","VS1",61.8,57,9077,6.55,6.58,4.06
1.05,"Ideal","J","VS1",60.6,56,3528,6.59,6.55,3.98
1.52,"Premium","J","VS2",62,59,7758,7.28,7.31,4.52
1.21,"Ideal","I","VVS2",61.3,56,7938,6.83,6.87,4.2
0.54,"Ideal","F","VS2",62.2,57,1786,5.24,5.21,3.25
0.7,"Very Good","F","VS2",63.9,59,2552,5.56,5.61,3.57
0.3,"Very Good","D","SI1",62.5,57,552,4.26,4.28,2.67
0.35,"Ideal","I","VS2",62.5,57,630,4.53,4.5,2.82
0.51,"Very Good","G","VS2",62.7,58,1438,5.09,5.12,3.2
0.9,"Good","F","SI1",64.3,57,3427,6.08,6.01,3.89
0.3,"Very Good","E","VS1",61.7,56,755,4.3,4.33,2.66
0.3,"Ideal","F","VS2",60.7,56,776,4.34,4.32,2.63
1.01,"Premium","D","SI2",61,62,4939,6.43,6.39,3.91
2.29,"Premium","J","IF",61.4,60,18594,8.49,8.45,5.2
0.42,"Ideal","G","VVS1",61.6,55,1235,4.85,4.82,2.98
1.01,"Ideal","J","SI2",59,59,3982,6.57,6.61,3.89
0.29,"Very Good","E","VS1",60.4,58,499,4.28,4.33,2.6
1.1,"Ideal","G","VVS2",61,56,9856,6.69,6.73,4.09
2.55,"Premium","I","SI2",62.9,58,14351,8.7,8.59,5.44
0.61,"Very Good","I","IF",60.2,57,2057,5.49,5.58,3.33
1.54,"Premium","J","VVS2",61.1,59,8652,7.45,7.4,4.54
0.41,"Ideal","F","VVS2",61,56,1115,4.78,4.82,2.93
0.2,"Premium","E","VS2",59.8,62,367,3.79,3.77,2.26
1.01,"Very Good","I","VS2",60.9,59,5067,6.42,6.45,3.92
0.57,"Very Good","J","VS1",62.9,57,1270,5.25,5.28,3.31
0.3,"Ideal","G","VVS2",62.4,57,665,4.27,4.29,2.67
0.51,"Ideal","D","VS2",61.6,57,2056,5.19,5.14,3.18
0.39,"Ideal","J","VS2",61.2,56,642,4.71,4.74,2.89
1.52,"Premium","H","SI1",62.1,59,9527,7.29,7.36,4.55
0.73,"Very Good","E","SI1",61.6,59,2760,5.77,5.78,3.56
0.65,"Ideal","E","VS1",61.4,59,2533,5.53,5.57,3.41
0.64,"Ideal","G","SI2",62.2,53,1175,5.54,5.56,3.45
0.58,"Ideal","D","VS1",61.8,56,2211,5.34,5.37,3.31
0.32,"Ideal","H","VS1",62.1,55,524,4.39,4.4,2.73
1.08,"Ideal","H","SI1",62.2,57,4333,6.56,6.6,4.09
1.02,"Good","G","VS1",64.3,57,6059,6.34,6.28,4.06
1.03,"Premium","J","SI1",61.1,61,3749,6.49,6.44,3.95
1.12,"Ideal","G","VS2",62.1,57,6322,6.63,6.6,4.11
1.01,"Ideal","H","SI1",62.1,56,4886,6.38,6.47,3.99
1.2,"Good","J","VS2",63.7,58,4548,6.68,6.61,4.23
0.41,"Premium","G","SI1",62.6,59,923,4.77,4.72,2.97
0.79,"Ideal","E","SI1",61.9,55,3256,5.97,5.89,3.67
0.91,"Very Good","D","VS2",62.7,59,4720,6.13,6.16,3.85
0.72,"Ideal","E","SI1",62.7,55,2886,5.64,5.69,3.55
0.36,"Ideal","E","VS1",62,56,1094,4.59,4.57,2.84
0.4,"Ideal","J","SI1",61.2,56,820,4.77,4.81,2.93
0.5,"Premium","G","VVS2",59.6,60,1935,5.18,5.15,3.08
0.45,"Very Good","G","VVS1",60,57,1193,4.99,5.02,3
0.31,"Premium","H","IF",60.8,59,949,4.39,4.36,2.66
0.38,"Premium","I","VS2",62.5,58,812,4.61,4.58,2.87
2,"Ideal","I","SI2",61.1,59,13921,8.07,8.11,4.94
0.42,"Very Good","G","SI1",61.9,55,798,4.78,4.88,2.99
0.9,"Ideal","J","SI1",62.7,56,3445,6.21,6.16,3.88
0.34,"Premium","G","VS2",61.2,58,596,4.46,4.5,2.74
0.92,"Premium","I","SI1",62.9,60,3190,6.18,6.13,3.87
0.91,"Very Good","F","SI1",62.3,58,4785,6.14,6.19,3.84
0.31,"Premium","D","VS1",59.6,58,683,4.38,4.41,2.62
0.32,"Premium","F","SI1",60,59,533,4.42,4.45,2.66
0.7,"Fair","F","VS2",65.5,57,2369,5.55,5.41,3.59
0.42,"Ideal","E","VS2",62.3,55,1024,4.83,4.77,2.99
0.8,"Ideal","F","VS1",61.2,56,3860,5.98,6.01,3.67
1.02,"Premium","G","VS2",61.5,59,5250,6.4,6.45,3.95
0.75,"Ideal","E","SI1",62.1,55,3170,5.81,5.85,3.62
0.72,"Premium","J","SI1",62.1,59,1987,5.75,5.71,3.56
0.5,"Ideal","H","IF",61.1,58,1844,5.1,5.14,3.13
1.71,"Good","I","SI1",63.2,57,9881,7.49,7.53,4.75
0.53,"Very Good","J","VS2",62.4,58,1124,5.15,5.24,3.24
0.42,"Ideal","D","SI1",61.5,56,1040,4.85,4.81,2.97
2.15,"Ideal","H","SI2",60.3,59,16146,8.34,8.41,5.05
1.15,"Ideal","G","SI1",61.7,56,5224,6.72,6.76,4.16
0.72,"Ideal","E","VVS1",61.4,57,4864,5.74,5.79,3.54
1.52,"Premium","H","VS2",59.4,59,11105,7.45,7.49,4.44
0.54,"Good","D","SI1",57.9,60,1767,5.36,5.39,3.11
1.51,"Ideal","G","VS1",60.6,57,14507,7.48,7.38,4.5
0.41,"Premium","E","SI2",60,59,876,4.82,4.78,2.88
1.51,"Very Good","J","VS2",60.2,59,7418,7.35,7.36,4.43
0.41,"Good","E","VS2",63.1,64,981,4.66,4.63,2.93
0.47,"Ideal","E","SI2",61.5,55,931,4.98,5.04,3.08
1,"Premium","F","SI1",62.4,58,3528,6.39,6.27,3.95
0.75,"Good","E","SI2",62.3,58,2702,5.78,5.81,3.61
0.31,"Ideal","E","VS1",61.6,55,722,4.39,4.41,2.71
0.24,"Ideal","F","VVS1",61.8,59,526,4,4.03,2.48
0.3,"Good","D","SI1",63.1,56,515,4.24,4.28,2.69
0.31,"Premium","F","SI2",63,58,523,4.36,4.34,2.74
0.3,"Very Good","I","VS1",63.4,54,608,4.32,4.29,2.73
0.36,"Ideal","G","SI1",62.7,55,689,4.59,4.54,2.86
2,"Very Good","J","SI1",60.8,58,12768,7.99,8.07,4.88
1.14,"Premium","J","SI1",62.4,59,3792,6.7,6.62,4.16
0.41,"Ideal","E","VS2",62.4,54,999,4.79,4.76,2.98
0.34,"Ideal","D","VVS1",61.7,56,1133,4.46,4.48,2.76
2,"Ideal","I","SI2",59.8,55,11255,8.28,8.18,4.92
1.56,"Very Good","J","SI2",58.3,63,6996,7.64,7.7,4.47
0.91,"Ideal","D","VS2",60.9,57,6444,6.26,6.32,3.83
1.7,"Ideal","H","I1",62.6,54,7197,7.63,7.58,4.77
0.72,"Very Good","J","VVS2",63,59,2144,5.7,5.72,3.6
0.3,"Premium","G","SI2",62.3,59,506,4.29,4.25,2.66
1.61,"Ideal","H","VS2",61.8,56,13873,7.48,7.52,4.63
2.01,"Ideal","I","VS1",62.5,56,17068,8.08,8.02,5.03
0.39,"Ideal","E","VVS2",62.1,54.6,1100,4.67,4.7,2.91
0.31,"Ideal","D","SI1",61.7,57,571,4.34,4.38,2.69
0.46,"Ideal","G","VVS2",62.4,54.4,1306,4.93,4.98,3.09
1.03,"Premium","F","SI2",60.7,60,4586,6.52,6.47,3.94
0.7,"Ideal","H","SI1",62,55,2184,5.71,5.68,3.53
0.71,"Ideal","F","VS1",61.1,57,3013,5.76,5.82,3.54
0.7,"Premium","D","SI2",60,60,2596,5.72,5.56,3.5
0.51,"Very Good","D","SI2",60.3,57,1204,5.15,5.17,3.11
1.01,"Fair","F","SI2",60.1,66,3597,6.44,6.41,3.86
0.42,"Ideal","G","VVS2",62.4,55,1103,4.82,4.79,3
0.51,"Fair","G","SI1",65.2,55,1071,5.04,5.02,3.28
0.42,"Very Good","H","SI1",63.1,57,898,4.78,4.76,3.01
1.03,"Premium","F","VVS1",59.7,60,10546,6.63,6.57,3.94
0.91,"Premium","E","VS2",62.8,59,4739,6.17,6.15,3.87
1.51,"Ideal","H","VS1",62.6,56,11580,7.28,7.32,4.57
1.05,"Ideal","G","VS1",62.2,53,7270,6.51,6.55,4.06
0.33,"Ideal","F","VVS2",60.7,57,824,4.48,4.51,2.73
0.92,"Premium","J","SI1",62.9,58,2858,6.22,6.18,3.9
0.32,"Ideal","F","SI2",61.7,56,561,4.41,4.44,2.73
0.8,"Very Good","H","SI1",63,57,3005,5.89,5.95,3.73
0.31,"Very Good","D","SI2",63.1,54,593,4.38,4.33,2.75
0.57,"Ideal","G","VS1",62.5,54.2,1943,5.29,5.31,3.31
1.31,"Premium","G","VS1",61.5,59,9891,7,7.06,4.32
0.7,"Very Good","I","SI1",63.8,59,1890,5.56,5.6,3.56
0.52,"Very Good","E","SI2",62.9,56,1120,5.12,5.15,3.23
1.28,"Good","H","SI2",63.8,55,4516,6.84,6.79,4.35
0.71,"Premium","I","VVS2",61.9,60,2450,5.75,5.69,3.54
0.44,"Ideal","G","SI1",61.1,56,813,4.92,4.94,3.01
1,"Premium","G","VS2",61.6,58,6048,6.43,6.39,3.95
1.02,"Very Good","I","VS1",62.2,60,5302,6.4,6.43,3.99
0.31,"Ideal","E","IF",63,55,1214,4.34,4.37,2.73
0.7,"Ideal","F","VVS1",62.4,55,4341,5.65,5.69,3.54
0.5,"Premium","F","VS2",62.1,58,1654,5.1,5.01,3.14
0.56,"Ideal","H","VVS1",62.1,54,1819,5.28,5.31,3.29
0.23,"Very Good","D","VVS2",62.6,58,530,3.89,3.94,2.45
0.53,"Ideal","D","SI1",60.4,57,2021,5.28,5.31,3.2
0.67,"Good","F","VS2",58.7,61.5,2309,5.67,5.79,3.37
1.06,"Ideal","F","SI2",61.8,56,5354,6.56,6.51,4.04
1.53,"Ideal","I","SI2",62.4,54,7859,7.34,7.41,4.6
0.34,"Ideal","D","VS1",60.9,56,1109,4.56,4.51,2.76
0.71,"Ideal","I","VS1",61.9,55,2637,5.75,5.71,3.55
0.64,"Ideal","G","IF",61.3,56,2790,5.54,5.58,3.41
0.39,"Good","G","VS2",60.3,60.6,743,4.7,4.71,2.84
1.27,"Very Good","I","SI1",63,60,6654,6.86,6.8,4.3
0.32,"Premium","G","SI1",62.5,58,477,4.4,4.43,2.76
0.92,"Premium","E","SI1",62.2,58,4562,6.18,6.23,3.86
0.3,"Very Good","G","VS1",63.5,58,725,4.26,4.21,2.69
0.61,"Ideal","E","VVS1",59.9,61,3212,5.5,5.55,3.31
0.73,"Good","E","I1",56.9,60,1628,5.98,5.93,3.39
0.34,"Very Good","F","SI1",59.4,62,566,4.54,4.59,2.71
0.7,"Good","I","VS2",57.1,61,2010,5.9,5.93,3.38
0.34,"Ideal","G","IF",61.6,56,1014,4.48,4.51,2.77
0.54,"Very Good","I","VS2",62.3,56,1317,5.17,5.22,3.24
1.7,"Premium","I","VS2",61.7,59,11360,7.68,7.63,4.72
0.53,"Very Good","E","VS1",62.6,59,1909,5.19,5.25,3.27
1,"Fair","H","SI2",69.5,55,2875,6.17,6.1,4.26
1.73,"Premium","H","SI1",62,59,12058,7.68,7.59,4.73
0.66,"Ideal","D","VS1",62.1,56,2851,5.54,5.57,3.45
0.98,"Fair","G","I1",58.7,57,1932,6.54,6.43,3.8
0.59,"Premium","E","VS2",62.3,55,1883,5.43,5.39,3.37
0.37,"Ideal","F","VVS1",61.5,56,931,4.59,4.61,2.83
0.59,"Very Good","G","VVS1",61.5,55,2256,5.4,5.43,3.33
0.9,"Very Good","F","SI2",63.4,59,3605,6.07,6.11,3.86
0.9,"Very Good","G","VS2",63.4,59,4135,6.08,6.13,3.87
1.26,"Premium","F","VS1",62,58,10669,6.95,6.88,4.29
1,"Very Good","H","SI1",61.8,57,4995,6.39,6.42,3.96
1.24,"Premium","F","SI2",61.4,58,5889,6.94,6.9,4.25
1.42,"Premium","E","SI1",61.1,62,9447,7.2,7.17,4.39
1.59,"Ideal","I","SI2",60.5,55,8975,7.62,7.55,4.59
0.45,"Fair","F","SI1",66.8,59,794,4.79,4.63,3.16
0.33,"Premium","H","VS2",62.3,58,668,4.41,4.38,2.74
0.71,"Premium","D","SI1",61,61,2863,5.82,5.75,3.53
1.54,"Very Good","G","SI2",61.5,61,8808,7.35,7.42,4.54
1,"Very Good","I","SI1",58.5,61,4649,6.51,6.55,3.82
0.33,"Ideal","D","SI1",62.7,55,608,4.4,4.44,2.77
0.72,"Ideal","F","IF",62,57,4228,5.71,5.78,3.56
0.38,"Ideal","E","VS1",61.6,56,1069,4.67,4.65,2.87
1.16,"Ideal","G","SI2",61.9,56,4969,6.77,6.73,4.18
0.73,"Ideal","H","SI1",62.9,56,2269,5.79,5.75,3.63
1.05,"Ideal","J","VS2",62.3,56,4201,6.55,6.51,4.07
0.71,"Very Good","F","VS2",59.5,58,2918,5.82,5.87,3.48
0.4,"Ideal","I","VS1",61.5,59,736,4.72,4.75,2.91
0.53,"Ideal","E","VS2",61.3,55,1721,5.2,5.24,3.2
0.73,"Ideal","G","VS1",61.7,56,3525,5.76,5.79,3.56
1.52,"Premium","J","VS1",61.2,59,8366,7.39,7.36,4.51
1.01,"Premium","H","SI2",59.9,59,4242,6.55,6.48,3.9
2.77,"Premium","H","I1",62.6,62,10424,8.93,8.83,5.56
0.3,"Ideal","F","IF",59.4,60,873,4.37,4.39,2.6
0.54,"Ideal","G","VVS2",61.9,55,1927,5.2,5.3,3.25
2.43,"Premium","I","SI2",62.2,60,14727,8.59,8.53,5.33
2,"Good","H","SI1",58,58,17447,8.21,8.26,4.78
0.39,"Very Good","G","SI1",58.9,61,703,4.74,4.76,2.8
1,"Premium","G","SI1",62.5,59,4493,6.35,6.29,3.95
1.5,"Very Good","G","VVS1",63.1,62,14361,7.25,7.23,4.57
2.02,"Ideal","I","SI2",61.7,57,13109,8.05,8.12,4.99
1.05,"Good","E","SI1",64.2,61,4878,6.33,6.41,4.09
0.93,"Good","D","SI2",61.4,63,4165,6.22,6.26,3.83
0.72,"Ideal","F","VS2",61.1,56,3226,5.92,5.8,3.55
0.33,"Premium","I","VVS2",62.1,56,743,4.45,4.41,2.75
1.03,"Ideal","E","SI2",61.6,56,4199,6.5,6.45,3.99
0.3,"Very Good","E","SI1",61.8,60,526,4.23,4.28,2.63
0.24,"Ideal","G","VS1",61.8,54,490,4.01,4.02,2.48
1.7,"Premium","F","SI1",62.4,57,14611,7.61,7.56,4.73
0.75,"Premium","G","SI2",62.7,58,2268,5.82,5.76,3.63
0.41,"Ideal","D","SI1",61,57,1015,4.8,4.78,2.92
1.54,"Very Good","F","SI1",58.8,60,11650,7.54,7.59,4.45
1.01,"Good","E","SI2",63.9,58,3737,6.37,6.31,4.05
0.29,"Very Good","G","VVS2",62.2,55,541,4.24,4.27,2.64
1.26,"Premium","I","SI2",60.1,59,5080,7.03,6.99,4.21
0.38,"Very Good","F","SI2",61,61,600,4.61,4.67,2.83
0.7,"Fair","I","SI1",65.8,57,1697,5.46,5.55,3.62
1.12,"Premium","I","SI2",61.2,58,3669,6.72,6.68,4.1
0.8,"Premium","E","SI2",59.1,61,2304,6.03,5.99,3.55
0.7,"Premium","F","I1",63,61,1040,5.69,5.55,3.54
0.25,"Ideal","G","IF",61.7,56,624,4.04,4.1,2.51
1.05,"Very Good","G","VS1",61.8,58,6766,6.5,6.55,4.03
1,"Very Good","H","SI1",61.9,58,4953,6.3,6.37,3.92
2.09,"Ideal","J","VS1",61.2,59,15172,8.31,8.22,5.06
0.51,"Ideal","F","VS2",61.3,56,1562,5.14,5.11,3.14
1.06,"Very Good","I","SI1",62.8,56,4255,6.47,6.52,4.08
0.3,"Very Good","G","SI1",62.1,58,432,4.26,4.28,2.65
0.71,"Good","E","SI1",58.4,61,2573,5.85,5.93,3.44
0.3,"Premium","D","VS2",60.7,60,911,4.37,4.33,2.64
0.58,"Ideal","D","VVS1",61.6,60,3154,5.34,5.35,3.29
0.7,"Good","H","VS2",61.4,56,2253,5.73,5.8,3.54
1.06,"Very Good","G","VS1",61.7,57,7132,6.52,6.56,4.04
0.75,"Ideal","F","SI2",59.2,60,2248,5.87,5.92,3.49
0.35,"Premium","E","VS1",60.8,58,829,4.55,4.58,2.78
0.32,"Good","D","SI1",63.6,56,756,4.37,4.34,2.77
1.5,"Good","I","I1",63.7,61,3696,7.22,7.1,4.57
0.5,"Good","F","VS2",63.3,58,1436,4.98,5.03,3.17
1.11,"Very Good","E","VS1",61.6,57,8852,6.59,6.63,4.07
0.42,"Ideal","F","VS1",62.3,55,1103,4.79,4.77,2.98
0.81,"Ideal","I","VS1",61.8,56,3422,5.97,6,3.7
0.71,"Premium","D","SI1",60.9,59,2743,5.72,5.71,3.48
0.7,"Ideal","F","VVS2",61.9,55,2701,5.72,5.68,3.53
1.01,"Ideal","G","VS2",62,54.9,6295,6.41,6.44,3.99
1.05,"Very Good","J","SI2",60.9,60,3395,6.51,6.59,3.99
0.3,"Very Good","G","VVS2",63.1,56,878,4.23,4.2,2.66
0.9,"Very Good","F","VS2",61.9,57,4678,6.17,6.23,3.84
0.32,"Ideal","D","SI1",60.9,56,589,4.4,4.43,2.69
0.31,"Ideal","G","VVS2",62.4,54,687,4.37,4.38,2.73
1.01,"Good","D","SI1",64.1,60,4909,6.3,6.27,4.03
0.9,"Good","H","SI1",62.1,61,3447,6.07,6.11,3.78
0.56,"Ideal","G","VS2",62.1,56,1580,5.29,5.31,3.29
0.53,"Ideal","F","IF",61.9,54,2802,5.22,5.25,3.24
0.59,"Very Good","I","VVS1",62.8,58,1709,5.3,5.34,3.34
0.32,"Ideal","H","VVS1",62.2,56,730,4.37,4.38,2.72
0.41,"Ideal","D","VS2",61.6,55,1076,4.77,4.74,2.93
1.13,"Very Good","F","SI1",60.6,60,5481,6.67,6.76,4.07
0.3,"Ideal","H","SI1",61.6,57,572,4.28,4.32,2.65
0.7,"Very Good","E","SI2",61.5,60,2263,5.65,5.7,3.49
0.51,"Very Good","E","SI2",61.6,57,1195,5.17,5.19,3.19
0.41,"Ideal","E","VS1",62,55,1153,4.77,4.74,2.95
2.19,"Good","G","SI1",63.7,56,13978,8.26,8.17,5.23
1.16,"Ideal","G","VVS2",62,56,8646,6.71,6.75,4.17
0.76,"Good","I","SI1",64.1,59,1914,5.73,5.75,3.68
0.29,"Ideal","E","VVS2",62,55,858,4.27,4.25,2.64
0.8,"Very Good","F","SI1",62.6,58,2862,5.9,5.92,3.7
0.91,"Fair","F","SI2",64.9,56,3210,6.08,6.05,3.94
0.51,"Ideal","G","VS2",62.9,54,1546,5.12,5.08,3.21
1.01,"Very Good","F","SI1",60.8,59,4869,6.49,6.53,3.96
0.32,"Ideal","I","VS1",61.3,56,523,4.43,4.45,2.72
0.31,"Premium","F","VVS1",59.7,59,801,4.45,4.49,2.67
1.17,"Ideal","H","SI2",62.3,57,5111,6.78,6.74,4.21
1.5,"Good","J","SI2",63.6,58,6306,7.18,7.25,4.59
1.01,"Premium","H","SI1",58.8,62,4191,6.59,6.54,3.86
0.34,"Very Good","I","SI1",61.7,56,459,4.51,4.54,2.79
1.01,"Very Good","E","VS2",59.3,59,5760,6.5,6.56,3.87
0.38,"Very Good","F","VVS2",61.9,59.7,1060,4.64,4.65,2.87
1.51,"Ideal","H","SI1",61.9,58,10096,7.33,7.37,4.55
1.69,"Ideal","I","VS2",60.5,56,13645,7.74,7.77,4.69
0.41,"Premium","G","VS1",61.9,60,961,4.76,4.7,2.93
1.13,"Ideal","D","SI2",60.1,55,5412,6.79,6.85,4.1
1.11,"Ideal","H","VVS2",61.2,56,7136,6.74,6.7,4.11
1.61,"Very Good","J","SI1",61.7,60,7695,7.45,7.5,4.61
0.55,"Very Good","E","VVS2",59.9,58,2656,5.29,5.33,3.18
0.42,"Premium","G","VS2",59.5,59,847,4.83,4.89,2.89
0.29,"Ideal","E","VS1",61.2,56,619,4.27,4.29,2.61
2.01,"Fair","G","SI2",63.8,59,14799,7.77,7.87,4.99
1.14,"Ideal","G","VS1",62.5,56,7255,6.69,6.66,4.17
0.33,"Very Good","E","VVS2",62.3,56,893,4.4,4.44,2.75
0.42,"Ideal","F","VS1",60.9,57,1103,4.88,4.84,2.96
0.47,"Good","E","VS1",65.4,56,1293,4.85,4.9,3.19
1.55,"Premium","J","VS2",60.7,59,7911,7.47,7.5,4.54
2.2,"Ideal","I","SI1",61.7,55,17895,8.37,8.41,5.18
0.23,"Very Good","E","VVS2",61.8,59,465,3.92,3.95,2.43
0.31,"Premium","E","VS2",61.7,58,872,4.34,4.31,2.67
0.3,"Premium","D","VS2",62.6,61,911,4.25,4.22,2.65
0.59,"Premium","I","IF",61.2,58,1866,5.38,5.41,3.3
0.41,"Ideal","I","VVS2",62.3,56,1061,4.77,4.73,2.96
0.26,"Very Good","G","VVS2",62.2,56,486,4.09,4.12,2.55
0.24,"Ideal","F","VVS2",60.7,56,552,3.98,4.03,2.43
0.3,"Fair","E","VVS2",51,67,945,4.67,4.62,2.37
0.41,"Premium","F","SI1",61,60,969,4.81,4.77,2.92
1.01,"Premium","F","VS2",62.3,58,6271,6.34,6.3,3.94
0.7,"Premium","G","VVS2",60.2,61,2999,5.74,5.66,3.43
0.8,"Ideal","F","VS1",61.6,54,3884,5.99,5.95,3.68
0.96,"Premium","J","SI1",60.3,59,3269,6.4,6.36,3.85
1.06,"Very Good","G","VS2",59.4,59,6217,6.68,6.63,3.95
0.72,"Ideal","G","SI2",60.8,57,2449,5.79,5.82,3.52
0.52,"Very Good","F","SI1",61,59,1326,5.18,5.21,3.17
0.33,"Premium","G","VS1",62.4,59,666,4.41,4.47,2.77
0.98,"Fair","G","I1",69.7,58,1712,6.08,5.98,4.21
0.35,"Ideal","H","VVS1",60.5,57,839,4.58,4.59,2.77
1.26,"Ideal","E","SI2",61,57,6477,7.03,6.97,4.27
0.33,"Ideal","D","SI2",62,57,492,4.45,4.46,2.76
1.07,"Premium","I","SI2",59.7,59,4206,6.68,6.63,3.97
1.01,"Ideal","G","SI1",62.2,55,5166,6.44,6.46,4.01
0.78,"Very Good","I","SI1",63.1,56,2228,5.88,5.82,3.69
0.75,"Premium","F","SI2",59.8,60,1881,5.96,5.92,3.55
0.35,"Ideal","F","SI1",62.5,54,583,4.5,4.52,2.82
0.7,"Very Good","F","SI2",59.9,59,1940,5.75,5.81,3.46
0.33,"Premium","G","VS2",61.4,60,743,4.45,4.41,2.72
0.51,"Ideal","F","VS1",62.5,55,1744,5.08,5.13,3.19
1.34,"Ideal","H","SI1",62.4,54,7659,7.05,7.08,4.41
1.26,"Premium","E","SI2",60.3,60,5058,7,6.94,4.2
0.4,"Premium","F","VS1",61.1,59,982,4.71,4.75,2.89
0.5,"Fair","G","I1",65.2,56,727,4.95,4.89,3.21
1.02,"Premium","G","SI1",60.7,60,4855,6.51,6.48,3.94
0.51,"Ideal","H","VS1",61.1,56,1438,5.11,5.16,3.14
0.38,"Ideal","F","VS2",62.2,57,1026,4.63,4.6,2.87
0.72,"Ideal","G","VS1",61.3,56,3478,5.75,5.8,3.54
0.72,"Good","E","VS2",60.8,62,3140,5.73,5.78,3.5
0.52,"Very Good","D","VS1",62.6,59,1860,5.03,5.13,3.18
0.5,"Ideal","G","VVS1",62.1,53.5,1865,5.08,5.13,3.17
1.39,"Premium","F","SI1",62.1,58,8476,7.1,7.16,4.43
0.29,"Very Good","E","VVS1",60.9,61,629,4.23,4.27,2.59
1.03,"Very Good","F","SI2",60.2,55,3903,6.53,6.59,3.95
0.9,"Very Good","G","VS2",63.8,58,4400,6.08,6.12,3.89
0.31,"Very Good","F","IF",61.9,54,914,4.36,4.39,2.71
0.3,"Good","G","VVS2",63.1,56,684,4.2,4.23,2.66
0.73,"Ideal","D","SI1",62.4,53,3140,5.82,5.79,3.62
0.41,"Ideal","D","VS2",62.4,55,1076,4.79,4.76,2.98
0.41,"Ideal","H","VS1",61.8,56,827,4.77,4.81,2.96
0.81,"Ideal","F","SI2",58.8,57,2761,6.14,6.11,3.6
1,"Good","F","VS2",64,59,5864,6.29,6.25,4.03
1.51,"Very Good","G","VS1",59.5,59,14028,7.41,7.45,4.42
0.52,"Ideal","G","SI1",61.3,55,1389,5.2,5.24,3.2
0.9,"Premium","G","SI2",59.9,58,3492,6.22,6.27,3.74
0.5,"Good","E","VS2",63.8,54,1752,5.05,5.07,3.23
1.2,"Ideal","G","VS2",62.1,56,7741,6.84,6.78,4.23
0.3,"Premium","E","SI1",61.3,60,675,4.31,4.27,2.63
1.14,"Ideal","G","VS2",61.5,57,7042,6.68,6.72,4.12
1.2,"Premium","F","VS2",61.4,58,6182,6.8,6.75,4.16
0.3,"Very Good","H","SI2",63.2,55,485,4.29,4.26,2.7
2.01,"Premium","G","SI1",61.8,60,18077,7.99,8.04,4.95
0.4,"Very Good","D","VS2",63.6,55,850,4.68,4.72,2.99
1.33,"Ideal","H","SI1",60.1,57,7742,7.14,7.2,4.31
0.25,"Premium","E","VS1",60.7,59,435,4.11,4.13,2.5
0.41,"Premium","D","SI1",62.1,59,1015,4.76,4.74,2.95
1.27,"Premium","J","VS1",62.6,59,5618,6.92,6.88,4.32
1.09,"Very Good","I","VS2",62.6,57,5072,6.55,6.62,4.12
1.04,"Premium","G","SI1",60.9,59,5017,6.57,6.53,3.99
0.74,"Premium","D","SI1",60.6,60,2655,5.88,5.84,3.55
0.3,"Very Good","H","VS2",62.7,59,473,4.22,4.26,2.66
0.33,"Ideal","H","VVS2",61.9,55,666,4.45,4.47,2.76
0.7,"Very Good","F","VS2",61.1,62,2250,5.64,5.69,3.46
1.06,"Ideal","G","SI1",62.9,56,5461,6.52,6.49,4.09
0.33,"Premium","I","SI1",60.4,59,557,4.54,4.5,2.73
1.12,"Premium","H","SI2",62.4,58,4065,6.58,6.63,4.12
0.5,"Premium","D","SI1",61.2,60,1654,5.14,5.09,3.13
0.39,"Very Good","E","VVS2",61.9,58,971,4.66,4.68,2.89
0.71,"Premium","G","VS1",60.9,58,2694,5.77,5.73,3.5
0.37,"Premium","D","VVS2",61,60,1071,4.61,4.64,2.82
1.02,"Ideal","I","VS2",62.8,57,3148,6.45,6.39,4.03
0.31,"Ideal","H","VS1",62.6,55,698,4.35,4.31,2.71
0.33,"Very Good","F","VVS1",60.1,56,841,4.53,4.56,2.73
1.5,"Ideal","J","VVS1",62.2,59,9814,7.3,7.32,4.55
1,"Premium","G","SI2",61.8,60,4284,6.37,6.34,3.93
0.35,"Ideal","F","VS2",62.2,55,706,4.48,4.53,2.8
0.5,"Ideal","G","VVS2",62.7,55,1836,5.07,5.1,3.19
1.01,"Premium","G","VS2",59.1,58,6027,6.63,6.56,3.9
0.44,"Premium","F","VVS2",61.6,58,1196,4.85,4.89,3
0.43,"Ideal","F","VVS2",61.9,56,1250,4.84,4.82,2.99
0.33,"Ideal","H","VVS1",62.1,55,730,4.46,4.5,2.78
1,"Premium","I","SI2",62.5,56,3780,6.38,6.3,3.96
1.23,"Ideal","H","SI1",62.3,57,5938,6.85,6.89,4.28
1,"Premium","H","SI2",58.6,59,4088,6.57,6.5,3.83
0.72,"Ideal","E","SI1",62.1,57,2608,5.71,5.75,3.56
0.39,"Ideal","E","VS2",61.4,55,734,4.76,4.81,2.94
0.7,"Very Good","F","SI1",61.3,59,2401,5.68,5.74,3.5
0.54,"Ideal","G","SI1",61.4,54,1384,5.27,5.35,3.26
2.05,"Premium","E","SI2",59.7,59,17081,8.27,8.39,4.97
1.13,"Premium","H","SI1",61.2,59,4689,6.68,6.65,4.08
0.34,"Good","D","SI1",63.1,57,626,4.44,4.46,2.81
1.85,"Very Good","H","I1",63.3,56,5688,7.8,7.75,4.92
1.11,"Premium","H","SI2",61.9,59,4973,6.6,6.56,4.07
0.72,"Premium","F","VS2",62.7,59,2607,5.75,5.71,3.59
0.42,"Premium","E","SI1",61.5,61,926,4.87,4.82,2.98
1.72,"Premium","H","SI1",62.9,58,13078,7.63,7.59,4.79
0.31,"Ideal","F","IF",61.8,54,979,4.33,4.37,2.69
1.5,"Good","G","VS2",63.8,56,11508,7.2,7.15,4.58
1.11,"Ideal","G","VVS2",61.8,57,8858,6.67,6.64,4.11
1.51,"Premium","I","VS2",59.9,60,10010,7.42,7.36,4.43
1.03,"Ideal","H","SI2",61.1,57,4325,6.48,6.52,3.97
0.34,"Ideal","D","I1",62.5,57,530,4.49,4.47,2.8
0.34,"Ideal","G","IF",61.9,57,1084,4.48,4.47,2.77
0.3,"Premium","I","VS1",60.5,60,608,4.33,4.3,2.61
1.11,"Ideal","G","SI2",60.5,56,4755,6.71,6.67,4.05
1.23,"Ideal","H","SI2",60.6,57,5951,6.98,6.94,4.22
0.65,"Ideal","H","VS1",61.8,55,2106,5.6,5.56,3.45
0.34,"Good","G","VVS2",58,61,826,4.56,4.58,2.65
0.3,"Ideal","D","SI1",62,53,524,4.33,4.35,2.69
1.51,"Very Good","H","SI2",62.3,58,7823,7.29,7.25,4.53
1.01,"Good","H","SI1",64.6,56,4274,6.17,6.21,4
1.18,"Ideal","I","VS2",62.3,55.6,6191,6.73,6.76,4.21
0.24,"Very Good","E","VVS1",60.6,59,521,4,4.02,2.43
0.71,"Premium","H","SI1",62.3,61,2049,5.65,5.61,3.51
1.09,"Ideal","F","SI1",62,56,5922,6.61,6.56,4.08
0.9,"Very Good","H","SI1",62.3,58,3595,6.16,6.19,3.85
0.53,"Very Good","G","VS1",60.9,56,1636,5.24,5.27,3.2
1.27,"Very Good","F","VVS1",62.5,56,13200,6.99,6.93,4.35
0.96,"Fair","H","I1",64.3,59,1739,6.38,5.88,3.98
0.32,"Ideal","E","VS1",62.3,54,825,4.37,4.4,2.73
0.51,"Premium","D","VS1",60,58,2203,5.19,5.14,3.1
1.2,"Very Good","H","VS2",63.3,57,6000,6.78,6.68,4.26
0.76,"Ideal","E","SI1",62.5,57,3033,5.8,5.82,3.63
0.36,"Ideal","F","SI1",61.5,57,600,4.55,4.59,2.81
1.01,"Very Good","D","SI2",59.1,63,3605,6.54,6.59,3.88
0.32,"Premium","H","VS1",62.3,58,720,4.39,4.34,2.72
0.36,"Premium","E","SI1",62.2,59,756,4.57,4.53,2.83
0.4,"Good","D","VS2",63.5,55,891,4.66,4.69,2.97
2.14,"Ideal","H","SI1",61.5,57,18528,8.36,8.29,5.12
0.96,"Very Good","G","SI1",63.2,57,4247,6.27,6.23,3.95
1.7,"Premium","E","VS2",58.6,62,18342,7.92,7.84,4.62
1.12,"Ideal","E","VS2",61.9,56,9710,6.65,6.68,4.13
1.02,"Very Good","E","SI2",62.9,56,4398,6.36,6.43,4.02
0.4,"Very Good","F","VS2",62.9,57,842,4.69,4.72,2.96
0.3,"Premium","I","SI1",60.9,59,394,4.34,4.36,2.65
0.61,"Very Good","E","SI1",62.2,60,1983,5.44,5.4,3.37
0.75,"Ideal","J","SI1",61.5,56,2850,5.83,5.87,3.6
1.74,"Premium","H","SI2",59.9,59,10874,7.88,7.8,4.7
0.36,"Premium","E","SI2",61.5,61,518,4.63,4.57,2.83
0.54,"Ideal","F","VS2",62.3,56,1662,5.17,5.2,3.23
1.12,"Premium","F","VVS2",62.4,59,10028,6.58,6.66,4.13
0.36,"Very Good","E","VS2",62.8,55,789,4.49,4.56,2.84
1,"Good","F","SI2",61.8,58,4053,6.43,6.48,3.99
2.52,"Fair","J","SI2",65.1,56,15776,8.51,8.43,5.51
0.31,"Good","H","VS2",63.1,57,489,4.28,4.31,2.71
1.02,"Good","E","SI2",64.2,59,4414,6.26,6.2,4
1.12,"Premium","H","SI2",61.4,59,3889,6.69,6.66,4.1
0.58,"Ideal","F","VS2",62.4,57,1798,5.31,5.33,3.32
1.03,"Very Good","G","VS2",58.8,63,6806,6.7,6.61,3.91
0.33,"Ideal","F","VVS1",62.4,54,880,4.44,4.47,2.78
0.31,"Premium","G","SI2",61.3,58,408,4.37,4.4,2.69
1.01,"Ideal","D","VVS2",61.7,57,10761,6.43,6.47,3.98
1.03,"Very Good","G","SI1",59.4,60,5353,6.61,6.66,3.94
0.32,"Ideal","E","VS2",62.7,55,702,4.36,4.38,2.74
1.07,"Very Good","G","VS2",62.9,59,6525,6.49,6.52,4.09
0.77,"Very Good","F","SI2",59.7,57,2334,5.97,6.05,3.59
1.01,"Very Good","E","SI2",59.4,59,3857,6.49,6.51,3.86
1.22,"Premium","D","VS2",59.6,60,8950,6.97,6.95,4.15
0.32,"Ideal","G","VS2",61.4,55,720,4.46,4.4,2.72
0.5,"Good","E","VS1",60.3,62,1690,5.1,5.11,3.08
1.01,"Very Good","H","SI1",62.7,58,4743,6.36,6.34,3.98
0.56,"Premium","E","SI1",62.5,59,1653,5.24,5.2,3.26
0.59,"Premium","E","VS2",59.1,61,1641,5.61,5.53,3.29
2.18,"Ideal","I","VS2",62,57,13769,8.35,8.24,5.14
0.56,"Very Good","D","VVS2",61.6,59,2612,5.27,5.34,3.27
1.5,"Ideal","H","SI2",62.8,55,8614,7.27,7.31,4.58
1.6,"Ideal","J","SI1",62.2,55,8138,7.46,7.53,4.66
1.01,"Very Good","G","IF",62.8,57,8621,6.39,6.42,4.02
2,"Premium","I","VS2",60.7,60,16544,8.02,8.07,4.88
1.65,"Premium","G","I1",62,59,6788,7.53,7.57,4.68
1.01,"Very Good","E","SI1",63.1,57,5973,6.4,6.37,4.03
0.43,"Very Good","G","VVS1",60.7,57,1143,4.87,4.89,2.96
2.02,"Ideal","J","SI1",62.4,56,12591,8.03,8.19,5.06
0.3,"Ideal","F","VS2",60.7,57,776,4.34,4.29,2.62
0.82,"Premium","E","SI1",61.2,61,3211,5.98,5.95,3.65
2.09,"Premium","J","SI1",62.2,59,13864,8.23,8.16,5.1
0.82,"Very Good","E","VS2",62.8,59,4135,5.92,5.93,3.72
2.02,"Very Good","J","SI1",63,56,12267,7.95,8.01,5.03
1.58,"Ideal","H","SI1",61.4,56,10738,7.53,7.46,4.6
1.11,"Premium","I","VS2",58.3,60,4744,6.84,6.78,3.97
0.33,"Very Good","D","VS2",62.5,59,681,4.39,4.41,2.75
0.78,"Ideal","F","SI2",60.6,55,2386,6,5.99,3.63
0.55,"Premium","G","SI1",60.2,59,1848,5.32,5.28,3.19
0.33,"Ideal","G","VS2",62.2,56,743,4.44,4.43,2.76
0.3,"Premium","G","VS1",61.9,59,776,4.32,4.3,2.67
0.34,"Ideal","F","VVS1",62,56,967,4.45,4.49,2.77
0.3,"Premium","H","VS2",61.1,59,608,4.37,4.3,2.65
0.31,"Premium","E","VVS1",62,59,789,4.3,4.34,2.68
1.01,"Ideal","H","SI1",61.2,56,5664,6.44,6.47,3.95
1.62,"Premium","H","SI2",63,58,6350,7.47,7.41,4.69
1.12,"Ideal","G","VS1",62.5,54,8394,6.65,6.69,4.17
1.1,"Ideal","J","VS2",62.4,55,4537,6.59,6.64,4.13
0.74,"Very Good","G","SI2",63.3,57,2398,5.73,5.7,3.62
0.34,"Ideal","E","SI1",60.7,57,765,4.51,4.48,2.73
0.32,"Ideal","G","VS1",61.3,57,645,4.37,4.4,2.69
1.6,"Premium","D","SI2",61.9,58,10064,7.54,7.49,4.65
1,"Very Good","I","VS2",64,54,4739,6.28,6.34,4.04
0.33,"Ideal","E","VS2",62.1,56,723,4.4,4.45,2.75
0.81,"Ideal","H","SI1",62.1,54,2435,6,6.02,3.73
1,"Good","H","VS2",63.8,59,4028,6.28,6.26,4
0.3,"Ideal","G","VS1",61.4,55,673,4.38,4.32,2.67
0.29,"Very Good","E","VS1",58.9,56,504,4.35,4.37,2.57
1.35,"Ideal","J","VS2",61.4,57,5862,7.1,7.13,4.37
0.42,"Ideal","E","VS2",61.6,57,908,4.79,4.82,2.96
1.01,"Good","F","SI1",64.2,58,4276,6.33,6.31,4.06
0.91,"Very Good","E","SI2",62.8,59,3968,6.13,6.16,3.86
1,"Very Good","H","VS2",63.3,53,5000,6.42,6.37,4.05
0.3,"Ideal","E","VVS2",61.9,59,766,4.27,4.3,2.65
0.5,"Good","D","SI2",61.9,63,1175,5.05,5.07,3.13
1.28,"Premium","H","SI1",59.9,59,6580,7.05,7.08,4.23
0.73,"Ideal","G","SI1",61.7,57,3089,5.78,5.81,3.57
0.65,"Premium","E","SI2",61.4,59,1640,5.57,5.52,3.41
1.52,"Premium","E","VS1",59.9,60,16779,7.47,7.39,4.45
0.9,"Premium","D","SI1",62.2,58,4612,6.18,6.11,3.82
1,"Premium","H","VS2",61.5,61,5000,6.45,6.4,3.95
1.19,"Ideal","H","SI2",62,57,4914,6.77,6.81,4.21
1.5,"Premium","F","VS2",60.3,58,14486,7.47,7.39,4.48
0.32,"Ideal","E","VS2",62.3,56,900,4.41,4.38,2.74
0.77,"Good","H","SI2",58.6,64,2262,6.01,5.93,3.5
0.44,"Very Good","H","IF",61.1,57,1194,4.91,4.94,3.01
0.34,"Ideal","G","IF",61.6,54,974,4.49,4.53,2.78
0.41,"Ideal","I","VS2",61.2,56,1056,4.77,4.81,2.93
0.73,"Ideal","E","VS1",61.2,57,3620,5.85,5.8,3.57
1.64,"Premium","H","SI1",59.2,58,10874,7.76,7.68,4.57
0.9,"Ideal","D","SI2",62.4,56,4078,6.16,6.24,3.87
0.71,"Ideal","E","SI2",59.5,57,2511,5.87,5.82,3.48
1.65,"Premium","F","SI2",60.5,61,9693,7.7,7.65,4.64
2.01,"Good","J","SI1",64.3,54,8104,8.05,7.95,5.14
1.24,"Ideal","J","VS2",62.8,56,5451,6.83,6.8,4.28
0.31,"Ideal","F","VS2",61.9,54,802,4.38,4.35,2.7
1.14,"Very Good","G","SI2",59.5,59,4935,6.79,6.85,4.06
1.01,"Premium","E","SI1",62.4,58,4399,6.37,6.42,3.99
1.04,"Premium","H","VS2",62.7,61,5416,6.48,6.44,4.05
0.93,"Very Good","E","VS2",61.4,58,5616,6.22,6.29,3.84
0.53,"Very Good","G","SI2",60.9,55,1092,5.26,5.29,3.21
1.22,"Premium","J","SI2",62.1,59,4509,6.82,6.77,4.22
0.52,"Ideal","G","VVS2",59.8,57,2012,5.26,5.24,3.14
0.4,"Very Good","D","VVS2",62.2,54,1263,4.75,4.77,2.96
1,"Ideal","J","SI2",62.1,56,3465,6.34,6.41,3.96
0.43,"Ideal","E","VS2",62,57,1048,4.85,4.82,3
0.25,"Very Good","E","VVS2",62.2,58,548,4.03,4.11,2.53
1.33,"Very Good","H","SI2",62.5,58,6482,7.04,6.97,4.38
1.25,"Ideal","G","IF",60.2,54,11511,6.99,7.03,4.22
1.51,"Ideal","H","VS2",62.5,55,10959,7.34,7.29,4.57
0.75,"Very Good","E","SI1",63,55,2753,5.76,5.79,3.64
0.79,"Premium","F","VS2",63,59,2953,5.84,5.8,3.66
0.7,"Very Good","D","VS2",63.2,60,3033,5.61,5.56,3.53
0.37,"Ideal","G","VS2",60.3,56,682,4.67,4.7,2.83
0.54,"Premium","F","VS2",61.8,58,1786,5.29,5.22,3.25
0.31,"Ideal","H","VVS1",62.2,56,707,4.34,4.37,2.71
0.33,"Ideal","E","VS2",61.5,57,928,4.47,4.41,2.73
0.48,"Ideal","I","VVS2",62.1,56,1061,5.01,5.04,3.12
0.31,"Ideal","H","VS2",61.7,55,507,4.34,4.38,2.69
0.9,"Very Good","E","SI2",64.2,54,3449,6.08,6.11,3.91
1.25,"Premium","H","VS2",60.4,59,7246,6.92,6.96,4.19
0.34,"Ideal","G","SI1",61.8,54.4,531,4.49,4.52,2.79
0.75,"Ideal","D","VS2",61.1,55,3679,5.87,5.89,3.6
0.7,"Ideal","H","SI1",61.2,58,2138,5.74,5.77,3.52
1.3,"Premium","F","SI1",61.4,59,8164,7.01,6.97,4.29
0.31,"Premium","I","VVS1",62.2,60,732,4.32,4.3,2.68
0.55,"Ideal","G","VS1",60.9,55,1841,5.27,5.31,3.22
0.92,"Ideal","E","SI2",62.6,57,4309,6.22,6.18,3.88
0.9,"Ideal","D","SI2",60.8,56,4167,6.26,6.24,3.8
0.53,"Very Good","D","SI1",60.9,59,1415,5.18,5.2,3.16
2.08,"Premium","I","SI1",60.3,59,15065,8.26,8.22,4.97
0.3,"Premium","J","SI1",62.7,59,450,4.27,4.21,2.66
1.13,"Very Good","H","SI1",63.3,56,4689,6.65,6.62,4.2
0.9,"Very Good","I","VS2",63.3,58,3519,6.07,6.13,3.86
0.51,"Premium","E","SI1",60.3,56,1443,5.27,5.17,3.15
0.3,"Ideal","G","VVS2",63,57,878,4.32,4.28,2.71
0.41,"Premium","I","VVS2",62.9,58,1061,4.74,4.71,2.97
0.7,"Very Good","E","VS1",58.4,59,2904,5.83,5.91,3.43
0.52,"Very Good","G","VS1",62.4,60,1689,5.11,5.12,3.19
0.32,"Ideal","I","VS2",63,57,576,4.37,4.33,2.74
0.33,"Ideal","G","VVS2",62.7,55,752,4.41,4.46,2.78
0.3,"Premium","I","VS1",59.8,60,473,4.34,4.36,2.6
0.31,"Premium","G","SI1",62.4,55,593,4.34,4.31,2.7
1.11,"Very Good","D","SI1",61.6,57,5915,6.66,6.59,4.08
1.46,"Very Good","I","SI1",62.5,57,7146,7.15,7.19,4.48
0.64,"Ideal","E","VVS2",62.1,53,3157,5.51,5.54,3.43
1.67,"Very Good","I","VS2",60.7,60,10165,7.61,7.68,4.64
0.32,"Very Good","F","VS2",59.7,62,602,4.38,4.43,2.63
2.65,"Premium","G","SI2",62,61,16314,8.82,8.75,5.45
0.3,"Very Good","G","VVS2",62.8,60,684,4.25,4.28,2.68
0.9,"Ideal","I","VS1",60.9,60,4492,6.2,6.24,3.79
0.55,"Very Good","I","SI2",63.1,58,1041,5.15,5.19,3.26
0.42,"Premium","E","VS1",59.5,59,1105,4.86,4.88,2.9
0.32,"Very Good","H","VS2",62.7,54,505,4.39,4.41,2.76
0.32,"Ideal","F","VS2",61.2,56,828,4.44,4.41,2.71
0.3,"Ideal","D","SI1",61.7,56,552,4.31,4.35,2.67
0.56,"Ideal","D","VS2",60.6,56,1963,5.33,5.37,3.24
1.02,"Very Good","G","VS1",62,59,6126,6.39,6.45,3.98
0.3,"Premium","H","VVS2",60.8,60,776,4.33,4.29,2.62
0.49,"Very Good","F","SI1",62.5,57,1116,4.99,5.02,3.13
1.04,"Ideal","H","VVS2",62.2,55,6619,6.48,6.52,4.04
0.32,"Premium","G","SI1",62.5,58,612,4.43,4.4,2.76
0.73,"Very Good","E","SI2",63.1,59,1975,5.76,5.72,3.62
1,"Premium","F","VS2",62.1,58,6047,6.45,6.36,3.96
1.06,"Ideal","F","VS2",62.1,55,7334,6.52,6.55,4.06
0.7,"Premium","G","I1",61.9,58,1650,5.74,5.69,3.54
0.31,"Ideal","G","SI1",62.2,55,462,4.35,4.36,2.71
0.7,"Good","D","VVS1",59.2,59,4198,5.76,5.79,3.42
0.32,"Premium","G","VVS2",61.6,60,730,4.37,4.4,2.7
0.42,"Ideal","E","SI2",62.7,55,882,4.79,4.78,3
0.32,"Ideal","E","SI2",61.3,56,456,4.42,4.45,2.72
0.41,"Ideal","D","VS1",61.3,54,1151,4.8,4.83,2.95
0.37,"Ideal","H","IF",61.8,55,936,4.65,4.67,2.88
0.49,"Very Good","D","SI1",58.6,60,1174,5.14,5.2,3.03
0.3,"Ideal","D","VS2",61.7,55,911,4.36,4.33,2.68
0.71,"Ideal","I","VVS2",60.4,57,3007,5.78,5.81,3.5
0.41,"Ideal","E","VS1",62.1,55,1079,4.77,4.8,2.97
1.9,"Premium","J","SI1",61.9,57,10885,7.98,7.95,4.93
2.01,"Premium","H","SI2",60.5,61,16287,8.14,8.09,4.91
1.03,"Fair","E","SI2",65.3,59,3876,6.3,6.25,4.1
1.51,"Ideal","G","SI2",60.8,57,8794,7.44,7.39,4.51
1.12,"Ideal","E","SI2",60.5,55,5000,6.73,6.79,4.09
0.5,"Ideal","D","SI2",61.6,57,1332,5.13,5.1,3.15
1.51,"Fair","H","SI1",65.8,62,8260,7.1,7.06,4.66
0.32,"Very Good","I","VVS1",60.1,61,589,4.4,4.45,2.66
0.71,"Very Good","I","VS1",62.2,59,2432,5.7,5.74,3.56
2.01,"Ideal","J","VS1",60.9,56,16319,8.14,8.18,4.97
1.23,"Ideal","I","VVS1",62.1,57,7117,6.9,6.83,4.26
0.32,"Ideal","H","VS1",61.5,57,720,4.42,4.4,2.71
0.3,"Ideal","F","VS2",61.6,57,776,4.32,4.28,2.65
0.63,"Ideal","F","VVS2",61.2,56,3351,5.53,5.55,3.39
0.31,"Premium","H","IF",60.5,58,1046,4.44,4.38,2.67
0.39,"Premium","G","VS2",59.8,61,942,4.75,4.72,2.83
0.63,"Ideal","E","VVS1",61.1,58,3181,5.49,5.54,3.37
0.54,"Ideal","G","VS1",60.7,57,2274,5.29,5.26,3.2
0.65,"Ideal","J","SI1",61.9,54,1214,5.6,5.62,3.47
0.41,"Very Good","D","SI2",62.7,58,683,4.75,4.78,2.99
1.16,"Premium","H","SI2",58.8,61,4157,6.93,6.84,4.05
0.5,"Premium","D","VS2",62.8,58,1845,5.07,5.03,3.17
2,"Very Good","I","VS2",59.5,62,15510,8.13,8.21,4.86
0.7,"Very Good","E","VVS1",61.6,61,4171,5.7,5.73,3.52
1.5,"Very Good","E","VS2",62.1,60,14639,7.27,7.32,4.53
0.71,"Ideal","E","SI2",62.7,56,2550,5.68,5.71,3.57
0.41,"Very Good","F","VS2",62.6,58,863,4.75,4.81,2.99
0.5,"Ideal","E","VS2",61.6,56,1554,5.1,5.13,3.15
0.5,"Good","I","VS1",61.2,61,1193,5.03,5.06,3.09
1.29,"Ideal","F","VS1",60.7,57,11197,7.08,7.05,4.29
0.39,"Very Good","G","VS2",63.4,57,1009,4.67,4.63,2.95
0.35,"Very Good","E","VS2",61.4,58,665,4.51,4.55,2.78
0.9,"Ideal","E","SI2",62,55,3662,6.15,6.23,3.84
1.57,"Ideal","G","VS1",61.9,55,13462,7.53,7.47,4.64
0.77,"Very Good","G","VVS1",62.7,54,3966,5.84,5.89,3.67
0.72,"Ideal","J","VVS1",62.4,58,2139,5.71,5.76,3.58
0.41,"Premium","F","SI1",59.8,59,969,4.85,4.82,2.89
0.5,"Good","G","VVS2",63.8,56,1806,5.06,5.03,3.22
0.76,"Premium","E","SI2",61.3,59,2303,5.85,5.83,3.58
0.8,"Ideal","E","SI1",62.3,54,3622,5.95,5.97,3.71
0.32,"Ideal","F","VS2",62.6,55,645,4.38,4.41,2.75
1.02,"Very Good","D","SI1",63.5,61,5598,6.35,6.27,4.01
1.16,"Ideal","H","SI1",62.2,54,6036,6.72,6.75,4.19
1.21,"Premium","D","VVS2",61.1,59,14841,6.9,6.89,4.21
1.05,"Premium","E","VVS2",59.6,60,9858,6.61,6.58,3.93
1,"Very Good","E","SI2",59.1,61,4004,6.39,6.44,3.79
0.73,"Premium","F","SI1",62.4,55,2346,5.78,5.71,3.59
0.3,"Ideal","F","SI1",60.2,56,475,4.36,4.41,2.64
0.53,"Ideal","H","SI1",60.8,56,1268,5.27,5.29,3.21
1.2,"Ideal","I","VS2",63.2,59,5699,6.73,6.68,4.24
0.3,"Ideal","H","SI1",62.2,53,514,4.29,4.32,2.68
0.32,"Ideal","E","VVS1",61.9,55,1020,4.41,4.38,2.72
0.37,"Very Good","G","VS1",58.4,59,657,4.76,4.69,2.76
0.51,"Very Good","H","VS1",60.7,56,1628,5.18,5.21,3.16
0.73,"Ideal","J","SI1",61.3,57,1956,5.82,5.8,3.56
0.31,"Ideal","F","VS2",61.8,53,591,4.36,4.38,2.7
1.5,"Premium","F","I1",62.6,57,4096,7.33,7.21,4.55
0.31,"Ideal","F","VS1",60.6,56,872,4.42,4.39,2.67
0.4,"Premium","G","VS1",60.7,58,1125,4.81,4.78,2.91
0.72,"Premium","H","VS2",60.7,59,2583,5.84,5.8,3.53
0.61,"Ideal","I","VVS1",62.5,54,1713,5.43,5.49,3.41
0.34,"Ideal","E","SI1",62.1,55,596,4.47,4.51,2.79
0.76,"Very Good","E","VS2",63,59,3162,5.76,5.79,3.64
1.01,"Premium","F","SI2",62.2,58,3597,6.4,6.37,3.97
1.01,"Ideal","J","VS2",62.3,55,4425,6.4,6.44,4
0.8,"Ideal","F","SI2",61.8,56,2564,5.97,6,3.7
0.9,"Fair","G","SI1",65.4,59,3145,6.04,6,3.94
1.01,"Ideal","G","SI2",61.5,57,4299,6.5,6.42,3.97
0.75,"Ideal","F","SI1",61.8,56,3336,5.84,5.87,3.62
0.57,"Ideal","D","VS2",61.7,57,1865,5.3,5.33,3.28
0.9,"Very Good","I","VS1",63.2,57,3484,6.1,6.05,3.84
0.47,"Ideal","G","VVS2",62.2,53,1618,5,5.04,3.12
0.5,"Ideal","F","VS1",61.6,57,1695,5.07,5.09,3.13
0.39,"Very Good","E","VS2",60.9,58,793,4.72,4.77,2.89
0.27,"Ideal","E","VVS2",62.2,55,799,4.17,4.12,2.58
0.4,"Good","D","SI2",63.4,59,622,4.67,4.7,2.97
0.78,"Ideal","J","VS1",61.4,57,2426,5.9,5.93,3.63
0.52,"Very Good","E","SI2",62.6,58,1190,5.11,5.14,3.21
1.53,"Very Good","F","VVS2",62.8,59,17057,7.28,7.34,4.59
1.37,"Premium","G","SI2",62.4,58,6260,7.1,7,4.4
1.7,"Very Good","I","VS2",58.5,59,11190,7.81,7.89,4.59
0.5,"Premium","F","VS1",58,59,1715,5.3,5.22,3.05
0.53,"Premium","H","SI1",59.4,60,1132,5.24,5.26,3.12
0.42,"Ideal","G","VS2",60.8,57,1087,4.85,4.82,2.94
0.32,"Premium","H","VVS2",61.6,55,828,4.44,4.42,2.73
0.37,"Premium","G","VS1",58.4,59,817,4.76,4.69,2.76
0.32,"Very Good","G","SI2",60.7,61,388,4.42,4.47,2.7
0.3,"Very Good","G","VS1",63.1,56,776,4.26,4.24,2.68
0.58,"Very Good","G","SI1",61.9,56,1379,5.35,5.39,3.32
1.02,"Premium","D","SI2",62.8,55,5055,6.46,6.38,4.03
0.25,"Fair","E","VS1",55.2,64,361,4.21,4.23,2.33
1.91,"Premium","I","SI1",59.6,60,13092,8.02,7.98,4.77
0.4,"Ideal","D","VVS2",61.9,56,1323,4.76,4.74,2.94
0.7,"Very Good","E","SI1",63.2,60,2777,5.6,5.51,3.51
1.21,"Ideal","D","SI1",63,57,7589,6.82,6.76,4.28
2.24,"Premium","J","SI2",62.2,59,13827,8.37,8.33,5.19
0.9,"Very Good","H","VS2",62.6,59,5502,6.07,6.16,3.83
2.32,"Ideal","I","SI2",62,57,17676,8.49,8.45,5.25
0.32,"Ideal","I","VS2",61.5,54,466,4.43,4.45,2.73
1.02,"Premium","F","SI1",62.3,58,5398,6.46,6.38,4
1.53,"Very Good","H","SI1",63.1,56,7862,7.32,7.27,4.6
1.01,"Very Good","G","VS1",60.9,60,6669,6.47,6.43,3.93
2,"Ideal","H","SI2",59.7,57,11988,8.29,8.22,4.93
0.71,"Premium","E","VS2",62.1,59,2711,5.68,5.72,3.54
1.5,"Very Good","J","VVS2",61.5,60,8712,7.27,7.31,4.48
1.01,"Very Good","E","SI2",59.6,61,4355,6.56,6.59,3.92
1.09,"Premium","G","VS1",60.2,61,7422,6.71,6.64,4.02
1.01,"Premium","D","SI1",61.7,59,5210,6.4,6.43,3.96
0.9,"Very Good","H","VVS2",61.8,60,4617,6.11,6.15,3.79
1.69,"Ideal","D","SI1",60.8,57,15011,7.69,7.71,4.68
0.41,"Very Good","D","VS2",61.7,54,939,4.77,4.82,2.96
0.3,"Ideal","I","SI1",61.2,58,422,4.28,4.31,2.63
1.5,"Ideal","F","SI1",61.8,56,12389,7.27,7.34,4.52
0.29,"Ideal","F","VVS1",60.9,57,858,4.32,4.29,2.62
0.7,"Ideal","I","VS2",61.4,56,2270,5.72,5.75,3.52
0.55,"Ideal","F","VVS2",62,55,2268,5.26,5.29,3.27
0.36,"Premium","G","SI2",61.9,56,608,4.59,4.55,2.83
0.4,"Very Good","E","SI2",58.7,57,611,4.88,4.94,2.88
0.41,"Ideal","H","VS1",61.8,56,1061,4.81,4.77,2.96
0.87,"Fair","I","VS2",57.3,59,3166,6.29,6.44,3.65
0.52,"Very Good","G","VS2",63,55,1369,5.13,5.16,3.24
0.37,"Premium","F","VS2",59.8,59,957,4.66,4.63,2.78
0.55,"Ideal","H","SI1",62.2,54,1084,5.24,5.28,3.27
0.42,"Ideal","H","VS2",62.5,57,773,4.76,4.81,2.99
0.58,"Very Good","J","VS2",62.8,57,1090,5.28,5.33,3.33
0.5,"Very Good","J","SI1",63.3,60,963,4.99,4.97,3.15
1.02,"Good","D","SI2",63.8,59,3909,6.43,6.33,4.07
0.35,"Premium","E","SI1",60.7,59,788,4.57,4.52,2.76
1.01,"Premium","H","VS2",61.3,59,4959,6.44,6.48,3.96
1.69,"Premium","F","VS2",59.8,60,14242,7.79,7.74,4.64
0.34,"Ideal","E","VS1",61,57,1033,4.52,4.49,2.75
1.52,"Premium","G","VS2",61.9,56,13282,7.39,7.28,4.54
2.01,"Premium","H","SI2",62.5,62,11825,8.09,8.04,5.04
0.71,"Premium","J","VVS2",60.3,59,1843,5.79,5.82,3.5
0.33,"Ideal","D","VVS2",60.9,57,955,4.46,4.48,2.72
0.32,"Good","F","VS2",63.4,57,645,4.32,4.36,2.75
1.53,"Ideal","E","SI1",61.2,58,13324,7.39,7.44,4.54
1.02,"Premium","H","SI1",60.3,59,4558,6.5,6.44,3.9
0.72,"Ideal","G","SI2",61.9,57,2068,5.73,5.77,3.56
0.33,"Premium","G","VS2",61.9,59,579,4.4,4.46,2.74
0.83,"Ideal","H","SI2",61.1,59,2666,6.05,6.1,3.71
0.51,"Good","F","SI1",64,57,1274,5.06,5.01,3.22
0.31,"Ideal","D","VS2",62.2,56,942,4.36,4.32,2.7
0.32,"Premium","J","VS1",61.7,58,540,4.4,4.38,2.71
1.71,"Very Good","I","SI1",62.4,59,10681,7.63,7.6,4.75
0.85,"Fair","J","I1",65.5,59,1334,5.95,5.82,3.86
0.71,"Very Good","I","VS1",61.1,57,2332,5.75,5.8,3.53
0.28,"Ideal","E","VVS2",62.1,56,828,4.21,4.19,2.61
1.16,"Very Good","I","SI1",62.7,57,4785,6.67,6.76,4.21
1.16,"Ideal","G","IF",62,57,9901,6.7,6.73,4.16
1,"Premium","H","I1",60.4,61,1932,6.39,6.32,3.84
1.31,"Premium","I","VS1",61.9,56,5759,7.07,6.98,4.35
0.73,"Ideal","H","SI1",62.9,58,2377,5.72,5.75,3.61
1.22,"Premium","F","VVS1",61.9,58,11830,6.85,6.81,4.23
1.09,"Premium","D","SI1",61.6,58,5799,6.61,6.57,4.06
0.3,"Ideal","F","IF",61.7,56,873,4.31,4.35,2.67
1.01,"Very Good","G","VS2",63.2,57,5701,6.35,6.3,4
1.1,"Premium","E","SI1",62.9,58,5773,6.62,6.55,4.14
1.24,"Ideal","H","VS1",62.1,56,8299,6.85,6.88,4.26
0.71,"Fair","D","SI1",55.5,62,2086,6,5.97,3.32
1.01,"Ideal","F","SI1",61.7,56,5932,6.45,6.48,3.99
0.41,"Good","H","SI1",63.8,56,683,4.69,4.74,3.01
0.58,"Ideal","F","VVS2",62.2,56,2509,5.32,5.35,3.32
1.09,"Ideal","F","SI2",61.6,54,3882,6.69,6.62,4.1
0.7,"Premium","E","VS1",62.7,60,2695,5.64,5.59,3.52
0.96,"Premium","E","SI2",62.8,60,3016,6.3,6.24,3.94
0.35,"Very Good","D","VVS2",60,58,835,4.57,4.59,2.75
2.53,"Ideal","I","SI1",62.4,57,16709,8.68,8.59,5.39
1.24,"Ideal","D","SI1",61.9,56,6805,6.9,6.87,4.26
0.4,"Premium","G","SI1",61.7,61,864,4.68,4.63,2.87
0.32,"Ideal","G","IF",61,56,918,4.41,4.44,2.7
0.91,"Premium","I","SI1",60.8,59,2475,6.23,6.2,3.78
0.45,"Premium","I","SI1",62.2,58,941,4.89,4.86,3.03
0.34,"Ideal","I","VS1",62.4,55,689,4.51,4.47,2.8
1.76,"Premium","E","SI2",62.1,58,9580,7.7,7.62,4.74
0.29,"Ideal","F","VVS1",61.1,57,715,4.26,4.29,2.61
0.71,"Ideal","I","VS1",62,58,2266,5.75,5.72,3.55
0.51,"Premium","G","VVS1",60.1,56,2111,5.35,5.16,3.16
0.74,"Very Good","H","VS1",61.4,56,2956,5.81,5.84,3.57
0.31,"Ideal","G","IF",61.9,54,891,4.35,4.37,2.7
0.91,"Good","F","SI1",58,57,4067,6.36,6.47,3.72
0.28,"Very Good","F","VS2",61.7,58,487,4.17,4.19,2.58
0.6,"Ideal","H","VS1",62,53,1772,5.44,5.46,3.38
1.71,"Premium","H","VS2",59.2,61,10084,7.83,7.77,4.62
0.7,"Very Good","H","VS2",63.6,56,2312,5.6,5.63,3.57
1.01,"Ideal","G","VVS1",61.1,56,8647,6.51,6.49,3.97
0.38,"Very Good","I","VS2",61.7,56,680,4.65,4.68,2.88
1.02,"Premium","F","VS1",60.8,59,7539,6.46,6.49,3.94
0.74,"Ideal","F","SI1",61,57,2851,5.85,5.81,3.56
1.01,"Premium","H","SI2",61.9,61,3394,6.34,6.29,3.91
1.13,"Ideal","H","SI1",62,57,4959,6.66,6.73,4.15
0.73,"Good","E","VS1",59,61,3466,5.88,5.92,3.48
1.2,"Good","J","SI2",63.3,54.4,4659,6.72,6.78,4.27
1.01,"Premium","F","VS2",59.7,60,5923,6.41,6.38,3.82
0.3,"Very Good","H","VS1",63.1,57,675,4.26,4.24,2.68
0.71,"Fair","D","SI2",64.6,60,2198,5.62,5.59,3.62
2.09,"Premium","H","SI2",61.4,60,14581,8.24,8.2,5.05
0.47,"Ideal","F","VVS1",61.6,56,2113,5,5.02,3.09
0.36,"Ideal","J","SI1",61.6,56,597,4.61,4.58,2.83
0.4,"Ideal","J","VVS2",61.8,55,662,4.76,4.79,2.95
0.9,"Very Good","E","SI1",61.6,57,4463,6.19,6.25,3.83
0.32,"Premium","D","SI1",60.4,58,756,4.47,4.44,2.69
1.05,"Ideal","J","VS1",62.8,57,4116,6.45,6.41,4.04
1.05,"Ideal","G","VVS1",60.1,57,8623,6.58,6.63,3.97
0.43,"Ideal","G","VVS1",61.5,56,1207,4.85,4.87,2.99
0.71,"Premium","E","VS2",62.3,58,2823,5.71,5.66,3.54
0.91,"Ideal","F","SI2",61.7,56,4642,6.21,6.24,3.84
0.51,"Very Good","J","SI1",63.3,56,1071,5.12,5.02,3.21
1.44,"Ideal","D","SI1",63,55,10725,7.23,7.18,4.54
0.3,"Very Good","D","VS2",62.8,57,710,4.29,4.31,2.7
0.31,"Ideal","F","VS2",62.3,57,625,4.3,4.34,2.69
0.9,"Ideal","G","SI1",62.4,57,4059,6.15,6.19,3.85
0.51,"Ideal","F","VS2",61,55,1591,5.17,5.21,3.17
1.01,"Premium","H","SI1",61.2,58,4642,6.47,6.43,3.95
0.38,"Very Good","D","VS2",60.9,58,933,4.63,4.67,2.83
0.37,"Premium","E","VVS2",59.7,61,1082,4.71,4.67,2.8
0.53,"Ideal","F","VS2",61.5,55,1631,5.2,5.27,3.22
0.4,"Ideal","E","VVS2",62.1,56,1158,4.7,4.73,2.93
0.42,"Very Good","H","SI1",61.5,54,670,4.87,4.89,3
0.32,"Ideal","F","VS2",60.3,55,828,4.45,4.4,2.67
1,"Premium","G","SI1",60.2,59,4427,6.5,6.39,3.88
1.04,"Premium","E","SI1",62.2,56,5612,6.56,6.49,4.06
1.03,"Premium","E","VS1",61.4,58,7677,6.52,6.58,4.02
0.28,"Ideal","H","IF",63,55,586,4.14,4.19,2.62
1.12,"Very Good","I","VS2",63.9,52,4914,6.58,6.65,4.23
1.53,"Ideal","I","VS2",61.7,57,9189,7.36,7.41,4.56
0.33,"Ideal","G","VVS2",62.6,53,702,4.43,4.45,2.78
0.31,"Very Good","D","SI1",63.5,56,732,4.31,4.29,2.73
0.4,"Premium","F","VVS2",60.8,59,1088,4.72,4.76,2.88
0.54,"Ideal","D","VS2",61.9,55,1817,5.23,5.24,3.24
2.06,"Premium","J","I1",61.2,58,5203,8.1,8.07,4.95
0.33,"Good","D","SI1",63.1,55,567,4.42,4.46,2.8
0.42,"Ideal","D","SI1",63,55,970,4.79,4.76,3.01
0.58,"Very Good","E","VS2",61.9,58,1656,5.31,5.36,3.3
1.51,"Premium","F","SI1",61.4,58,11817,7.43,7.35,4.54
1.11,"Premium","H","VS2",61.7,58,5450,6.64,6.69,4.11
0.39,"Very Good","F","VVS2",63.3,56,944,4.63,4.66,2.94
0.4,"Ideal","G","VS2",62,56,1240,4.73,4.78,2.95
1.01,"Good","E","SI1",64.1,59,4399,6.31,6.35,4.06
0.32,"Ideal","F","VVS1",61.7,55,867,4.38,4.43,2.72
0.31,"Good","G","SI1",63.6,57,593,4.33,4.29,2.74
1,"Premium","D","VVS2",63,59,9918,6.38,6.35,4.01
1.54,"Premium","H","SI1",62.2,58,10466,7.45,7.32,4.59
1.13,"Ideal","E","SI1",61.7,57,6674,6.65,6.81,4.15
0.7,"Premium","F","SI2",60.6,57,1806,5.81,5.74,3.5
0.72,"Ideal","H","VS2",61.7,56,3122,5.74,5.77,3.56
0.33,"Ideal","G","IF",61.9,55,946,4.44,4.45,2.75
1.02,"Premium","D","SI2",59.5,62,4912,6.56,6.52,3.89
0.9,"Good","G","SI1",57.7,62,3226,6.29,6.23,3.61
0.39,"Ideal","I","VS1",62.5,54,1047,4.7,4.67,2.92
0.5,"Ideal","E","VS1",62.2,54,1665,5.1,5.13,3.18
1.24,"Ideal","G","VS1",61.1,57,8449,6.98,6.91,4.24
0.64,"Premium","H","SI1",60,59,1274,5.63,5.57,3.36
1.3,"Premium","H","VS2",62.7,58,5824,7.01,6.97,4.38
0.7,"Very Good","H","VS1",62.4,57,2145,5.64,5.7,3.54
0.7,"Premium","I","SI2",63,56,1715,5.71,5.63,3.57
0.39,"Very Good","J","VVS1",62.8,58,718,4.61,4.66,2.91
0.7,"Premium","E","SI2",62.1,59,2273,5.65,5.63,3.5
0.36,"Very Good","D","SI1",63.2,56,794,4.56,4.52,2.87
0.74,"Ideal","I","VVS1",62.3,55,2715,5.77,5.82,3.61
1.01,"Very Good","D","SI2",62,57,5656,6.41,6.46,3.99
1.02,"Very Good","F","SI2",63,58,4162,6.38,6.44,4.04
1.51,"Premium","J","SI2",59.7,62,5327,7.46,7.42,4.44
0.59,"Ideal","E","SI2",62.2,55,1286,5.38,5.4,3.35
0.7,"Ideal","E","VS2",61.9,56,3142,5.69,5.72,3.53
0.9,"Premium","H","VS2",62,57,4082,6.16,6.1,3.8
0.7,"Good","E","VS2",57.5,58,2759,5.85,5.9,3.38
1.01,"Fair","G","VS2",65.1,56,5950,6.2,6.15,4.02
0.91,"Very Good","D","SI2",62.7,59,3298,6.16,6.22,3.88
1,"Good","F","SI1",63.6,62,4504,6.24,6.3,3.99
0.53,"Very Good","D","SI2",62.9,54,1314,5.13,5.17,3.24
1.14,"Very Good","F","VVS1",62.2,55.9,11737,6.67,6.69,4.16
0.31,"Ideal","H","VVS2",62.6,56,802,4.37,4.32,2.72
0.31,"Ideal","F","VVS1",62,55,828,4.34,4.37,2.7
0.61,"Ideal","G","VS1",62.1,56,2167,5.42,5.44,3.37
0.28,"Ideal","H","VS1",61.8,57,497,4.2,4.22,2.6
0.56,"Ideal","H","VS2",60.9,57,1388,5.32,5.36,3.25
0.7,"Very Good","G","VS2",59,60,2437,5.76,5.83,3.42
0.46,"Ideal","F","SI1",62.5,56,953,4.92,4.94,3.08
2,"Premium","J","SI1",62.2,59,12308,7.97,7.92,4.94
1.51,"Very Good","F","VS2",62.5,58,14165,7.21,7.36,4.55
0.38,"Ideal","E","VS2",61.7,55,866,4.66,4.68,2.88
0.56,"Ideal","D","VS2",62.1,57,2066,5.28,5.25,3.27
0.71,"Ideal","D","VS1",61.7,56,4380,5.71,5.74,3.53
0.35,"Ideal","D","VS2",62.4,57,1063,4.56,4.51,2.83
1,"Good","D","SI2",62.8,61,4520,6.31,6.36,3.98
1.16,"Premium","H","SI2",62.6,57,4979,6.75,6.67,4.2
1.47,"Very Good","H","SI2",59.3,59,7438,7.34,7.39,4.37
0.76,"Ideal","E","SI1",61.7,57,2814,5.88,5.85,3.62
1.24,"Ideal","G","VVS2",61.2,56,9788,6.92,6.88,4.22
0.57,"Ideal","I","VVS1",61.7,56,1608,5.31,5.35,3.29
0.5,"Good","F","VS2",63.3,57,1436,5.01,5.07,3.19
1.1,"Premium","G","VS2",60.5,60,6284,6.67,6.58,4.01
1.04,"Ideal","F","VS1",61.4,57,7015,6.51,6.56,4.01
1.11,"Ideal","H","SI1",62.6,57,5688,6.64,6.59,4.14
0.4,"Very Good","F","VVS2",62.8,56,1088,4.69,4.73,2.96
0.33,"Very Good","G","VS1",61,57,652,4.46,4.49,2.72
1.01,"Premium","G","SI1",59.2,59,4338,6.58,6.52,3.88
0.38,"Ideal","F","SI1",60.9,55,844,4.7,4.72,2.87
1.03,"Ideal","D","SI1",61.3,56,6610,6.48,6.54,3.99
1,"Ideal","E","VS2",62,56,6261,6.42,6.36,3.96
0.51,"Premium","E","SI1",61.8,58,1443,5.15,5.11,3.17
0.42,"Ideal","D","VS1",61.1,57,1179,4.81,4.84,2.95
0.39,"Ideal","E","I1",62.8,57,655,4.66,4.61,2.91
0.56,"Ideal","D","SI2",62.2,55,1243,5.29,5.32,3.3
1.02,"Ideal","G","VS1",61.3,56,7192,6.49,6.53,3.99
0.37,"Ideal","E","VS2",62,57,1041,4.63,4.6,2.86
0.31,"Ideal","F","IF",62.3,54,914,4.37,4.39,2.73
0.32,"Ideal","I","VS1",62.4,54,505,4.36,4.39,2.73
1.51,"Ideal","E","VS2",62.7,57,14482,7.31,7.26,4.57
0.4,"Premium","D","VS2",60.5,59,982,4.76,4.8,2.89
1.7,"Ideal","G","VS1",62.9,57,13605,7.59,7.52,4.75
0.78,"Good","G","SI2",57.9,63,1720,6.05,6,3.49
0.33,"Ideal","E","VVS1",61.9,54,917,4.43,4.45,2.75
0.41,"Very Good","E","SI1",63.3,57,969,4.75,4.73,3
0.31,"Ideal","I","SI1",62.1,53,498,4.34,4.36,2.7
1.01,"Ideal","E","VS1",60.4,59,7458,6.52,6.5,3.93
0.52,"Very Good","F","SI2",57.9,61,1273,5.28,5.33,3.07
1.02,"Ideal","G","VS1",61.3,57,7324,6.48,6.51,3.98
0.54,"Ideal","G","VS1",61.4,57,1567,5.2,5.23,3.2
2,"Very Good","H","SI1",62.8,57,18803,7.95,8,5.01
1.64,"Premium","J","SI2",63,58,5624,7.54,7.49,4.74
0.41,"Premium","E","VS1",60,58,1079,4.8,4.83,2.89
0.9,"Fair","I","SI2",65.3,57,2536,5.98,5.93,3.89
0.39,"Ideal","J","VS2",61.4,57,581,4.66,4.72,2.88
1.41,"Very Good","F","VS1",63.4,63,11010,7.13,6.97,4.47
1.12,"Ideal","G","I1",60.3,57,3874,6.73,6.8,4.08
1.2,"Very Good","G","VS2",62.2,57,7983,6.75,6.78,4.21
0.31,"Ideal","E","VVS2",61.2,56,979,4.37,4.39,2.68
0.57,"Very Good","D","VVS1",60.4,57,2945,5.39,5.44,3.27
0.9,"Premium","E","SI2",62.6,60,3599,6.18,6.09,3.84
0.79,"Ideal","F","SI1",61.3,56,3163,5.96,6.01,3.67
0.81,"Good","G","VS2",62.9,58,3250,5.88,5.94,3.72
1.52,"Ideal","D","SI1",60.6,58,14426,7.46,7.4,4.51
0.41,"Ideal","F","VVS1",61.2,57,1205,4.79,4.85,2.95
0.92,"Very Good","G","SI2",62.4,60,3713,6.18,6.22,3.87
0.41,"Ideal","E","VS2",61.8,54,935,4.76,4.79,2.95
1.59,"Very Good","J","VS2",62.9,58.1,8526,7.39,7.45,4.66
0.71,"Very Good","D","SI2",59.6,63,1758,5.8,5.71,3.44
1.18,"Very Good","E","I1",62.5,58,3894,6.62,6.75,4.18
0.53,"Very Good","D","SI1",59.1,59,1415,5.27,5.33,3.13
2.29,"Premium","I","VS2",60.8,60,18823,8.5,8.47,5.16
0.34,"Very Good","F","VVS1",61,56,939,4.52,4.53,2.76
0.39,"Ideal","F","VVS2",61.8,55,1097,4.68,4.75,2.92
0.52,"Ideal","E","VS1",61.9,55,2105,5.16,5.18,3.2
0.52,"Ideal","G","SI1",60,56,1346,5.24,5.27,3.15
0.41,"Premium","F","VS2",61.6,59,863,4.74,4.77,2.93
0.23,"Very Good","E","VVS2",60.9,59,530,3.96,3.99,2.42
0.88,"Ideal","I","SI1",61.7,56,3328,6.14,6.18,3.8
0.36,"Premium","E","VS2",62.3,58,1013,4.55,4.51,2.82
1.07,"Ideal","H","VS2",61.8,56,5108,6.52,6.55,4.04
0.53,"Premium","H","IF",62.5,59,1957,5.15,5.18,3.23
0.51,"Ideal","F","SI2",62.7,57,1046,5.08,5.1,3.19
0.3,"Premium","H","IF",60.4,60,789,4.3,4.34,2.61
0.51,"Very Good","E","SI1",59.4,57,1284,5.2,5.24,3.1
1.01,"Fair","F","SI2",58.2,61,4127,6.48,6.52,3.78
0.72,"Fair","E","SI1",56.9,61,2498,5.91,5.97,3.38
0.92,"Very Good","F","SI1",63.5,58,3967,6.16,6.12,3.9
0.7,"Premium","H","SI1",60.3,55,2176,5.8,5.75,3.48
1.55,"Premium","J","SI1",62.5,58,7638,7.4,7.36,4.61
2.14,"Premium","G","SI2",60.1,58,12792,8.4,8.35,5.03
1.21,"Ideal","I","VS1",60.5,58,6292,6.95,6.89,4.19
1.29,"Ideal","I","SI1",61.9,56,6372,6.97,7.03,4.33
0.3,"Fair","F","SI1",63.1,58,496,4.3,4.22,2.69
0.93,"Premium","F","SI1",62.3,58,4373,6.18,6.22,3.86
0.3,"Very Good","E","VS1",58.4,62,640,4.37,4.43,2.57
0.29,"Ideal","I","VS1",61.7,56,444,4.22,4.27,2.62
0.7,"Ideal","I","VVS1",61.4,55,2489,5.7,5.76,3.52
1.51,"Very Good","F","SI1",62.4,55,11190,7.28,7.34,4.56
0.42,"Ideal","I","VS1",61.5,56,771,4.83,4.86,2.98
0.43,"Very Good","G","VVS2",62.2,55,1056,4.81,4.84,3
0.4,"Very Good","E","VS2",62.2,56,912,4.72,4.74,2.94
1.25,"Very Good","I","SI2",61,60,4950,6.93,6.98,4.24
0.39,"Very Good","G","SI1",62.4,58,684,4.67,4.72,2.93
0.42,"Ideal","F","SI1",61.6,56,886,4.83,4.81,2.97
0.58,"Ideal","G","VVS2",61.8,56,2133,5.35,5.36,3.31
0.35,"Ideal","F","VS2",62.4,55,706,4.51,4.53,2.82
0.51,"Very Good","D","SI1",62.3,63,1387,5.08,5.03,3.15
2.31,"Very Good","J","VS2",59.7,60,14830,8.53,8.59,5.11
0.91,"Ideal","I","SI2",61.6,57,2981,6.24,6.23,3.84
1.22,"Ideal","H","VS2",61.3,56,8596,6.85,6.88,4.21
1.22,"Premium","I","SI1",59,61,5466,7.02,6.98,4.13
0.43,"Very Good","H","VVS1",60.2,55,1220,4.92,4.95,2.97
0.51,"Fair","E","SI1",64.8,58,1237,5.07,5.02,3.27
0.41,"Ideal","F","SI1",61.4,57,753,4.76,4.79,2.93
1.06,"Ideal","G","VVS2",62.9,56,7836,6.6,6.56,4.14
0.36,"Premium","D","SI1",59.6,58,851,4.65,4.61,2.76
0.81,"Ideal","E","VS2",61.5,57,3975,6,6.06,3.71
0.32,"Ideal","G","SI2",61.6,56,459,4.4,4.43,2.72
0.5,"Very Good","D","VS2",61.2,55,1682,5.07,5.12,3.12
0.58,"Ideal","F","VS1",59.9,59,1979,5.42,5.47,3.26
0.95,"Ideal","E","SI2",62.2,56,4068,6.26,6.35,3.92
0.29,"Good","E","VVS2",62.7,61,633,4.2,4.22,2.64
0.26,"Very Good","E","VVS2",61.7,60,599,4.11,4.12,2.54
0.32,"Ideal","H","VS1",61.3,55,720,4.43,4.41,2.71
0.74,"Ideal","E","VS2",60.2,55,3518,5.87,5.92,3.55
0.3,"Premium","D","VS2",60.6,59,710,4.28,4.36,2.62
0.38,"Premium","E","VS2",60.3,58,1112,4.72,4.67,2.83
0.59,"Ideal","G","SI1",62.3,55,1431,5.37,5.39,3.35
0.3,"Premium","D","VS2",60.3,60,911,4.31,4.28,2.59
0.56,"Ideal","G","VS1",60.3,57,1824,5.37,5.41,3.25
0.72,"Good","G","VS2",63.1,57,2708,5.71,5.74,3.61
0.31,"Premium","G","VS2",60.9,58,698,4.38,4.35,2.66
0.33,"Very Good","G","VVS1",61.4,60,868,4.39,4.44,2.71
0.7,"Premium","E","SI2",62.9,59,2307,5.67,5.59,3.54
0.5,"Very Good","E","VS2",62.9,60,1559,5.07,5.1,3.2
1.25,"Ideal","G","SI2",61.6,57,5259,6.91,6.98,4.28
2.22,"Ideal","J","VS1",61.8,59,16689,8.34,8.37,5.16
1.21,"Ideal","F","VS1",62.2,54.9,8629,6.79,6.84,4.24
0.3,"Premium","D","SI2",61.2,60,574,4.31,4.28,2.63
0.5,"Good","E","SI1",63.8,55,1415,5.09,5.04,3.23
1.2,"Premium","F","SI1",62.9,58,6435,6.76,6.69,4.23
0.5,"Premium","D","VS1",62.8,58,1807,5.05,5.01,3.16
0.56,"Good","F","SI1",63.2,56,1340,5.24,5.29,3.33
2.01,"Good","H","SI2",62.2,57,14956,8.05,8.1,5.03
2.09,"Ideal","I","SI2",63,57,14838,8.13,8.09,5.11
1.2,"Good","F","VS1",64,56,6209,6.63,6.58,4.23
0.38,"Ideal","G","SI1",62.1,54,969,4.67,4.64,2.9
1.05,"Ideal","G","VS1",61.5,55,7247,6.56,6.59,4.04
1.01,"Good","H","SI1",63.7,60,4836,6.35,6.3,4.03
0.32,"Very Good","E","VVS2",61.6,54,816,4.43,4.46,2.74
1.52,"Premium","D","SI1",60.2,58,12502,7.49,7.46,4.5
2.28,"Good","J","SI1",63.7,55,14220,8.28,8.35,5.3
1.07,"Ideal","F","VVS2",62.3,57,10061,6.56,6.58,4.09
1.13,"Premium","I","SI2",62.2,59,3987,6.67,6.61,4.13
0.4,"Premium","J","VS1",59.7,59,631,4.79,4.83,2.87
0.72,"Ideal","H","SI1",62.2,58,2458,5.72,5.76,3.57
0.74,"Very Good","E","VS2",61.4,63,2638,5.79,5.77,3.55
0.41,"Very Good","E","SI1",62.9,57,755,4.72,4.76,2.98
0.3,"Premium","G","VS1",62.2,59,776,4.31,4.28,2.67
0.5,"Good","I","VS2",64.6,59,987,4.9,4.95,3.18
0.7,"Ideal","J","VS1",62.2,56,1782,5.67,5.71,3.54
0.6,"Ideal","G","VVS1",61.5,56,2509,5.44,5.47,3.35
0.38,"Ideal","D","VS1",61.9,53.5,983,4.66,4.69,2.9
0.9,"Very Good","D","VS2",63.5,61,4521,6.16,6.09,3.89
1.51,"Very Good","J","VS2",62.2,60,7557,7.27,7.32,4.54
0.3,"Ideal","D","SI1",61.9,54,552,4.32,4.34,2.68
0.5,"Ideal","G","VVS2",62.7,54,1784,5.05,5.09,3.18
1.01,"Ideal","G","VS1",61.9,54,7179,6.44,6.48,4
2.24,"Premium","I","SI2",62.5,59,16097,8.36,8.28,5.2
0.31,"Good","F","VS1",56.7,60,814,4.57,4.5,2.57
0.28,"Premium","G","VVS2",60.2,60,504,4.24,4.26,2.56
1.01,"Good","D","SI2",57.6,62,4260,6.56,6.66,3.81
0.48,"Premium","E","VS2",62.5,61,1323,5.01,4.97,3.12
1.5,"Very Good","E","SI2",62.7,56,8827,7.33,7.38,4.61
0.51,"Ideal","G","VS1",61.6,54,1599,5.16,5.19,3.19
1.51,"Fair","H","SI2",65.5,56,6816,7.18,7.13,4.69
0.9,"Fair","H","VS2",64.8,58,3538,6.07,6.03,3.92
0.72,"Premium","I","SI1",62,52,1922,5.71,5.67,3.53
0.41,"Premium","F","VS2",62.6,58,1107,4.81,4.75,2.99
0.3,"Ideal","E","VS1",60.7,57,911,4.36,4.31,2.63
0.43,"Good","G","SI2",58.8,61,661,4.92,4.94,2.9
1,"Fair","G","SI1",68.9,56,3833,6.16,6.11,4.23
1.58,"Ideal","H","VVS2",62,56,12897,7.44,7.49,4.63
0.32,"Premium","G","VS1",61,59,828,4.43,4.39,2.69
1.24,"Ideal","J","SI1",61.8,57,5000,6.92,6.86,4.26
0.54,"Ideal","D","VS2",61.8,56,2041,5.25,5.23,3.24
0.78,"Very Good","I","VVS2",61.4,56,2816,5.91,5.95,3.64
1.37,"Premium","E","VS1",59.4,60,12713,7.27,7.2,4.3
0.73,"Very Good","E","SI2",63.3,57,2409,5.72,5.69,3.61
0.92,"Very Good","D","SI2",62.5,59,3613,6.2,6.24,3.89
0.39,"Good","D","VVS2",58.1,60,1056,4.82,4.85,2.81
0.44,"Good","H","SI1",63.5,57,733,4.82,4.85,3.07
2.06,"Premium","F","SI2",61.7,59,16857,8.21,8.13,5.04
1.52,"Premium","I","SI1",61.9,58,8631,7.42,7.37,4.58
1.17,"Ideal","H","SI1",61.1,57,6368,6.77,6.83,4.16
0.3,"Ideal","E","VVS2",61.7,57,789,4.31,4.34,2.67
0.52,"Ideal","F","VS1",62.2,55,1778,5.14,5.18,3.21
0.34,"Premium","E","VS2",61.9,58,745,4.43,4.45,2.75
0.9,"Good","G","SI1",65.2,58,3669,6,6.06,3.93
0.3,"Ideal","G","VVS1",61.7,57,1013,4.32,4.3,2.66
0.23,"Very Good","F","VS2",61.6,59,402,3.96,4,2.45
0.35,"Ideal","D","VVS1",61.5,57,1247,4.55,4.52,2.79
1.31,"Premium","G","VS2",60.3,58,9296,7.13,7.1,4.29
0.8,"Very Good","D","SI1",62.9,60,3502,5.89,5.94,3.72
0.45,"Good","F","VS1",58.6,62.2,1144,5,5.05,2.95
0.61,"Very Good","G","SI1",59.7,63,1548,5.5,5.43,3.26
1.2,"Premium","G","VS1",61.4,60,8596,6.86,6.81,4.2
0.91,"Very Good","H","VS2",62.6,57,4922,6.15,6.21,3.87
0.52,"Ideal","F","VVS2",60.6,56,2137,5.22,5.24,3.17
0.71,"Ideal","G","SI1",61.3,55,3007,5.73,5.79,3.53
0.34,"Ideal","E","VS1",62.4,55,805,4.44,4.47,2.78
0.7,"Premium","G","SI2",58.1,60,2056,5.81,5.79,3.37
0.35,"Ideal","D","VVS1",62,54,1266,4.56,4.57,2.83
0.55,"Premium","E","SI1",60.8,58,1698,5.32,5.29,3.22
0.44,"Ideal","D","VS1",62.3,55,1235,4.84,4.88,3.03
1.21,"Ideal","G","VS1",62.7,54,8759,6.79,6.83,4.27
1.2,"Premium","H","VS1",62.7,58,6727,6.75,6.65,4.2
0.91,"Very Good","H","SI1",59.2,60,3998,6.3,6.41,3.76
0.51,"Ideal","F","VVS1",62,57,2787,5.11,5.15,3.18
1.51,"Premium","E","VS2",62.2,59,14844,7.4,7.36,4.59
0.25,"Premium","E","VVS1",60.7,60,576,4.09,4.11,2.49
0.57,"Good","D","SI1",62.2,64,1847,5.29,5.23,3.27
0.47,"Ideal","J","VVS2",62.1,54.5,953,4.97,4.99,3.09
0.77,"Good","F","SI1",63.2,57,2642,5.82,5.85,3.69
0.31,"Very Good","G","VS2",61,56,544,4.35,4.37,2.66
0.77,"Premium","F","SI1",60,61,2745,5.97,5.93,3.57
1.22,"Premium","G","VS2",60.9,57,8067,6.94,6.89,4.21
0.32,"Good","I","SI1",63.1,56,432,4.36,4.39,2.76
0.58,"Premium","E","SI1",60.7,61,1641,5.47,5.27,3.28
0.3,"Ideal","F","VS2",61.6,57,605,4.28,4.32,2.65
0.41,"Very Good","E","VS1",62.2,58,954,4.74,4.78,2.96
1.16,"Ideal","G","IF",62.3,55,9901,6.73,6.79,4.21
0.7,"Fair","G","VS1",65.2,57,2290,5.56,5.52,3.61
0.3,"Very Good","E","VS2",62.9,58,658,4.22,4.24,2.66
1.22,"Very Good","E","SI1",63.4,56,5397,6.79,6.76,4.29
0.4,"Very Good","G","VVS1",60.9,57,1123,4.76,4.8,2.91
0.57,"Very Good","F","SI2",63.5,56,1397,5.28,5.25,3.34
1.25,"Ideal","H","SI2",62.7,56,5670,6.92,6.87,4.32
0.46,"Premium","E","VS1",61.9,58,1372,4.91,4.94,3.05
0.74,"Ideal","E","VS2",61.9,57,2901,5.81,5.78,3.59
1.1,"Fair","E","SI1",65.5,57,3891,6.45,6.37,4.2
0.3,"Premium","H","VS1",62.1,59,630,4.28,4.25,2.65
0.78,"Ideal","G","VS1",61.6,55,3736,5.91,5.94,3.65
0.55,"Ideal","F","VVS1",61.2,54,3005,5.3,5.35,3.26
2.01,"Fair","D","SI2",66.9,57,16086,7.87,7.76,5.23
0.9,"Very Good","H","SI2",59.5,63,3160,6.26,6.31,3.74
0.46,"Very Good","F","SI1",60.1,57,904,5.01,5.04,3.02
1.77,"Premium","J","SI2",62,55,8840,7.84,7.72,4.82
0.73,"Very Good","F","VVS1",60.6,56,3720,5.79,5.83,3.52
0.35,"Premium","H","VVS2",61.9,58,906,4.54,4.5,2.8
0.38,"Very Good","F","VS2",61.9,54.8,906,4.63,4.69,2.89
0.9,"Good","I","IF",63.7,64,3669,6.07,6.02,3.85
0.31,"Premium","D","SI1",61.4,58,732,4.39,4.34,2.68
1.04,"Ideal","G","VVS1",62.5,55,8268,6.54,6.45,4.06
0.4,"Ideal","G","VVS2",61.4,53,883,4.73,4.81,2.93
1.21,"Ideal","F","SI2",61.8,57,5996,6.82,6.87,4.23
1.42,"Ideal","I","VS2",62.9,57,6069,7.21,7.07,4.49
0.72,"Ideal","F","SI2",61.9,54.1,2651,5.73,5.83,3.57
0.75,"Good","E","VS2",62.6,58,3084,5.73,5.78,3.6
0.51,"Ideal","G","SI2",61.3,55,1094,5.17,5.19,3.17
0.7,"Very Good","F","VVS1",60.6,60,3536,5.67,5.7,3.45
0.31,"Ideal","G","VVS1",62.2,55,789,4.33,4.38,2.71
0.29,"Ideal","E","VVS2",62,55,669,4.25,4.27,2.64
0.38,"Premium","E","VS2",62.2,59,866,4.63,4.67,2.89
0.27,"Ideal","E","VS1",61.6,56,470,4.14,4.17,2.56
0.78,"Ideal","H","SI2",62.6,56,1909,5.88,5.81,3.66
0.76,"Ideal","H","VVS2",61.8,57,2690,5.84,5.91,3.63
0.37,"Premium","E","SI1",61.8,58,833,4.64,4.59,2.85
0.4,"Good","D","VS2",61.2,62,827,4.7,4.75,2.89
2.29,"Premium","J","IF",61.4,60,18426,8.45,8.49,5.2
0.92,"Fair","H","SI2",66.1,57,2283,6.22,6,4.05
0.33,"Ideal","E","VS2",62.3,55,723,4.43,4.46,2.77
0.4,"Very Good","F","SI1",61.5,60,707,4.77,4.7,2.91
0.37,"Ideal","H","IF",61.7,53,936,4.66,4.68,2.88
0.33,"Premium","D","SI2",59.5,59,631,4.5,4.48,2.67
0.32,"Ideal","G","VS2",62,57,720,4.41,4.39,2.73
0.3,"Premium","H","VVS1",62.3,58,878,4.32,4.29,2.68
0.25,"Very Good","D","VVS1",63.8,54,533,3.94,3.99,2.53
0.42,"Ideal","H","SI1",61.7,55,885,4.84,4.85,2.99
0.76,"Ideal","H","VVS2",61,56,3249,5.85,5.91,3.59
0.39,"Premium","J","VS1",61.6,59,790,4.71,4.67,2.89
1.51,"Good","H","VS2",64,59,10000,7.25,7.19,4.62
1.01,"Very Good","I","SI2",61.5,62,3299,6.37,6.41,3.93
0.31,"Ideal","E","SI1",60.6,56,595,4.39,4.42,2.67
1,"Very Good","G","VS2",60.8,55,6296,6.46,6.49,3.94
0.26,"Ideal","G","VVS2",62.7,53,514,4.09,4.11,2.57
0.3,"Ideal","F","VS1",62.1,56,673,4.29,4.32,2.67
2,"Premium","G","SI1",59.3,60,14918,8.19,8.13,4.84
0.4,"Ideal","J","VS2",62.3,55,598,4.72,4.75,2.95
0.33,"Very Good","D","VVS2",60.8,58,1050,4.47,4.48,2.72
0.45,"Fair","F","VS2",64.2,58,1037,4.9,4.75,3.1
1.11,"Very Good","I","SI2",61.2,61,3956,6.65,6.69,4.08
1.04,"Very Good","H","SI2",60.2,60,4332,6.52,6.57,3.94
0.31,"Ideal","D","VS2",62.1,55,734,4.32,4.35,2.69
0.75,"Premium","D","SI2",60.3,61,2307,5.88,5.86,3.54
0.54,"Ideal","H","VS2",62.6,57,1389,5.24,5.2,3.27
0.25,"Ideal","F","VS1",61.1,58,595,4.04,4.08,2.48
2.01,"Premium","H","SI2",61.8,62,11646,8.05,7.97,4.95
0.33,"Ideal","H","SI2",61.2,54,448,4.45,4.5,2.74
0.91,"Premium","G","SI1",62.5,56,3262,6.3,6.18,3.9
1.02,"Ideal","H","SI2",61.9,56,4353,6.47,6.51,4.02
1.59,"Premium","H","SI1",61,58,8829,7.58,7.51,4.6
0.55,"Very Good","D","VVS2",61.3,57,2585,5.26,5.28,3.23
0.3,"Premium","G","IF",61,62,956,4.34,4.32,2.64
0.71,"Ideal","E","VS2",61.1,56,3342,5.77,5.79,3.53
0.3,"Very Good","G","VS1",63.1,58,776,4.28,4.24,2.69
2.07,"Premium","I","SI1",62.9,59,16392,8.15,8.09,5.11
0.34,"Ideal","D","VS2",61.4,56,805,4.5,4.53,2.77
0.32,"Premium","F","SI1",62.3,55,684,4.44,4.39,2.75
0.4,"Ideal","F","SI2",62.1,53,597,4.76,4.78,2.96
0.3,"Ideal","J","VS1",62.6,53,373,4.28,4.32,2.69
0.4,"Ideal","G","VVS2",62.6,57,931,4.68,4.75,2.95
1.01,"Premium","G","VS1",59.8,59,6529,6.55,6.5,3.9
0.41,"Very Good","F","VVS2",62.9,54,1115,4.7,4.74,2.97
0.71,"Premium","F","VS2",62.4,59,2686,5.71,5.66,3.55
0.38,"Good","I","SI1",63.7,57,529,4.63,4.57,2.93
0.4,"Ideal","I","IF",62.2,56,982,4.71,4.75,2.94
0.7,"Good","D","SI1",61.6,62,2570,5.67,5.72,3.51
1.04,"Ideal","G","VS2",61.8,56,6290,6.5,6.47,4.01
1.5,"Premium","H","VS2",62.4,59,11194,7.32,7.29,4.56
1,"Premium","J","VVS2",59.6,61,3864,6.4,6.36,3.8
1.5,"Fair","H","I1",68.9,56,5292,7,6.9,4.79
0.32,"Ideal","G","VS1",61.8,55,645,4.42,4.45,2.74
1.3,"Premium","I","VS1",62.2,59,6806,6.91,6.97,4.32
0.37,"Premium","E","SI1",60.6,54,833,4.68,4.63,2.82
0.27,"Very Good","E","VVS2",63.8,54,621,4.06,4.09,2.6
0.41,"Very Good","F","VVS1",63.3,55,1143,4.7,4.74,2.99
1.56,"Ideal","E","VS2",60.5,57,12717,7.56,7.5,4.56
0.9,"Premium","D","SI2",59.8,61,3780,6.21,6.17,3.7
0.54,"Good","E","VVS1",60.3,61,2697,5.3,5.32,3.2
0.4,"Premium","F","SI1",62.8,59,945,4.72,4.71,2.96
1.08,"Ideal","E","VS2",62,54,7548,6.62,6.57,4.09
1,"Very Good","F","SI1",62.5,56,4643,6.38,6.42,4
0.9,"Very Good","D","SI1",63.5,57,4304,6.15,6.11,3.89
0.36,"Ideal","E","SI1",61.6,56,810,4.59,4.56,2.82
1.02,"Ideal","G","VS1",61,57,7324,6.48,6.5,3.96
1.08,"Very Good","H","VS2",62.2,57,5155,6.5,6.55,4.06
0.4,"Good","G","SI1",63.1,56,655,4.72,4.75,2.99
0.31,"Ideal","G","VVS1",62,55,789,4.34,4.37,2.7
1.26,"Ideal","G","VS1",61.2,57,9032,7.03,6.95,4.28
0.57,"Very Good","J","IF",59.8,59,1592,5.39,5.41,3.23
0.32,"Ideal","H","VVS2",61.8,55,645,4.38,4.42,2.72
0.3,"Ideal","I","SI1",62.5,58,422,4.25,4.29,2.67
0.6,"Very Good","D","VS2",63.7,56,2010,5.34,5.36,3.41
0.5,"Premium","J","SI1",60.7,58,1125,5.13,5.11,3.11
2.53,"Premium","H","SI1",62.1,59,18254,8.83,8.73,5.45
0.3,"Premium","G","VS2",61.9,58,526,4.3,4.33,2.67
0.32,"Ideal","I","VS2",63,55,576,4.39,4.34,2.75
1.01,"Good","D","SI1",63.9,60,5055,6.29,6.32,4.03
0.41,"Premium","G","VS2",59.8,58,827,4.8,4.84,2.88
0.92,"Ideal","F","VS1",61.3,56,6360,6.26,6.3,3.85
0.92,"Premium","F","SI1",62,60,3910,6.26,6.19,3.86
1.52,"Premium","I","VS2",61.7,61,6793,7.35,7.3,4.52
1.01,"Very Good","H","SI1",61.9,57,4432,6.36,6.41,3.95
1.51,"Good","D","SI2",61.7,65,7384,7.31,7.38,4.53
1.34,"Ideal","G","VS1",62.7,57,9890,7.04,7.1,4.43
0.3,"Very Good","G","VVS1",61.9,59,789,4.28,4.31,2.66
0.27,"Ideal","E","VS2",62.7,55,470,4.15,4.18,2.61
0.91,"Good","E","SI2",63.1,61,3520,6.04,6.14,3.84
0.96,"Fair","F","SI1",60.7,65,4849,6.43,6.28,3.86
0.54,"Ideal","F","SI2",61.8,56,1065,5.26,5.29,3.26
0.3,"Ideal","E","VVS1",62.3,55,862,4.31,4.32,2.69
0.23,"Very Good","E","VVS2",60,56,530,4.03,4.07,2.43
0.37,"Ideal","J","SI1",62.2,53,451,4.63,4.67,2.89
1.04,"Premium","G","VS2",60.1,59,6709,6.59,6.56,3.95
1.21,"Premium","E","SI1",62.6,58,7203,6.79,6.82,4.26
0.99,"Ideal","H","SI1",61.1,56,5287,6.44,6.47,3.94
0.31,"Premium","G","VVS2",62.2,59,707,4.32,4.36,2.7
0.91,"Very Good","G","SI2",63.3,57,3282,6.12,6.08,3.86
1.24,"Ideal","I","SI1",60.6,59,6381,6.97,7.03,4.24
0.35,"Fair","E","VVS2",66.2,61,738,4.4,4.36,2.9
0.53,"Premium","H","SI1",59.4,60,1242,5.26,5.24,3.12
0.32,"Premium","I","VVS2",60.7,59,561,4.4,4.43,2.68
0.23,"Ideal","E","SI2",61.5,55,326,3.95,3.98,2.43
0.64,"Good","G","VS2",64.1,55.3,1906,5.43,5.45,3.49
0.44,"Ideal","G","VVS1",62.3,56,1202,4.85,4.87,3.03
0.32,"Ideal","I","VS2",62.2,57,576,4.42,4.39,2.74
1.13,"Premium","G","VVS1",59.3,59,8868,6.87,6.79,4.05
0.53,"Very Good","I","SI1",59.7,63,923,5.22,5.3,3.14
0.24,"Ideal","E","VVS2",61.3,57,526,4,4.02,2.46
1.07,"Premium","G","VS2",60.1,60,6022,6.76,6.6,3.99
1,"Premium","F","SI1",62.9,57,4586,6.37,6.32,3.99
0.31,"Premium","H","VS2",60,60,628,4.43,4.4,2.65
0.36,"Premium","G","SI1",61.8,60,689,4.57,4.53,2.81
0.33,"Premium","E","VVS1",60.1,58,984,4.47,4.51,2.7
0.34,"Ideal","G","VVS1",62.5,53,895,4.47,4.49,2.8
1.12,"Premium","D","SI2",61.2,59,4071,6.7,6.66,4.09
0.41,"Ideal","F","VVS1",61.8,54,1213,4.78,4.83,2.97
1.14,"Ideal","G","VS2",61.9,56,7199,6.69,6.71,4.14
0.56,"Ideal","H","VVS2",61.8,56,2118,5.28,5.33,3.28
2.01,"Premium","J","SI2",61.4,60,12407,8.14,8.07,4.98
1.13,"Ideal","G","VS1",61.7,54,7404,6.77,6.71,4.16
1.26,"Premium","E","SI2",62.9,59,6085,6.85,6.82,4.3
1.51,"Premium","F","VS2",61.9,59,14465,7.39,7.31,4.55
0.51,"Premium","H","SI2",60,62,964,5.18,5.15,3.1
0.73,"Fair","E","SI1",64.6,59,2317,5.69,5.64,3.66
0.9,"Fair","F","VS2",64.7,54,3931,6.09,6.03,3.92
0.8,"Premium","I","VS2",62.9,61,2616,5.84,5.77,3.65
0.41,"Premium","G","VS2",59.2,58,827,4.8,4.83,2.85
0.62,"Very Good","F","VS2",59.8,58,2041,5.55,5.59,3.33
1.51,"Good","E","SI1",62.8,59,11487,7.16,7.2,4.51
0.33,"Ideal","H","IF",61.9,55,1114,4.44,4.42,2.74
0.31,"Ideal","E","VVS1",59.8,60,725,4.38,4.42,2.63
1.59,"Premium","G","SI1",62.1,58,10996,7.45,7.43,4.62
0.9,"Very Good","E","SI1",62.6,58,4315,6.11,6.15,3.84
0.41,"Ideal","E","VS2",61.6,55,999,4.79,4.75,2.94
0.71,"Premium","H","SI2",61.5,57,1960,5.76,5.69,3.52
0.31,"Very Good","D","SI2",62.9,54,462,4.3,4.35,2.72
0.31,"Ideal","H","VVS1",61.8,57,907,4.35,4.32,2.68
0.45,"Premium","G","VVS1",60.8,58,1323,4.98,4.92,3.01
0.3,"Ideal","H","VS1",61.4,54,526,4.33,4.37,2.67
0.35,"Ideal","D","VVS1",61.4,55,1672,4.55,4.57,2.8
0.74,"Very Good","E","SI1",61.3,58,3009,5.8,5.84,3.57
1.22,"Very Good","J","VS2",61.9,57,4793,6.82,6.87,4.24
0.41,"Good","I","VVS2",63.1,56,827,4.72,4.75,2.99
0.3,"Ideal","H","VVS2",61.6,55,776,4.34,4.3,2.66
1.21,"Ideal","F","VS2",62.6,55,7826,6.8,6.75,4.24
0.32,"Ideal","G","VS2",61.6,57,720,4.41,4.39,2.71
0.43,"Ideal","E","SI1",62.3,57,1016,4.82,4.78,2.99
0.35,"Ideal","D","VS2",62.1,54,777,4.54,4.58,2.83
0.9,"Premium","D","SI2",62.3,58,3740,6.27,6.05,3.84
0.9,"Good","H","VS2",64.3,60,3890,6.02,6.04,3.88
1.04,"Ideal","F","SI1",62.2,57,4770,6.5,6.4,4.01
0.53,"Ideal","I","VS2",62.3,57,1243,5.15,5.18,3.22
2.01,"Good","H","SI1",62.2,58,16737,7.99,8.05,4.99
0.34,"Ideal","H","VVS2",61.8,54,686,4.47,4.49,2.77
0.9,"Very Good","H","SI1",63.3,58,3500,6.04,6.13,3.85
0.4,"Good","E","SI2",64.2,57,617,4.68,4.7,3.01
1.54,"Premium","I","VS2",61.7,59,8917,7.4,7.34,4.55
1.5,"Very Good","J","VS2",62.6,58,7492,7.25,7.29,4.55
0.7,"Premium","I","VVS1",59.1,60,2513,5.77,5.8,3.42
0.31,"Premium","H","VS1",62.6,60,698,4.32,4.3,2.7
0.34,"Ideal","G","IF",61.1,57,952,4.47,4.51,2.75
0.34,"Very Good","E","SI1",62.9,55,596,4.47,4.5,2.82
1,"Premium","F","VS2",60.6,59,5718,6.5,6.46,3.93
0.3,"Premium","E","VVS2",61.8,58,789,4.26,4.29,2.64
0.34,"Ideal","D","VS1",60.3,57,914,4.52,4.55,2.73
0.24,"Very Good","F","VVS2",60.9,55,547,4.07,4.08,2.48
0.57,"Ideal","F","SI2",62.2,53,1308,5.34,5.4,3.34
0.7,"Good","F","VS2",64.3,59,2373,5.6,5.56,3.59
1.02,"Ideal","G","VS1",61.4,57,7055,6.45,6.49,3.98
1.03,"Good","D","SI2",59.3,58,4671,6.57,6.61,3.91
0.32,"Very Good","E","VS2",62.8,54,702,4.35,4.38,2.74
1.13,"Ideal","E","SI2",61.8,57,5120,6.68,6.65,4.12
0.71,"Ideal","F","SI1",61.6,56,2416,5.71,5.75,3.53
0.52,"Ideal","D","VS2",61.5,56,1919,5.19,5.15,3.18
1.5,"Premium","H","VS2",61.2,61,10478,7.32,7.25,4.46
0.7,"Very Good","F","SI1",62.6,56,2196,5.66,5.72,3.56
0.65,"Very Good","H","SI2",62,56,1331,5.53,5.56,3.44
1.11,"Ideal","H","SI1",61.6,56,5854,6.69,6.73,4.07
1.06,"Ideal","G","VS2",61.1,57,6667,6.59,6.56,4.02
1,"Premium","E","SI1",61.6,59,5600,6.41,6.38,3.94
0.54,"Premium","H","VS2",62.6,58,1439,5.19,5.16,3.24
0.84,"Good","E","SI1",61.9,61,3577,6.03,6.05,3.74
0.32,"Ideal","I","VS2",60.3,56,576,4.45,4.44,2.68
0.83,"Good","J","SI1",63.8,58,2311,5.97,5.95,3.8
0.51,"Ideal","I","SI2",60.8,56,1051,5.14,5.26,3.16
0.32,"Ideal","E","VS2",61.4,57,608,4.4,4.46,2.72
1.52,"Very Good","F","VVS2",63.7,57,16786,7.28,7.31,4.65
0.31,"Good","D","SI1",63.1,57,571,4.3,4.32,2.72
0.32,"Ideal","G","VS1",60.8,57,828,4.42,4.39,2.68
0.31,"Ideal","G","VS2",62.2,56,698,4.34,4.31,2.69
0.91,"Fair","D","SI1",65.2,57,3730,6.08,6.04,3.95
0.44,"Ideal","E","SI1",61.1,56,1040,4.92,4.9,3
0.36,"Good","D","VS2",63.4,54,739,4.51,4.57,2.88
1.01,"Very Good","J","SI2",63.5,59,3462,6.3,6.36,4.02
1.35,"Premium","F","VS2",61.9,58,10962,7.06,7.02,4.36
0.44,"Very Good","E","SI1",62.2,60,810,4.79,4.86,3
1.24,"Ideal","F","VVS1",61.2,55,15026,6.94,6.98,4.26
1.5,"Premium","D","SI1",62.4,58,12069,7.27,7.31,4.55
0.4,"Ideal","G","VVS2",61.5,57,1172,4.74,4.76,2.92
1.25,"Premium","F","VS2",61.5,60,8840,6.93,6.89,4.25
1.7,"Good","J","VS2",64,58,8146,7.41,7.47,4.76
0.71,"Ideal","D","SI1",61.8,56,3502,5.72,5.76,3.54
0.35,"Ideal","I","VVS2",61.5,55,598,4.56,4.58,2.81
0.33,"Premium","G","VVS2",62.8,57,965,4.47,4.39,2.78
0.73,"Premium","E","VS2",58.6,60,2812,5.92,5.89,3.46
2.18,"Ideal","I","SI2",62.5,55,15850,8.34,8.31,5.2
0.9,"Very Good","E","VS2",60.4,60,4707,6.23,6.29,3.78
0.71,"Very Good","D","VS2",59.7,55,3203,5.85,5.88,3.5
0.7,"Fair","I","SI1",65,56,1720,5.6,5.5,3.61
1.29,"Ideal","G","SI2",61.5,55,6321,7.03,6.99,4.31
2.22,"Fair","H","I1",70.1,55,6564,7.77,7.74,5.44
1.51,"Good","J","VS2",59.5,61,7476,7.45,7.62,4.48
0.35,"Very Good","H","SI1",63.1,58,630,4.51,4.46,2.83
1.26,"Premium","H","SI1",62.2,58,6664,6.93,6.87,4.29
0.41,"Ideal","E","VVS2",61.4,53.9,1186,4.79,4.81,2.95
0.31,"Ideal","E","VS2",61.5,55,680,4.37,4.41,2.7
0.5,"Ideal","E","VVS2",62.2,57,2346,5.08,5.05,3.15
1,"Very Good","D","VVS2",61.3,58,9487,6.37,6.42,3.92
1.1,"Ideal","D","VVS2",62,57,11233,6.62,6.57,4.09
0.3,"Premium","D","IF",62.1,59,1130,4.27,4.29,2.66
1.5,"Fair","E","SI1",56.2,58,11489,7.71,7.6,4.3
1.12,"Very Good","G","IF",61,58,9820,6.7,6.72,4.09
0.61,"Premium","D","SI1",62.3,58,1976,5.45,5.4,3.38
0.32,"Very Good","H","VVS2",61.6,55,645,4.42,4.44,2.73
1.1,"Very Good","G","VVS1",60.4,57,8724,6.7,6.77,4.07
1.03,"Ideal","F","VVS2",61.1,57,10049,6.51,6.54,3.99
0.56,"Ideal","H","VVS1",60,56,1929,5.37,5.4,3.23
1.3,"Ideal","G","SI2",61.9,57,5169,7.01,6.95,4.32
0.7,"Ideal","F","SI1",61.7,54,2662,5.72,5.75,3.54
0.54,"Ideal","F","SI1",60.5,57,1385,5.25,5.27,3.18
1.54,"Fair","F","SI1",65.8,56,10954,7.22,7.18,4.74
0.31,"Premium","H","VVS2",61.4,59,802,4.38,4.35,2.68
1.12,"Premium","D","VS1",62.1,57,8633,6.68,6.65,4.14
1.09,"Premium","I","SI1",62.7,60,3662,6.57,6.51,4.1
0.4,"Ideal","F","VS2",61.9,55,975,4.77,4.73,2.94
1.03,"Ideal","E","SI1",62.1,56,5476,6.43,6.48,4.01
0.33,"Ideal","D","SI2",62.4,57,631,4.42,4.39,2.75
1.01,"Very Good","I","SI1",63.2,55,3676,6.4,6.32,4.02
0.23,"Very Good","G","VVS2",62.3,57,431,3.9,3.92,2.43
1.23,"Good","J","SI1",63.1,57.6,4870,6.74,6.8,4.27
0.41,"Ideal","G","VS2",62.7,55,1061,4.79,4.75,2.99
0.41,"Ideal","J","VS1",62,53.6,674,4.75,4.79,2.96
1,"Very Good","F","VS2",63.2,59,6296,6.35,6.3,4
0.31,"Very Good","I","VS2",63.1,54,558,4.34,4.31,2.73
2.03,"Very Good","I","VS2",59.9,57,17297,8.14,8.25,4.91
0.92,"Very Good","D","SI2",61.6,58,4327,6.19,6.22,3.82
0.33,"Ideal","G","IF",61.6,55,984,4.48,4.51,2.77
0.56,"Ideal","D","SI1",61.8,55,2061,5.32,5.36,3.3
0.5,"Ideal","E","SI1",59.1,61,1331,5.16,5.19,3.06
1.09,"Premium","H","SI2",61.7,60,4578,6.59,6.57,4.06
0.58,"Ideal","E","VS2",61.1,57,1984,5.41,5.39,3.3
2.03,"Good","D","SI2",63.1,59,13109,8.12,7.99,5.08
0.76,"Premium","F","SI2",61.8,58,2491,5.88,5.83,3.62
0.53,"Ideal","H","SI1",62.6,56,1077,5.28,5.1,3.25
1.08,"Ideal","E","SI1",62.6,57,5096,6.53,6.56,4.1
0.91,"Ideal","F","VS2",62.6,55,5261,6.2,6.23,3.89
2.11,"Ideal","I","SI1",61,57,15486,8.37,8.29,5.08
1.12,"Fair","D","VS2",58.9,59,7696,6.84,6.77,4.01
0.3,"Very Good","J","VS1",62.4,58,394,4.26,4.3,2.67
0.4,"Premium","F","VS1",61.9,59,1050,4.7,4.67,2.9
1.02,"Ideal","D","VVS2",62,56,11167,6.48,6.43,4
0.52,"Good","G","SI1",63.6,56,1338,5.09,5.07,3.23
0.78,"Premium","E","VS1",62.2,58,3538,5.9,5.86,3.66
0.5,"Premium","F","SI2",62.3,59,1016,5.1,5.04,3.16
2.15,"Premium","H","SI2",62.2,56,12458,8.29,8.2,5.13
0.5,"Very Good","G","VS1",59.4,60,1624,5.13,5.17,3.06
2.48,"Fair","I","SI2",56.7,66,15030,8.88,8.64,4.99
1.59,"Ideal","H","VS1",61.8,57,12047,7.42,7.49,4.61
1.51,"Good","F","VS2",61,63,13010,7.32,7.39,4.49
1,"Premium","E","SI1",60.3,62,4435,6.52,6.43,3.91
0.35,"Ideal","E","VVS2",62.6,53,849,4.52,4.55,2.84
0.71,"Premium","E","VS2",61.5,60,2858,5.76,5.68,3.52
0.55,"Ideal","E","VS2",61.8,57,1667,5.27,5.34,3.28
1.56,"Ideal","F","VS2",62,55,17108,7.41,7.45,4.61
1.06,"Ideal","I","SI2",62.7,58,4591,6.48,6.5,4.07
0.96,"Very Good","G","SI2",62.6,59,3723,6.18,6.29,3.9
0.3,"Ideal","F","VS2",62.7,57,776,4.31,4.27,2.69
0.31,"Premium","D","SI1",60.6,59,533,4.35,4.39,2.65
1,"Premium","F","SI1",60.5,56,5292,6.48,6.45,3.91
0.5,"Fair","G","VS1",65.7,63,1257,4.97,4.87,3.23
1.25,"Very Good","J","SI1",62.5,57,4702,6.83,6.86,4.28
0.42,"Ideal","G","SI1",62.2,53,704,4.8,4.84,3
0.83,"Ideal","G","VVS1",61.9,56,4963,6.03,6.05,3.74
1.23,"Ideal","I","SI2",60.6,57,4805,6.97,6.88,4.2
0.3,"Ideal","F","SI1",61.9,54,475,4.33,4.36,2.69
1.03,"Very Good","J","SI2",63.1,57,3640,6.41,6.43,4.05
0.3,"Ideal","G","VVS2",61.8,57,850,4.31,4.33,2.67
0.52,"Ideal","G","VVS2",62.1,57,2012,5.17,5.13,3.2
1.51,"Premium","G","SI2",62.8,56,8794,7.3,7.22,4.56
0.38,"Very Good","E","SI1",58.3,61,640,4.75,4.86,2.8
1,"Premium","H","SI1",61.5,58,4788,6.45,6.37,3.94
0.65,"Ideal","F","VVS2",61.3,56,2921,5.58,5.61,3.43
0.38,"Ideal","E","VVS1",62.6,56,1267,4.6,4.64,2.89
1.5,"Very Good","H","VS1",63.4,59,10652,7.13,7.2,4.54
0.32,"Ideal","H","VVS2",61.5,55,628,4.41,4.44,2.72
0.36,"Ideal","H","VS2",62.1,55,568,4.57,4.58,2.84
2.09,"Premium","H","SI2",60.6,59,17805,8.27,8.22,5
1,"Premium","F","VVS2",59.9,60,8602,6.5,6.46,3.88
0.38,"Very Good","I","SI2",62.7,58,500,4.57,4.61,2.88
0.34,"Ideal","H","VS2",61.8,55,517,4.49,4.51,2.78
0.9,"Very Good","F","SI1",61.3,58,3780,6.08,6.13,3.74
1.02,"Ideal","G","SI1",60.6,59,5044,6.55,6.52,3.96
0.52,"Very Good","H","SI1",59.3,59,1175,5.25,5.28,3.12
0.38,"Ideal","F","VVS1",62.1,55,1096,4.66,4.71,2.91
1.12,"Ideal","G","VVS2",61.9,57,9214,6.62,6.66,4.11
0.55,"Ideal","J","SI1",61.2,55,982,5.29,5.3,3.24
0.7,"Ideal","I","SI1",61.2,55,2343,5.71,5.76,3.51
0.36,"Premium","F","VS2",62,59,629,4.51,4.56,2.81
1.2,"Ideal","G","VS1",62.3,56,8596,6.82,6.77,4.23
1.11,"Ideal","H","SI1",60.6,59,5325,6.75,6.71,4.08
0.43,"Ideal","E","SI2",62.1,56,919,4.85,4.84,3.01
0.31,"Ideal","I","VS1",61.9,53.9,502,4.35,4.38,2.7
0.7,"Very Good","G","VS2",63.1,58,2479,5.65,5.61,3.55
1.07,"Very Good","F","VS1",62,56,7513,6.51,6.55,4.05
0.7,"Ideal","F","SI1",61.5,56,2348,5.74,5.7,3.52
0.33,"Ideal","E","VVS1",61.7,56,1052,4.48,4.46,2.76
0.51,"Very Good","E","SI1",60.3,63,1340,5.13,5.06,3.07
1.01,"Premium","G","SI2",61,58,4327,6.48,6.43,3.94
0.61,"Ideal","G","VS1",61.5,56,2182,5.48,5.5,3.38
0.3,"Very Good","G","VS2",63,55,526,4.29,4.31,2.71
1.01,"Good","E","VS2",63.9,59,6843,6.31,6.34,4.04
0.33,"Premium","G","VVS1",60.4,59,868,4.44,4.47,2.69
0.41,"Ideal","G","VS2",60.9,57,1061,4.84,4.79,2.93
1.02,"Ideal","H","SI1",61.6,56,4476,6.51,6.55,4.02
0.8,"Ideal","H","VS1",62.2,56,3581,5.92,5.95,3.69
0.41,"Premium","E","VS1",59.9,58,1153,4.88,4.83,2.91
1.01,"Good","I","I1",63.1,57,2844,6.35,6.39,4.02
0.52,"Premium","F","SI1",59.5,59,1338,5.31,5.24,3.14
0.28,"Very Good","D","VVS2",62.2,52,777,4.21,4.25,2.63
0.3,"Good","D","SI1",63.4,55,515,4.22,4.26,2.69
1.01,"Very Good","F","SI2",60,55,4425,6.56,6.53,3.93
1.47,"Premium","H","SI2",59.1,56,7573,7.51,7.46,4.42
0.75,"Premium","D","SI1",58.9,60,3105,5.99,5.97,3.52
1.75,"Ideal","H","I1",61.6,56,7680,7.73,7.75,4.77
2,"Ideal","I","VS1",62.3,56,12907,8.08,8.03,5.02
1.5,"Very Good","E","SI1",59.4,59,11325,7.42,7.49,4.43
0.38,"Premium","F","VS2",60.5,59,800,4.67,4.72,2.84
1.05,"Premium","H","SI1",60.2,62,5139,6.57,6.52,3.94
0.31,"Ideal","G","VVS1",62.1,53,789,4.36,4.4,2.72
0.42,"Ideal","D","SI1",62.1,54,761,4.84,4.86,3.01
2,"Ideal","H","I1",62.5,57,7204,8.05,7.98,5.01
0.8,"Very Good","F","SI1",63.4,57,2851,5.89,5.82,3.71
1.51,"Ideal","G","SI2",62.3,56,9391,7.31,7.37,4.57
0.31,"Good","G","VS2",63.6,56,544,4.26,4.29,2.72
1.01,"Premium","D","SI2",61.7,57,5006,6.49,6.44,3.99
0.51,"Ideal","F","SI1",61.5,55,1580,5.13,5.18,3.17
0.32,"Ideal","G","IF",61,57,918,4.41,4.44,2.7
1.04,"Ideal","F","SI2",61.8,56,4630,6.53,6.49,4.02
0.59,"Ideal","G","VVS2",62.2,56,2169,5.35,5.39,3.34
1.55,"Premium","D","VS2",61.5,58,15991,7.48,7.51,4.61
0.5,"Ideal","D","VS2",61.1,57,2243,5.11,5.13,3.13
0.71,"Ideal","G","VS1",62.9,58,2820,5.66,5.69,3.57
0.5,"Very Good","G","VS1",61,59,1624,5.09,5.14,3.12
0.38,"Ideal","G","VS2",61.5,57,840,4.66,4.68,2.87
1.1,"Ideal","G","SI2",62.1,56,4750,6.63,6.61,4.11
1.03,"Premium","H","SI1",61.1,59,4603,6.56,6.5,3.99
0.91,"Premium","H","VS2",62.3,57,3963,6.22,6.13,3.85
0.51,"Ideal","E","SI1",61.7,55,1343,5.13,5.17,3.18
0.56,"Ideal","D","VS2",61,57,2066,5.35,5.28,3.24
0.59,"Premium","G","VS2",62.6,56,1717,5.39,5.34,3.36
0.23,"Very Good","E","VVS2",62.8,58,505,3.92,3.94,2.47
2.06,"Premium","I","SI2",61.8,58,14803,8.22,8.11,5.05
0.35,"Ideal","E","VS2",62,57,767,4.51,4.55,2.81
1,"Ideal","E","SI2",62.3,57,4077,6.33,6.28,3.93
0.58,"Very Good","F","SI2",63,56,1173,5.34,5.26,3.34
0.3,"Very Good","F","SI1",58.4,59,489,4.42,4.45,2.59
0.2,"Ideal","D","VS2",61.5,57,367,3.81,3.77,2.33
0.75,"Very Good","E","SI1",59.2,59,3260,5.93,5.97,3.52
1,"Very Good","I","SI2",62.4,63,3276,6.44,6.35,3.99
1.51,"Good","J","VS2",64,58,7062,7.27,7.24,4.64
0.52,"Premium","E","I1",60.8,60,1037,5.2,5.17,3.15
0.34,"Ideal","D","I1",62.5,57,413,4.47,4.49,2.8
0.9,"Very Good","F","SI1",62.7,59,4119,6.12,6.16,3.85
0.92,"Premium","F","I1",60.7,58,2607,6.29,6.26,3.81
0.29,"Very Good","H","VVS2",61.2,56,541,4.26,4.29,2.61
0.83,"Ideal","H","SI1",62.4,57,2720,6.03,5.98,3.75
0.39,"Ideal","F","VVS1",62.1,55,1124,4.69,4.71,2.92
1.18,"Ideal","H","SI2",62.2,56,5657,6.74,6.76,4.2
1.28,"Ideal","G","IF",60.8,57,11372,7.02,7.05,4.28
1.01,"Very Good","F","VS2",60,63,6598,6.46,6.48,3.88
0.93,"Very Good","H","SI1",59.3,61,3838,6.33,6.39,3.77
0.72,"Ideal","E","SI2",61.8,55,2308,5.77,5.75,3.56
2.14,"Premium","I","VS2",59.3,59,15418,8.39,8.43,5
0.74,"Ideal","F","SI2",60.3,58,2295,5.84,5.82,3.51
0.4,"Ideal","I","VVS2",62.2,55,939,4.72,4.76,2.95
1.01,"Very Good","F","VS2",58.5,60,6037,6.52,6.54,3.82
0.75,"Very Good","E","SI1",61.5,58,2923,5.82,5.86,3.59
2.01,"Good","E","SI1",63.8,55,15093,8,7.96,5.09
2.14,"Ideal","G","SI2",62.9,56,14359,8.18,8.14,5.13
0.5,"Premium","F","SI1",62.2,59,1250,5.07,5.03,3.14
0.5,"Very Good","E","VS2",62.8,57,1624,5.04,5.12,3.19
1.05,"Premium","D","SI1",60.5,56,5927,6.7,6.59,4
2.1,"Fair","G","SI2",61.4,66,11946,8.26,8.19,5.05
0.31,"Ideal","E","VS2",61.4,54,872,4.41,4.38,2.7
1.22,"Ideal","I","VS1",61.9,55.7,6469,6.81,6.84,4.23
0.54,"Premium","H","VS1",60.8,61,1637,5.29,5.23,3.2
0.56,"Ideal","G","VS2",62.1,56,1698,5.31,5.29,3.29
1.51,"Good","G","VS2",64.2,54,11640,7.18,7.27,4.64
1.02,"Very Good","F","SI2",63,58,4319,6.37,6.43,4.03
0.44,"Ideal","G","IF",62.2,53,1348,4.9,4.94,3.06
1.07,"Very Good","E","VS1",62,60,7768,6.49,6.58,4.05
0.35,"Premium","H","SI2",62,58,551,4.5,4.47,2.78
0.52,"Ideal","E","VS2",60.7,56,1576,5.2,5.24,3.17
1.03,"Premium","D","SI2",62.5,54,4764,6.5,6.42,4.04
0.25,"Ideal","F","VVS1",60.9,57,575,4.06,4.09,2.48
0.51,"Premium","G","SI1",60.9,58,1281,5.21,5.14,3.15
0.36,"Ideal","E","SI1",62,57,810,4.57,4.53,2.82
1.59,"Ideal","E","SI2",62.3,55,11149,7.48,7.52,4.67
0.71,"Very Good","F","SI1",61.9,56,2333,5.67,5.7,3.52
0.7,"Premium","E","SI2",62,55,2135,5.65,5.61,3.49
0.43,"Premium","F","SI1",61.6,59,1016,4.87,4.83,2.99
0.4,"Very Good","H","VVS2",63.2,55,1125,4.73,4.7,2.98
1,"Good","F","VS2",63.3,55,6267,6.29,6.34,4
1.01,"Ideal","J","SI1",60.2,59,4194,6.48,6.51,3.91
0.25,"Good","E","IF",65.6,54,512,3.91,3.95,2.58
2.02,"Ideal","H","SI2",62.1,57,10826,8.13,8.09,5.04
0.7,"Very Good","E","VS1",62.2,57,3063,5.63,5.68,3.52
2.07,"Good","I","SI1",63.6,58,13993,8.09,7.99,5.11
0.3,"Ideal","G","IF",62.4,54,863,4.31,4.34,2.7
1.01,"Premium","G","SI1",62.3,59,4138,6.37,6.34,3.96
1.75,"Premium","F","SI2",58,59,8820,7.97,7.92,4.61
0.36,"Very Good","E","SI1",61.3,56,631,4.58,4.62,2.82
0.43,"Premium","F","VS2",59.8,58,905,4.89,4.94,2.94
0.37,"Premium","D","SI1",60.4,59,874,4.68,4.62,2.81
1.03,"Ideal","E","SI1",62.2,57,5234,6.42,6.48,4.01
0.63,"Ideal","E","VS2",62.1,56,2205,5.49,5.52,3.42
0.74,"Premium","F","SI1",62.7,59,2553,5.78,5.73,3.61
0.7,"Ideal","F","SI1",62.2,57,2230,5.67,5.74,3.55
0.74,"Ideal","G","VS1",60.9,55,3635,5.84,5.91,3.58
0.43,"Premium","G","VS1",60.9,57,1008,4.91,4.88,2.98
1.32,"Ideal","E","VS2",62,56,10919,7.02,7.07,4.37
1.7,"Ideal","J","VS2",62.5,57,9414,7.6,7.63,4.76
0.71,"Very Good","F","VVS1",63.3,58,3104,5.67,5.64,3.58
1.01,"Very Good","G","VS2",60,57,5886,6.53,6.6,3.94
1.21,"Premium","F","VS1",62.5,60,8879,6.77,6.7,4.21
0.9,"Premium","G","SI1",61,59,3931,6.29,6.17,3.8
0.3,"Premium","I","VS1",62.9,59,608,4.3,4.22,2.68
0.51,"Good","G","SI2",63.2,57,1002,5.03,5.07,3.19
1.24,"Ideal","H","VVS1",61.9,55,8693,6.85,6.91,4.27
0.36,"Premium","G","SI2",59.3,59,473,4.62,4.66,2.75
1.6,"Ideal","I","SI2",61.9,57,8530,7.51,7.48,4.64
0.51,"Good","F","VS2",63.1,59,1444,5.04,5.1,3.2
0.31,"Premium","D","VS2",61.7,58,816,4.37,4.32,2.68
0.6,"Premium","F","VVS2",61.3,59,2350,5.45,5.41,3.33
1.51,"Premium","D","VS2",61.7,58,15531,7.33,7.29,4.51
2.03,"Premium","J","SI2",61.6,58,12380,8.15,8.12,5.01
0.43,"Ideal","I","VVS2",62.6,57,874,4.79,4.82,3.01
1.31,"Very Good","G","SI2",63.4,58,4714,6.91,6.8,4.35
0.31,"Very Good","H","VVS2",61.9,58,625,4.3,4.33,2.67
1.01,"Very Good","F","SI1",63,58,4619,6.31,6.39,4
1,"Very Good","H","SI1",62.1,58,5247,6.44,6.45,4
1.74,"Ideal","H","SI1",61.9,55,12605,7.71,7.74,4.78
0.33,"Ideal","D","VS2",60.3,55,855,4.52,4.5,2.72
1.04,"Ideal","G","SI2",61.4,57,4375,6.48,6.54,4
0.32,"Very Good","F","VVS1",61.6,56,886,4.37,4.41,2.7
0.51,"Very Good","G","VS2",62.9,57,1438,5.06,5.12,3.2
0.7,"Ideal","D","VS1",61.1,57,3278,5.73,5.75,3.51
0.61,"Ideal","E","VVS2",62.4,53.6,2907,5.42,5.45,3.39
0.4,"Ideal","J","IF",62.4,56,1063,4.74,4.71,2.95
0.33,"Ideal","E","IF",62.1,55,1289,4.43,4.46,2.76
0.7,"Very Good","G","SI2",63.2,57,2117,5.7,5.66,3.59
1.01,"Very Good","H","SI1",62.5,58,4052,6.37,6.42,4
0.71,"Ideal","G","VS1",61.6,55,3431,5.71,5.75,3.53
1.23,"Good","I","VS1",63.6,59,5940,6.85,6.76,4.33
0.7,"Premium","F","SI1",62.1,59,2196,5.68,5.72,3.54
0.38,"Very Good","J","VS2",60.5,60,566,4.64,4.68,2.82
0.78,"Ideal","G","SI2",61.7,55,2246,5.92,5.88,3.64
0.7,"Premium","E","SI1",61.7,62,2592,5.68,5.64,3.49
1.36,"Ideal","G","VVS2",61.1,57,11848,7.14,7.2,4.38
0.7,"Premium","E","VS1",59.4,61,2826,5.78,5.74,3.42
1.01,"Premium","E","SI1",58.2,59,5366,6.59,6.54,3.82
1.29,"Very Good","H","VS1",60.8,58,8629,7.01,7.04,4.27
0.3,"Ideal","D","VS2",62.3,56,710,4.29,4.32,2.68
1.11,"Very Good","F","VVS1",59.7,55,10141,6.77,6.82,4.06
0.91,"Good","G","VS2",63.6,58,4257,6.1,6.14,3.89
1.08,"Very Good","H","VVS1",63.1,57,6623,6.57,6.52,4.13
1.09,"Ideal","G","SI1",62.4,56,5496,6.57,6.61,4.11
0.83,"Very Good","G","SI2",63.1,61,2259,5.96,5.92,3.75
2.03,"Ideal","H","SI1",60.8,57,18026,8.24,8.18,4.99
0.24,"Good","F","VS1",62.5,60,399,3.96,3.98,2.48
0.7,"Very Good","E","SI2",59.5,56,2281,5.79,5.81,3.45
2.21,"Premium","J","SI2",60.6,62,12327,8.45,8.37,5.1
0.57,"Ideal","G","VVS2",61.7,56,2206,5.33,5.3,3.28
0.32,"Ideal","D","VS2",61,57,972,4.46,4.42,2.71
1.61,"Premium","I","VS2",58.4,59,9341,7.73,7.68,4.5
1.36,"Ideal","F","VVS2",61.6,56,12608,7.17,7.08,4.39
1.21,"Premium","F","VS1",61.9,58,10245,6.82,6.76,4.2
0.61,"Ideal","D","VVS2",62.2,54,3397,5.41,5.45,3.38
1.22,"Ideal","H","SI2",62.3,55.3,5321,6.8,6.87,4.26
0.31,"Very Good","H","SI1",62.9,56,435,4.27,4.31,2.7
0.73,"Ideal","F","SI1",62.1,55,2822,5.75,5.78,3.58
1.53,"Premium","E","SI1",61.3,59,12968,7.4,7.35,4.52
0.32,"Premium","G","SI1",62,55,612,4.43,4.41,2.74
0.85,"Very Good","E","VS2",63.6,56,3997,5.97,6.01,3.81
0.7,"Very Good","E","SI1",63.9,57,3173,5.55,5.66,3.58
1.06,"Premium","F","SI1",61.9,59,4155,6.57,6.52,4.05
0.53,"Ideal","E","VS2",61.7,58,1659,5.16,5.27,3.22
0.7,"Ideal","F","SI1",61.8,53,2635,5.7,5.75,3.54
0.81,"Ideal","E","SI2",61,56,3015,5.99,6.05,3.67
0.6,"Very Good","E","SI2",62.8,56,1385,5.41,5.45,3.41
0.42,"Ideal","E","VS1",61.6,57,1105,4.8,4.84,2.97
2.01,"Premium","I","VS1",61.5,62,15475,8.07,7.94,4.92
0.36,"Ideal","F","VS1",61.9,56,789,4.56,4.59,2.83
1,"Ideal","I","SI1",62.7,56,4174,6.33,6.37,3.98
1.52,"Ideal","G","SI1",60.7,57,9530,7.38,7.41,4.49
0.34,"Very Good","E","VVS1",61.7,58,1014,4.43,4.48,2.75
0.52,"Premium","G","VVS1",59.2,58,2153,5.31,5.28,3.14
0.51,"Premium","E","SI2",61.8,58,1265,5.11,5.08,3.15
2,"Very Good","E","SI2",59.5,58,16462,8.17,8.27,4.89
1.09,"Ideal","F","VVS2",62.5,55,9668,6.52,6.6,4.1
0.42,"Premium","F","VS2",60.1,61,1013,4.88,4.84,2.92
1.02,"Premium","F","SI2",60,60,4284,6.57,6.53,3.93
1,"Very Good","F","VS1",62.1,60,6883,6.33,6.42,3.96
0.71,"Very Good","H","SI1",62.2,56,2188,5.72,5.76,3.57
0.75,"Ideal","D","VS1",62,58,4007,5.77,5.84,3.6
1.11,"Very Good","G","VS2",62.2,57,6953,6.55,6.6,4.09
0.71,"Very Good","F","SI2",59.5,58,2129,5.82,5.87,3.48
0.62,"Fair","F","SI1",55.1,66,1641,5.85,5.7,3.18
0.3,"Ideal","F","VS1",61.7,56,731,4.34,4.32,2.67
0.41,"Ideal","G","VVS1",60.2,57,1076,4.8,4.83,2.9
1.01,"Good","I","SI1",64.1,59,3676,6.24,6.21,3.99
0.53,"Ideal","H","VS1",62.3,54,1449,5.18,5.22,3.24
1.02,"Ideal","E","SI2",62.6,54.6,4983,6.4,6.44,4.02
0.71,"Very Good","G","VS2",64.5,57,2382,5.56,5.6,3.6
0.78,"Very Good","H","SI2",63.5,56,2265,5.82,5.86,3.71
0.29,"Premium","E","VVS1",60.9,61,807,4.27,4.23,2.59
1.06,"Ideal","F","SI1",61.9,57,5834,6.57,6.54,4.06
1.13,"Premium","H","SI2",59.4,58,4430,6.8,6.74,4.02
0.91,"Good","E","SI2",64.3,57,3632,6,6.04,3.87
0.47,"Ideal","E","VS2",61.7,56,1261,5.01,4.98,3.08
0.31,"Premium","E","SI1",61.2,58,651,4.38,4.34,2.67
1.01,"Very Good","F","VS2",61,57,6073,6.42,6.5,3.94
0.9,"Fair","F","VS1",66.2,55,4183,6.11,5.97,4
0.43,"Very Good","G","VVS2",60.2,56,976,4.95,4.97,2.99
1.3,"Premium","J","VS2",61.5,58,5951,7.05,7,4.32
0.6,"Ideal","E","VS2",62,56,2112,5.4,5.43,3.36
1.01,"Good","H","SI1",63.4,58,4116,6.37,6.41,4.05
0.58,"Ideal","E","VS2",62.3,54,1809,5.43,5.39,3.37
1.71,"Ideal","E","SI2",62.7,55,12978,7.62,7.69,4.8
1,"Good","I","VS2",62.6,59,4081,6.28,6.33,3.95
2.04,"Very Good","J","VS1",62.6,58,14527,8.06,8.11,5.06
1.01,"Ideal","F","VVS2",61,57,8688,6.52,6.46,3.96
0.34,"Ideal","E","SI1",62.2,54,556,4.47,4.5,2.79
1.38,"Ideal","F","SI2",62,58,7767,7.12,7.17,4.43
0.5,"Fair","H","SI1",64.9,54,1094,5.01,4.98,3.24
1.01,"Good","H","VS2",64.2,55,4839,6.38,6.34,4.08
0.38,"Ideal","G","SI1",61.3,56,855,4.67,4.63,2.85
0.32,"Ideal","D","SI2",61.7,55,612,4.4,4.38,2.71
1.09,"Ideal","D","SI1",61.9,57,6133,6.57,6.61,4.08
0.4,"Ideal","F","VS2",62,59,1059,4.77,4.71,2.95
0.3,"Very Good","E","VVS2",61.4,58,789,4.25,4.28,2.62
1.2,"Ideal","J","SI1",61.9,57,5071,6.8,6.87,4.23
0.3,"Ideal","H","VVS1",61.9,57,665,4.3,4.33,2.67
1.11,"Premium","H","SI1",61.1,60,5433,6.68,6.62,4.06
0.51,"Very Good","F","VS2",60.6,60,1601,5.18,5.22,3.15
0.38,"Ideal","G","VS2",61,55,721,4.67,4.71,2.86
0.44,"Good","J","VS1",63.1,57,694,4.83,4.87,3.06
0.91,"Fair","E","SI1",65,62,4256,6.09,6.04,3.94
1,"Premium","H","VS2",59.6,59,5069,6.54,6.47,3.88
0.5,"Very Good","G","SI1",60,63,1197,5.06,5.1,3.05
1.02,"Ideal","I","VS2",60.8,57,4281,6.42,6.5,3.93
1.02,"Good","G","VS1",57.3,59,5706,6.71,6.65,3.83
1.2,"Ideal","G","SI2",58.9,60,5562,6.98,6.94,4.1
0.82,"Premium","E","SI2",60.8,60,2824,6.05,6.03,3.67
1.21,"Premium","F","SI2",62.4,60,4310,6.77,6.73,4.21
0.7,"Ideal","G","VS1",61.4,57,3034,5.7,5.73,3.51
0.34,"Ideal","E","VS1",62.4,55,1033,4.47,4.44,2.78
0.65,"Very Good","D","VS1",60.8,57.2,2752,5.55,5.63,3.4
1.8,"Ideal","F","SI1",61.8,57,16364,7.79,7.83,4.83
0.9,"Very Good","H","VS2",62.7,59,4155,6.1,6.15,3.84
0.61,"Good","I","VS2",63.7,60,1239,5.34,5.28,3.38
2,"Good","D","SI2",64.1,57,17094,7.91,7.82,5.04
0.55,"Ideal","I","IF",60.1,56,2098,5.33,5.38,3.22
0.59,"Ideal","D","SI2",62.4,58,1419,5.35,5.39,3.35
0.55,"Ideal","E","SI1",61.8,58,1609,5.24,5.28,3.25
0.54,"Ideal","D","VS1",61.4,57,2039,5.21,5.24,3.21
1.22,"Premium","G","VS2",61.8,58,8362,6.91,6.84,4.25
1.03,"Ideal","D","VVS2",62,56,9798,6.46,6.55,4.03
0.32,"Ideal","G","IF",61.7,57,898,4.39,4.42,2.72
0.5,"Ideal","D","SI1",62,54,1404,5.09,5.13,3.17
0.3,"Ideal","E","IF",62.6,53,943,4.29,4.33,2.7
1.5,"Premium","I","SI1",62,62,8736,7.35,7.3,4.54
0.31,"Ideal","H","VVS1",61.2,58,671,4.35,4.38,2.67
2,"Good","I","SI2",64.2,52,11400,7.91,7.88,5.07
1.41,"Very Good","H","SI1",62.6,59,8283,7.08,7.14,4.45
0.9,"Premium","I","SI1",63,58,2861,6.09,6.01,3.81
1.13,"Premium","E","SI2",62.5,57,3898,6.68,6.63,4.16
0.73,"Premium","D","VS1",60,58,3620,5.86,5.9,3.53
0.4,"Ideal","D","VS2",61.6,55,1226,4.75,4.79,2.94
0.71,"Ideal","H","VS2",61.4,57,2522,5.71,5.75,3.52
1.51,"Premium","I","VS1",63,59,9513,7.3,7.28,4.59
2.61,"Good","I","SI2",64.2,63,13784,8.66,8.57,5.53
0.5,"Premium","E","VS2",60.3,58,1920,5.15,5.13,3.1
0.58,"Premium","D","VS1",59.2,60,2401,5.46,5.41,3.22
0.95,"Very Good","G","SI2",62.6,58,4194,6.17,6.23,3.88
1.21,"Ideal","H","SI1",62.6,53,6025,6.87,6.8,4.28
0.36,"Premium","E","SI2",60.6,59,648,4.61,4.57,2.78
0.49,"Very Good","G","VS2",60.1,56,1198,5.13,5.15,3.09
0.9,"Ideal","I","VS2",61.3,56,3805,6.24,6.2,3.81
1.01,"Very Good","H","SI1",63.5,57,4659,6.31,6.35,4.02
0.5,"Ideal","F","VVS2",62,53.6,2025,5.09,5.13,3.18
0.34,"Premium","H","VS1",61.3,56,765,4.53,4.48,2.76
0.31,"Ideal","E","VS2",61.9,55,872,4.39,4.36,2.71
1.53,"Ideal","G","VVS1",61.8,55,15992,7.43,7.45,4.59
0.42,"Ideal","G","VS1",62,55,921,4.78,4.83,2.98
1.02,"Premium","G","VS2",62.7,58,5407,6.44,6.36,4.01
0.37,"Premium","F","VS2",60.5,59,894,4.67,4.62,2.81
1.04,"Ideal","G","VVS2",61.7,56,9465,6.5,6.54,4.02
1.31,"Ideal","G","VS1",61.6,57,12008,6.99,7.04,4.32
0.78,"Very Good","F","SI1",62.4,58,3045,5.83,5.86,3.65
0.34,"Ideal","F","VS2",60.7,56,938,4.56,4.53,2.76
0.53,"Premium","I","VS1",62.3,58,1286,5.18,5.26,3.25
1.51,"Ideal","E","VS2",61.2,57,15025,7.47,7.37,4.54
0.57,"Premium","H","SI1",61.6,58,1247,5.37,5.34,3.3
1.21,"Good","G","VS1",63.6,56,8741,6.8,6.72,4.3
0.57,"Ideal","G","SI1",60.5,57,1369,5.4,5.37,3.26
0.4,"Good","H","SI1",60.2,63,681,4.7,4.73,2.84
0.71,"Good","I","VS2",64,59,1840,5.61,5.55,3.57
1.02,"Very Good","E","SI2",59.6,59,4398,6.54,6.59,3.91
0.92,"Very Good","E","SI1",62.1,58,4562,6.15,6.22,3.84
1.14,"Very Good","E","IF",63.3,57,12647,6.63,6.71,4.22
1.05,"Ideal","F","IF",61.7,56,13060,6.48,6.56,4.02
1.01,"Good","I","VS1",64.2,60,3484,6.35,6.27,4.05
2.25,"Premium","I","SI1",60.1,60,18034,8.55,8.51,5.13
0.3,"Premium","I","SI1",61.4,58,506,4.33,4.3,2.65
0.38,"Ideal","G","VS1",60.8,56,1069,4.71,4.66,2.85
0.9,"Premium","E","VS1",59.4,59,5438,6.31,6.28,3.74
0.54,"Ideal","G","VVS2",61.5,54,1985,5.24,5.26,3.23
1.24,"Very Good","F","VVS2",63.6,56,11268,6.75,6.8,4.31
0.76,"Ideal","D","SI1",62.8,57,3075,5.81,5.85,3.66
0.9,"Very Good","G","VS2",58.5,59,4484,6.35,6.36,3.72
0.32,"Good","I","VS1",63.2,54,505,4.38,4.42,2.78
0.3,"Ideal","E","VS2",62.3,57,844,4.3,4.27,2.67
0.91,"Ideal","E","SI1",60.7,56,3665,6.26,6.22,3.79
0.31,"Premium","J","VS2",62.4,60,488,4.33,4.29,2.69
0.4,"Premium","F","VVS2",60.8,59,1163,4.73,4.71,2.87
0.31,"Ideal","D","VS2",61.8,56,734,4.32,4.36,2.68
0.31,"Ideal","H","IF",61.2,56,789,4.36,4.4,2.68
0.72,"Very Good","F","VS1",63.2,57,3083,5.69,5.73,3.61
0.34,"Premium","G","IF",62.3,59,1014,4.46,4.49,2.79
1.2,"Premium","J","SI1",60.7,60,4514,6.88,6.92,4.19
0.54,"Ideal","H","VVS2",61.6,56,1639,5.24,5.27,3.24
0.32,"Premium","E","VVS2",61.5,58,842,4.36,4.42,2.7
0.3,"Very Good","F","VS1",63.1,59,603,4.2,4.27,2.67
1.25,"Very Good","H","SI2",62.7,57,5362,6.82,6.86,4.29
1.19,"Premium","I","SI1",62.1,59,5664,6.84,6.78,4.23
0.32,"Good","D","SI1",63.8,56,589,4.33,4.35,2.77
1.05,"Ideal","H","SI1",62,56,4223,6.53,6.46,4.03
0.71,"Very Good","F","SI1",62.1,58,2221,5.64,5.72,3.53
0.4,"Ideal","G","VS1",62.4,57,1125,4.74,4.72,2.95
0.31,"Very Good","G","VS1",60.4,59,542,4.37,4.41,2.65
1.01,"Very Good","F","SI2",63.2,59,4497,6.38,6.35,4.02
1.51,"Very Good","E","SI2",62.3,62,9936,7.15,7.26,4.49
0.91,"Premium","G","SI1",61.8,60,4045,6.18,6.21,3.83
0.5,"Very Good","G","VVS2",60.6,66,1939,5.06,5.1,3.08
0.41,"Ideal","D","VVS1",62.3,55,1582,4.78,4.75,2.97
1.5,"Good","G","VS1",63.8,58,13596,7.12,7.21,4.57
0.71,"Good","E","SI1",65.9,57,2631,5.51,5.57,3.65
0.3,"Ideal","F","IF",62,56,947,4.3,4.34,2.68
1.01,"Premium","F","SI2",61.8,54,3507,6.47,6.42,3.98
0.7,"Ideal","H","SI1",62.1,56,2113,5.74,5.67,3.54
0.32,"Ideal","H","VS1",62.1,55,672,4.4,4.39,2.73
0.51,"Ideal","G","VS1",61.8,56,1852,5.1,5.15,3.17
0.28,"Very Good","F","VVS2",61.6,56,707,4.2,4.23,2.59
0.7,"Good","D","VS2",63.9,58,3033,5.62,5.58,3.58
0.51,"Very Good","D","SI1",60,58,1380,5.19,5.24,3.13
1.09,"Ideal","J","VS2",61.3,57,4131,6.63,6.61,4.06
1,"Ideal","E","I1",61.8,56,3584,6.43,6.38,3.96
1.23,"Premium","G","SI1",62.5,62,5039,6.87,6.78,4.27
1.04,"Premium","D","IF",60.6,56,15671,6.6,6.54,3.98
0.31,"Ideal","D","VS2",61.5,56,734,4.37,4.41,2.7
1.09,"Fair","J","VS2",64.6,58,3443,6.48,6.41,4.16
1.01,"Fair","E","SI1",56.8,61,5185,6.59,6.62,3.75
0.57,"Premium","E","SI1",62.5,57,1429,5.28,5.22,3.28
2.6,"Premium","J","SI2",58.3,61,17209,9.05,8.94,5.24
0.3,"Good","F","SI2",63.3,55,394,4.29,4.33,2.73
1.2,"Ideal","H","SI2",62.7,55,5578,6.74,6.69,4.21
0.73,"Ideal","G","SI1",62.1,56,2654,5.74,5.79,3.58
0.82,"Good","J","SI1",57.5,62,2033,6.2,6.25,3.58
0.33,"Ideal","G","IF",62.2,56,984,4.43,4.45,2.76
0.43,"Ideal","G","VVS1",61.4,55,1264,4.91,4.86,3
0.54,"Good","E","SI1",61.5,56,1600,5.22,5.26,3.23
1.02,"Ideal","G","SI2",61.4,56,4255,6.52,6.47,3.99
0.7,"Ideal","J","SI1",62,55,1815,5.69,5.73,3.54
1.18,"Ideal","H","VS1",64.9,58,7216,6.57,6.53,4.25
1.01,"Ideal","G","SI2",59.3,60,4556,6.54,6.58,3.89
0.59,"Very Good","H","VS1",62.1,55,1757,5.37,5.41,3.35
2.09,"Premium","F","SI2",61.7,59,17840,8.21,8.23,5.07
1.5,"Premium","G","SI2",61.8,60,6224,7.28,7.25,4.49
1.02,"Good","F","SI1",63.2,59,5301,6.35,6.38,4.02
0.37,"Ideal","F","VVS1",59.2,57,1406,4.75,4.71,2.8
0.34,"Very Good","E","SI1",60.3,57,596,4.53,4.56,2.74
0.53,"Ideal","E","VVS2",62.4,56,2288,5.15,5.17,3.22
1.01,"Premium","F","VVS2",61.8,55,8688,6.45,6.36,3.96
0.3,"Ideal","E","IF",61.1,57,1013,4.31,4.33,2.64
0.44,"Premium","I","VS1",62.8,56,1040,4.88,4.83,3.05
0.42,"Very Good","D","VVS1",61.4,55,1197,4.82,4.86,2.97
0.28,"Ideal","H","VS2",62.5,54,467,4.2,4.22,2.63
0.7,"Very Good","G","VVS2",60.2,61,3052,5.66,5.74,3.43
0.31,"Good","H","SI1",63.6,57,446,4.32,4.33,2.75
0.81,"Premium","E","SI1",60.8,59,3270,5.95,5.99,3.63
1.02,"Premium","G","VS2",62.7,58,6058,6.4,6.45,4.03
0.52,"Ideal","I","SI1",61.8,54,950,5.17,5.19,3.2
0.3,"Ideal","F","VVS1",61.9,54,814,4.35,4.37,2.7
0.33,"Ideal","G","VVS2",60.1,57,752,4.48,4.51,2.7
0.52,"Ideal","F","IF",60.3,60,2427,5.24,5.27,3.17
0.42,"Ideal","H","VVS1",61.3,56,1625,4.83,4.86,2.97
0.42,"Premium","H","SI1",62.1,59,898,4.81,4.78,2.98
0.38,"Ideal","F","I1",62.5,57,638,4.64,4.61,2.89
0.59,"Very Good","F","SI1",63.1,57,2124,5.39,5.36,3.39
0.32,"Ideal","F","VS2",61.4,57,660,4.4,4.43,2.71
0.73,"Premium","F","VS2",59.9,58,2882,5.87,5.84,3.51
1.04,"Premium","J","SI2",62,59,3603,6.47,6.49,4.02
0.44,"Ideal","G","VVS1",62,54,1160,4.89,4.91,3.04
0.31,"Premium","D","VS2",62,59,942,4.36,4.32,2.69
1.51,"Very Good","H","VVS2",63.1,56,9332,7.33,7.28,4.61
0.41,"Very Good","G","VS1",62.4,57,899,4.71,4.74,2.95
2.43,"Fair","G","SI2",64.5,57,14975,8.41,8.36,5.41
0.3,"Ideal","D","VS2",62.3,56,616,4.29,4.31,2.68
1.2,"Premium","H","SI1",62.8,56,4980,6.76,6.68,4.22
0.91,"Good","F","SI1",64,57,3423,6.08,6.17,3.92
1.22,"Premium","H","VS1",58.9,59,7283,7.02,6.96,4.12
0.46,"Very Good","E","VS2",61.3,57,1081,4.99,5.02,3.07
0.33,"Premium","F","VS2",62.1,59,666,4.39,4.44,2.74
0.91,"Very Good","E","SI2",58.6,63,3015,6.32,6.38,3.72
0.9,"Good","G","SI1",63.7,56,3074,6.1,6.06,3.87
0.6,"Ideal","D","SI1",62.3,57,1840,5.42,5.37,3.36
0.45,"Premium","G","SI2",62,62,803,4.96,4.86,3.05
0.38,"Ideal","E","SI2",62.2,56,663,4.64,4.66,2.89
1.91,"Ideal","G","SI2",62.2,55,12700,7.9,7.94,4.93
1,"Ideal","J","VS1",62.3,56,4032,6.43,6.38,3.99
0.55,"Ideal","G","VVS2",61.9,56,2022,5.23,5.27,3.25
0.39,"Very Good","F","VVS2",58.2,62,1117,4.77,4.82,2.79
2,"Very Good","H","SI1",63.2,58,15984,7.95,7.93,5.02
1.57,"Ideal","I","VS2",60.4,58,10964,7.55,7.59,4.57
1.51,"Fair","D","SI2",66.2,54,6596,7.19,7.08,4.72
1.01,"Very Good","G","SI1",62,63,3137,6.34,6.25,3.9
1.16,"Ideal","F","SI1",62.6,58,6768,6.68,6.73,4.2
1,"Ideal","E","VS2",61.3,58,7370,6.41,6.44,3.94
0.3,"Very Good","D","SI1",63.1,56,662,4.28,4.24,2.69
1.2,"Very Good","I","SI1",63.1,61,4301,6.65,6.58,4.18
0.5,"Very Good","G","VVS2",61.6,58,1784,5.07,5.09,3.13
1.09,"Premium","I","SI1",61.6,61,3968,6.64,6.57,4.07
2.43,"Premium","G","I1",61.7,60,9716,8.54,8.49,5.25
0.5,"Premium","E","SI2",60.3,60,1286,5.11,5.07,3.07
1.33,"Ideal","J","SI1",62.5,56,5996,7.05,6.99,4.39
0.34,"Ideal","E","VS2",62.5,55,956,4.5,4.46,2.8
0.83,"Ideal","E","VS2",61.8,57,3625,6.04,6.03,3.73
0.52,"Very Good","E","VS2",62.5,58,1653,5.13,5.18,3.22
0.35,"Very Good","G","VS1",62.5,55,706,4.51,4.55,2.83
0.37,"Very Good","E","VS2",61.1,57,811,4.63,4.66,2.84
1.1,"Premium","G","VS2",59.6,60,6121,6.72,6.7,4
0.3,"Ideal","E","VVS1",62.5,56,862,4.28,4.3,2.68
1.02,"Very Good","H","SI1",62.9,59,4796,6.38,6.41,4.02
0.55,"Ideal","G","IF",61.1,57,2383,5.26,5.31,3.23
1.04,"Premium","F","SI2",62.8,55,4321,6.48,6.41,4.05
1.5,"Premium","F","SI1",61.9,60,10940,7.26,7.21,4.48
1,"Fair","F","SI1",56.5,60,4679,6.62,6.66,3.75
1.2,"Ideal","G","VS1",62,57,8701,6.81,6.78,4.21
1.01,"Good","F","SI2",63.2,58,4221,6.3,6.43,4.02
0.38,"Ideal","E","VS1",62.7,55,1069,4.65,4.6,2.9
0.4,"Good","E","SI1",63.7,56,687,4.66,4.69,2.98
0.81,"Ideal","G","VVS2",61.7,55.1,4127,5.97,6.04,3.71
0.3,"Ideal","D","VS2",61.3,57,911,4.36,4.32,2.66
0.4,"Premium","E","VS1",62.5,58,1053,4.69,4.72,2.94
0.32,"Premium","G","VS1",62.5,60,828,4.35,4.29,2.7
0.28,"Good","F","VVS2",61.2,62,596,4.16,4.21,2.56
1,"Very Good","F","SI1",63.4,61,4939,6.35,6.29,4.01
0.52,"Ideal","D","VS2",62.7,53,1822,5.14,5.17,3.23
0.71,"Premium","I","VS1",61.9,58,2104,5.76,5.71,3.55
0.35,"Ideal","E","SI1",60.9,55,614,4.53,4.57,2.77
0.4,"Ideal","H","VS1",61.1,57,815,4.74,4.78,2.91
0.9,"Very Good","H","VS1",62.7,56,3964,6.15,6.2,3.87
0.61,"Premium","G","VS1",61.7,60,1704,5.46,5.4,3.35
0.23,"Very Good","E","VVS2",62.6,59,505,3.93,3.96,2.47
0.32,"Premium","F","VS2",60.7,58,828,4.45,4.41,2.69
1.02,"Ideal","E","SI1",62.6,57,6342,6.41,6.44,4.02
0.76,"Ideal","H","VS2",62.7,57,2668,5.82,5.86,3.66
0.51,"Very Good","J","SI1",62.6,59,930,5.06,5.1,3.18
2.01,"Very Good","H","SI2",63.4,60,11780,7.97,7.89,5.03
0.34,"Premium","H","VVS1",61.2,58,672,4.48,4.51,2.75
1.01,"Ideal","F","SI1",62.3,55,4276,6.38,6.31,3.95
0.53,"Very Good","F","VS1",60.6,57,1607,5.21,5.25,3.17
1.5,"Premium","F","VVS2",58.8,58,17203,7.51,7.43,4.39
0.52,"Premium","G","VVS2",61,58,1707,5.15,5.21,3.16
1,"Ideal","F","SI1",62,57,5197,6.37,6.43,3.97
0.35,"Very Good","E","VS1",59.7,59,790,4.59,4.62,2.75
1.15,"Ideal","J","VS1",61.5,55,5152,6.81,6.76,4.17
1.03,"Ideal","H","SI2",60.5,57,3692,6.58,6.52,3.96
1.01,"Premium","I","SI1",62.7,58,3337,6.4,6.33,3.99
1.29,"Very Good","D","VVS1",60.8,55,17932,7.03,7.12,4.3
0.5,"Premium","F","VS1",62,58,1838,5.1,5.03,3.14
1.06,"Very Good","G","VS2",61.7,57,6483,6.5,6.57,4.03
0.51,"Ideal","D","VS2",60.9,56,1882,5.19,5.16,3.15
0.31,"Premium","F","VS2",59.4,58,583,4.37,4.45,2.62
0.72,"Ideal","I","VS1",61,57,2048,5.76,5.83,3.56
0.32,"Ideal","D","SI2",61.1,56,612,4.41,4.39,2.69
0.4,"Very Good","G","VS2",63.5,56,1035,4.7,4.68,2.98
1.51,"Very Good","I","VS2",60.4,58,9178,7.36,7.42,4.46
0.7,"Very Good","H","VVS1",60.5,60,2788,5.74,5.77,3.48
1,"Very Good","F","SI2",61.1,61,4372,6.35,6.38,3.89
0.54,"Very Good","G","VS1",61.6,54,1665,5.26,5.3,3.25
0.56,"Ideal","E","VVS2",60.9,56,2696,5.4,5.33,3.27
1.5,"Very Good","I","VVS2",63.3,58,9828,7.24,7.21,4.57
0.49,"Very Good","G","IF",59.7,56,1865,5.16,5.19,3.09
0.43,"Very Good","E","SI1",62.9,56,792,4.8,4.83,3.03
1.15,"Ideal","G","SI2",62.3,56,4927,6.75,6.67,4.18
0.54,"Good","G","VS1",59,62,1640,5.3,5.28,3.12
0.39,"Very Good","E","VVS2",62.2,55,962,4.66,4.7,2.91
0.65,"Ideal","H","SI1",61.5,55,1908,5.59,5.63,3.45
0.41,"Very Good","G","VS2",59.8,61,827,4.78,4.82,2.87
0.4,"Ideal","G","SI2",60.4,56,745,4.78,4.82,2.9
0.31,"Ideal","D","SI1",61.2,57,684,4.38,4.34,2.67
0.31,"Good","G","SI1",63.2,57,462,4.27,4.3,2.71
0.54,"Premium","D","VS2",61.7,58,1993,5.24,5.16,3.21
0.66,"Premium","F","VS1",60.8,58,2368,5.67,5.64,3.44
0.37,"Ideal","H","SI1",59.7,56,684,4.71,4.67,2.8
0.54,"Ideal","I","VS2",61.1,55,1259,5.27,5.31,3.23
0.5,"Very Good","F","VVS2",63,57,2052,5.01,5.05,3.17
0.7,"Very Good","E","SI2",63.2,61,2307,5.62,5.59,3.54
1.01,"Premium","H","VS2",60.5,58,4839,6.46,6.4,3.89
0.38,"Ideal","D","VVS2",60.7,55,1289,4.69,4.71,2.85
0.24,"Very Good","F","VS1",62.5,55,373,3.94,3.97,2.47
1.21,"Premium","D","SI2",59.7,58,4946,7.06,6.96,4.19
2,"Very Good","J","VS2",60.7,59,13113,8.12,8.15,4.94
0.7,"Very Good","I","VS2",60.8,61,2360,5.72,5.76,3.49
0.53,"Ideal","J","VS1",61.4,55.2,1218,5.2,5.22,3.2
2.28,"Premium","H","SI2",62.5,58,15413,8.39,8.33,5.23
1.13,"Premium","F","IF",60,58,12543,6.78,6.76,4.06
0.3,"Very Good","F","SI1",62.1,60,500,4.26,4.28,2.65
1.5,"Good","G","VS2",58.8,64,11508,7.43,7.4,4.36
2,"Very Good","J","SI2",62.8,57,11510,8.02,8.05,5.04
0.92,"Good","F","SI1",64,56,4326,6.12,6.17,3.93
0.31,"Ideal","G","VVS1",60.6,57,1046,4.4,4.38,2.66
1.01,"Premium","D","SI1",62.8,58,4751,6.37,6.3,3.98
0.7,"Good","H","VS2",59.1,65,2352,5.85,5.75,3.43
0.81,"Ideal","H","VVS2",62,57,3497,5.93,5.97,3.69
1.2,"Ideal","H","VS1",62,57,7294,6.69,6.76,4.17
0.32,"Ideal","I","VVS1",62.4,55,756,4.38,4.34,2.72
0.71,"Very Good","G","SI1",63.1,60,2240,5.6,5.69,3.56
1.01,"Ideal","H","SI1",60.4,58,5020,6.5,6.54,3.94
1.69,"Premium","I","VS2",62.4,58,10600,7.66,7.53,4.74
0.3,"Very Good","E","VVS2",61.1,62,622,4.28,4.33,2.63
0.9,"Premium","I","VS2",61.6,58,3478,6.15,6.09,3.77
0.72,"Ideal","F","SI1",61,55,2920,5.78,5.85,3.55
0.31,"Ideal","H","SI1",62,53.9,491,4.35,4.39,2.7
1.01,"Very Good","G","I1",62.4,59,3288,6.35,6.41,3.98
1,"Premium","F","SI1",59.4,62,3881,6.55,6.52,3.88
0.3,"Very Good","G","VVS1",61.3,56,691,4.34,4.37,2.67
1.01,"Very Good","G","VVS2",61.9,58,6257,6.38,6.48,3.98
0.32,"Good","D","SI2",63.9,58,612,4.33,4.31,2.76
1.2,"Premium","G","VS1",62.5,59,8056,6.72,6.64,4.19
2,"Ideal","I","SI1",61.4,57,16407,8.05,8.11,4.96
0.41,"Premium","D","VVS1",62.2,58,1413,4.77,4.71,2.95
1.01,"Premium","G","VS2",62,59,6108,6.41,6.36,3.96
0.51,"Premium","E","SI1",61,58,1443,5.13,5.1,3.12
0.27,"Very Good","F","VVS2",62.3,59,591,4.14,4.18,2.59
1.09,"Very Good","D","SI2",61.9,61,3890,6.54,6.58,4.06
1.01,"Premium","G","VVS2",63,59,7366,6.38,6.25,3.98
0.93,"Premium","H","SI1",62.8,58,3646,6.24,6.21,3.91
1.04,"Ideal","F","SI1",61.3,55,5321,6.51,6.53,4
0.78,"Fair","H","VS2",54.7,67,2691,6.25,6.15,3.4
0.58,"Ideal","G","VS2",61.9,56,1758,5.38,5.34,3.32
0.43,"Premium","H","VS2",61.9,55,1016,4.95,4.8,3.02
0.25,"Very Good","F","VVS2",63.2,57,575,3.99,4.01,2.53
1,"Very Good","F","SI2",62.4,56,3906,6.31,6.35,3.95
1.7,"Premium","G","VVS2",59.8,59,18718,7.7,7.75,4.62
0.53,"Premium","D","VS1",61.3,58,2743,5.2,5.18,3.18
2.06,"Fair","J","VS1",64.6,58,14750,7.91,8.04,5.15
1.1,"Premium","H","VS2",61.4,58,5652,6.68,6.62,4.08
0.95,"Very Good","J","VVS2",60.5,59,4098,6.33,6.36,3.84
0.7,"Good","F","VS1",64,56,2401,5.6,5.65,3.6
1.51,"Premium","J","VS2",60.7,60,7357,7.43,7.36,4.49
1.2,"Very Good","H","SI1",63.3,56,4637,6.75,6.72,4.26
0.26,"Ideal","F","IF",60.9,55,768,4.15,4.23,2.55
1.01,"Ideal","E","SI1",62.1,54,5599,6.5,6.41,4.01
0.96,"Fair","I","VS2",56.1,60,3215,6.62,6.58,3.7
0.37,"Ideal","G","VVS2",62,56,909,4.62,4.64,2.87
0.31,"Ideal","H","IF",61.8,57,789,4.32,4.35,2.68
0.32,"Ideal","F","VVS1",61.9,56,895,4.41,4.44,2.74
0.33,"Ideal","E","VVS1",61.8,57,1052,4.43,4.4,2.73
0.74,"Ideal","D","VS1",61.3,57,3812,5.8,5.84,3.57
0.7,"Good","F","SI1",64.3,62,1878,5.55,5.49,3.55
0.32,"Ideal","D","VVS1",61.3,57,1067,4.39,4.42,2.7
1.75,"Very Good","G","VS1",59.6,60,17036,7.76,7.9,4.67
1.58,"Ideal","E","SI1",61.4,55,11294,7.53,7.5,4.61
0.9,"Very Good","D","SI1",62.1,60,3880,6.14,6.2,3.83
0.33,"Premium","D","SI2",61.6,59,631,4.42,4.41,2.72
0.38,"Premium","E","VS2",60.5,62,1112,4.74,4.65,2.84
1.5,"Very Good","H","SI2",62,63,7291,7.28,7.24,4.5
1.51,"Good","I","SI1",63.7,58,8464,7.26,7.22,4.61
1,"Good","H","SI1",61,61,4510,6.36,6.42,3.9
0.9,"Fair","I","VS1",65.2,60,3387,6,5.96,3.9
0.71,"Very Good","G","SI1",63.2,58,2137,5.58,5.68,3.56
1.5,"Good","J","VS1",60.7,61,8347,7.27,7.3,4.42
0.93,"Good","G","SI1",63.8,58,4375,6.14,6.09,3.9
0.33,"Premium","G","VS1",60.8,59,666,4.43,4.45,2.7
1.5,"Premium","E","SI2",61.5,60,7182,7.29,7.22,4.46
0.52,"Ideal","G","VS1",61.3,56,1576,5.17,5.2,3.18
1.52,"Premium","D","SI2",59.8,60,10433,7.42,7.5,4.46
1.02,"Premium","D","VS2",62.5,58,7643,6.4,6.37,3.99
0.26,"Very Good","F","VVS1",61.3,58,562,4.13,4.16,2.54
0.3,"Ideal","F","IF",62.5,54,886,4.31,4.33,2.7
0.75,"Premium","G","SI1",60.9,58,2631,5.87,5.83,3.56
1.19,"Ideal","F","VVS1",61.5,55,15005,6.82,6.84,4.2
0.55,"Ideal","F","SI1",61,56,1390,5.28,5.34,3.24
0.41,"Premium","F","SI2",59,58,604,4.87,4.89,2.88
0.34,"Good","E","VS2",57,61,816,6.65,4.61,2.64
0.31,"Ideal","H","VS1",62.1,54,544,4.3,4.37,2.69
1.05,"Premium","J","VS1",62.7,61,3822,6.58,6.49,4.09
0.5,"Ideal","H","SI1",61.7,58,1035,5.07,5.11,3.14
1.2,"Very Good","E","SI1",63.2,57,6373,6.75,6.69,4.25
0.32,"Ideal","J","VS2",62.1,54,393,4.38,4.44,2.74
0.79,"Very Good","F","SI1",58.5,61,3073,6.03,6.08,3.54
0.71,"Ideal","I","VS2",63.1,57,2265,5.66,5.71,3.59
0.77,"Premium","E","SI1",60.9,58,2896,5.94,5.88,3.6
1.7,"Good","H","SI1",64.1,58,9158,7.54,7.51,4.83
1.06,"Ideal","I","SI1",61.2,56,4749,6.6,6.57,4.03
0.4,"Very Good","E","VS2",62.9,55,912,4.72,4.73,2.97
0.59,"Very Good","G","SI2",60.6,56,1210,5.47,5.48,3.32
0.75,"Very Good","J","SI1",61.7,56,1859,5.81,5.92,3.62
1.02,"Good","D","SI2",58.9,65,3773,6.54,6.59,3.87
0.43,"Very Good","I","VVS1",63,56,905,4.83,4.86,3.05
1.52,"Premium","H","VS2",61.1,61,8825,7.4,7.36,4.51
1.21,"Ideal","H","VS2",62.9,55,7513,6.77,6.8,4.27
1.27,"Ideal","J","SI2",61.2,55.7,4931,6.95,6.99,4.27
1,"Ideal","D","SI2",62.7,58,5246,6.34,6.39,3.99
0.4,"Very Good","D","VS1",59.4,60,952,4.77,4.83,2.85
0.74,"Premium","I","SI2",61,60,2051,5.8,5.75,3.52
0.42,"Ideal","F","VS1",60.6,56,921,4.83,4.87,2.94
0.53,"Ideal","G","VS2",61.8,56,1607,5.21,5.18,3.21
0.7,"Premium","H","SI2",62.9,61,1942,5.57,5.53,3.49
2.03,"Premium","H","VS2",62.1,56,18139,8.2,8.12,5.07
1.53,"Ideal","I","SI1",62.4,57,8981,7.33,7.37,4.59
1.69,"Premium","G","VVS2",62.9,58,15889,7.59,7.51,4.75
1.02,"Very Good","I","SI2",63.4,57,3769,6.37,6.4,4.05
2.02,"Fair","J","VS1",64.6,59,13399,7.95,7.9,5.12
2.12,"Ideal","I","SI1",62.2,57,12284,8.21,8.14,5.08
0.32,"Premium","H","VS2",59.5,58,505,4.47,4.5,2.67
1.35,"Premium","J","SI1",60.9,59,5546,7.07,7.12,4.32
1.05,"Ideal","F","VS1",62.1,56,7955,6.54,6.59,4.08
1.26,"Ideal","G","VVS1",61.1,57,10787,7.02,6.98,4.28
0.79,"Ideal","I","VS1",61.8,59,2800,5.92,5.95,3.67
0.7,"Premium","I","VS2",60.8,59,2268,5.71,5.68,3.46
1.01,"Premium","F","VS1",61.2,59,7982,6.48,6.42,3.95
1.53,"Ideal","F","SI1",62,56,11229,7.43,7.38,4.59
0.6,"Fair","F","SI1",55.3,63,1367,5.67,5.61,3.12
0.74,"Ideal","F","VS1",62.3,56,3226,5.76,5.79,3.6
1,"Premium","G","VS1",59.7,59,7164,6.57,6.5,3.9
0.53,"Very Good","D","VVS1",61.2,55,3307,5.21,5.26,3.21
1.01,"Premium","E","SI2",60.4,60,4878,6.49,6.46,3.91
2.27,"Premium","I","SI1",61,58,14362,8.42,8.4,5.19
0.9,"Good","H","SI1",66.1,57,3282,5.94,5.99,3.94
0.34,"Premium","H","VS1",60.8,59,765,4.53,4.48,2.74
1.03,"Ideal","E","SI1",62,55,5411,6.46,6.5,4.02
0.77,"Ideal","H","VS2",62.4,56,2479,5.89,5.85,3.66
0.34,"Ideal","G","IF",61,55,974,4.51,4.54,2.76
0.6,"Ideal","G","IF",62,55,2570,5.39,5.44,3.36
0.73,"Premium","H","VS2",61,58,2496,5.76,5.84,3.54
0.51,"Very Good","E","VS2",63.1,55,1662,5.13,5.1,3.23
0.52,"Ideal","E","SI1",61.6,55,1577,5.19,5.16,3.19
0.77,"Ideal","F","SI1",61.9,57,2642,5.88,5.91,3.65
1.51,"Fair","H","I1",65.6,61,3765,7.16,7,4.66
1.01,"Very Good","E","SI1",58.6,58,4766,6.52,6.58,3.84
0.91,"Very Good","G","SI2",61.8,59,3388,6.17,6.23,3.83
0.37,"Ideal","G","SI1",61.9,55,586,4.62,4.66,2.87
1.02,"Good","E","SI2",63.2,56,4712,6.37,6.41,4.04
1.38,"Premium","G","VS1",62.4,58,10850,7.14,7.09,4.44
0.71,"Good","F","SI1",64.3,58,2258,5.61,5.55,3.59
0.3,"Fair","F","VS2",64.5,55,662,4.31,4.19,2.74
0.92,"Premium","F","SI2",59.3,61,3864,6.36,6.29,3.75
0.33,"Ideal","D","SI1",60.9,56,736,4.46,4.5,2.73
0.34,"Ideal","D","VS1",61.4,57,780,4.49,4.54,2.77
0.31,"Ideal","G","VVS2",62.1,56,907,4.33,4.27,2.67
0.33,"Premium","F","VS2",62.1,59,666,4.4,4.45,2.75
0.24,"Ideal","F","VVS2",62.6,57,552,3.93,3.96,2.47
1.18,"Premium","G","VS2",62.3,62,7137,6.72,6.69,4.18
0.79,"Very Good","H","SI1",63.4,57,2649,5.86,5.9,3.73
0.53,"Ideal","F","VS1",61.8,56,1908,5.22,5.2,3.22
0.77,"Ideal","D","SI2",61.5,55,2885,5.9,5.93,3.64
1.02,"Ideal","F","SI2",62.4,57,4319,6.4,6.43,4
1.2,"Very Good","F","VS2",62.9,57,9331,6.78,6.71,4.24
0.3,"Premium","E","SI2",61.9,58,540,4.31,4.28,2.66
0.4,"Very Good","G","SI1",61.9,55,682,4.71,4.75,2.93
1.27,"Ideal","H","SI1",60.1,58,6858,7.02,7.05,4.23
0.3,"Ideal","H","VS2",61.7,57,454,4.28,4.32,2.65
0.9,"Ideal","I","VS1",61.6,56,3677,6.22,6.16,3.81
1.01,"Good","G","VS2",63.6,60,5599,6.3,6.35,4.02
0.72,"Very Good","G","VS1",60,59,2671,5.8,5.84,3.49
0.54,"Ideal","G","SI2",62.7,56,1287,5.23,5.2,3.27
0.7,"Ideal","F","SI1",62.3,56,2515,5.68,5.72,3.55
1.23,"Good","D","I1",63.7,58,3977,6.72,6.79,4.3
0.91,"Very Good","D","SI1",62.3,60,4746,6.15,6.21,3.85
2.23,"Premium","J","VS2",61,58,14867,8.39,8.36,5.11
0.51,"Very Good","I","SI2",60.5,56,1105,5.23,5.25,3.17
1.02,"Very Good","H","SI2",63.1,59,4284,6.43,6.37,4.04
1.11,"Premium","E","SI1",61.3,58,5802,6.61,6.66,4.07
0.7,"Good","H","SI2",62.8,57,1790,5.58,5.66,3.53
0.3,"Ideal","F","SI1",62.7,54,470,4.29,4.32,2.7
0.31,"Ideal","F","IF",62.1,55,914,4.32,4.38,2.7
0.54,"Ideal","D","VS2",61.2,56,1842,5.23,5.29,3.22
0.32,"Good","E","SI1",63.3,55,524,4.33,4.36,2.75
1.22,"Ideal","F","VVS1",62,54,13539,6.88,6.9,4.27
0.71,"Ideal","E","VS2",62.5,55,3247,5.67,5.73,3.56
1.21,"Very Good","I","SI1",60.6,56,5457,6.89,6.97,4.2
0.71,"Ideal","F","VS1",62,57,3066,5.7,5.75,3.55
0.7,"Premium","D","VS1",61.6,61,3001,5.66,5.61,3.47
0.63,"Ideal","E","VVS1",62.4,56,3161,5.48,5.52,3.43
0.3,"Ideal","G","VS1",61.8,56,795,4.32,4.35,2.68
0.52,"Ideal","F","VVS2",61.6,57,2168,5.16,5.2,3.19
0.28,"Ideal","H","VS1",62,55,497,4.21,4.24,2.62
1.19,"Ideal","G","VVS2",60.8,55,9383,6.91,6.9,4.19
1.21,"Premium","G","VVS2",59.6,60,9541,6.91,6.89,4.11
1.01,"Very Good","F","SI2",60.8,63,4017,6.38,6.32,3.86
0.32,"Ideal","F","IF",60.7,56,990,4.43,4.46,2.7
0.38,"Ideal","I","SI1",62.3,56,746,4.63,4.58,2.87
2.07,"Very Good","H","SI1",59.5,59,18489,8.27,8.3,4.92
2.22,"Good","I","SI1",57.8,58,17151,8.58,8.54,4.95
1.2,"Ideal","H","VS2",62.4,56.6,7235,6.74,6.8,4.22
1.02,"Ideal","D","VS1",60.5,56,8181,6.55,6.48,3.94
1.14,"Premium","G","SI1",63,59,5273,6.68,6.62,4.19
0.99,"Ideal","F","VS1",61,55,5947,6.46,6.52,3.96
0.31,"Ideal","F","VVS1",62.1,56,959,4.38,4.35,2.71
0.33,"Premium","F","VS2",60.8,58,854,4.47,4.44,2.71
0.5,"Premium","E","I1",60.7,61,840,5.14,5.05,3.09
0.23,"Very Good","F","VVS2",60,57,530,4,4.04,2.41
1.29,"Premium","I","SI1",62.1,57,6140,7.03,6.92,4.33
0.41,"Ideal","G","VS1",61.7,57,961,4.81,4.78,2.96
0.36,"Ideal","E","VS1",61.4,54,835,4.59,4.63,2.83
0.57,"Ideal","F","IF",61.8,54,2974,5.33,5.35,3.3
0.6,"Ideal","G","VS1",60.2,57,2109,5.49,5.54,3.32
0.3,"Ideal","I","VS2",61.6,57,438,4.28,4.33,2.65
1.51,"Premium","J","VS1",62.3,59,7848,7.31,7.34,4.56
0.27,"Ideal","E","VS1",61.6,57,603,4.16,4.12,2.55
1.17,"Ideal","I","SI2",61.8,54,4999,6.78,6.82,4.2
0.53,"Ideal","D","IF",61.5,54,3517,5.27,5.21,3.22
0.72,"Ideal","G","SI1",61.8,56,3048,5.7,5.76,3.55
0.61,"Ideal","F","VVS2",61.5,56,2660,5.44,5.49,3.36
1.05,"Very Good","H","VS2",63.3,58,5236,6.42,6.48,4.08
0.62,"Premium","E","SI2",60.7,58,1271,5.53,5.51,3.35
1.24,"Ideal","E","VS2",62.7,58,8887,6.79,6.86,4.28
0.55,"Ideal","D","VS2",60.6,56,2224,5.3,5.36,3.23
2.08,"Very Good","J","VS2",60.6,61,13732,8.24,8.34,5.02
0.73,"Ideal","I","SI1",62,57,2215,5.74,5.77,3.56
2,"Good","E","SI2",64.7,57,15393,7.75,7.86,5.05
0.32,"Ideal","E","VS2",62,55,804,4.41,4.37,2.72
0.39,"Ideal","I","VS2",61.5,55,651,4.7,4.73,2.9
0.7,"Ideal","I","VVS1",62.8,56.3,2386,5.65,5.69,3.56
2.43,"Premium","J","VS2",62.2,57,18692,8.63,8.54,5.34
0.31,"Ideal","E","VS2",61.7,55,680,4.36,4.39,2.7
1.5,"Good","H","SI2",64,61,5208,7.18,7.14,4.58
0.6,"Very Good","D","SI1",60,56,1841,5.46,5.51,3.29
1.14,"Premium","I","VS2",62.8,60,5008,6.68,6.59,4.17
0.4,"Ideal","G","VS1",61.3,55,877,4.75,4.78,2.92
1.21,"Premium","H","VS2",60.5,60,6722,6.95,6.9,4.19
1.7,"Good","H","VVS2",63.1,57,14146,7.52,7.61,4.77
1.58,"Premium","I","VS1",61.1,59,10428,7.44,7.52,4.57
0.52,"Ideal","G","VVS2",60.8,57,1911,5.16,5.21,3.15
0.61,"Very Good","G","VVS2",62.3,59,2351,5.4,5.45,3.38
1.15,"Premium","H","SI1",60.9,57,5139,6.8,6.72,4.12
0.41,"Ideal","D","SI2",62.3,57,683,4.75,4.78,2.97
0.3,"Ideal","I","SI1",61.5,57,422,4.3,4.35,2.66
0.52,"Good","F","VS1",61,61,1419,5.22,5.17,3.17
0.7,"Good","G","SI1",61.8,62,2155,5.68,5.72,3.52
0.42,"Ideal","G","VS2",61.9,57,1048,4.83,4.79,2.98
0.34,"Ideal","H","VVS2",61.1,56,852,4.52,4.55,2.77
0.36,"Very Good","E","SI2",62.4,58,471,4.54,4.56,2.84
0.4,"Ideal","D","VVS1",61.5,55,1354,4.78,4.82,2.95
0.5,"Premium","D","SI2",62.9,58,997,5.06,5.01,3.17
1.52,"Premium","G","VVS1",60.4,59,16104,7.48,7.38,4.49
0.28,"Premium","F","VS2",59.6,61,567,4.28,4.25,2.54
1.04,"Very Good","G","VS1",61.8,58,7049,6.5,6.55,4.03
1.19,"Very Good","E","I1",60.2,61,3508,6.87,6.91,4.15
0.3,"Premium","I","VS1",59.8,60,608,4.36,4.34,2.6
0.7,"Premium","G","VS1",62.6,60,2535,5.66,5.58,3.52
0.46,"Ideal","J","VS1",62.6,53.9,851,4.92,4.95,3.09
1,"Good","G","VVS1",58.4,60,7467,6.55,6.61,3.84
0.72,"Very Good","D","VS2",61,59,2697,5.74,5.77,3.51
0.7,"Ideal","H","SI1",60.5,57,2548,5.81,5.79,3.51
1.77,"Ideal","J","VS1",62.2,56,11150,7.77,7.73,4.82
0.24,"Very Good","D","VS1",61.1,60,367,3.96,3.99,2.43
1.77,"Very Good","I","VS2",60.2,58,13691,7.88,7.83,4.73
0.74,"Very Good","G","VVS2",61.3,56,3413,5.85,5.9,3.6
0.53,"Ideal","F","VS2",61.1,54,1655,5.26,5.29,3.22
0.72,"Premium","E","SI1",62.8,52,2333,5.78,5.72,3.61
0.41,"Premium","J","VS2",61.9,59,784,4.74,4.69,2.92
0.3,"Ideal","D","SI2",63,55,574,4.26,4.25,2.68
0.32,"Premium","J","SI1",63,58,480,4.35,4.32,2.73
1.12,"Premium","D","VVS2",59.8,58,12152,6.87,6.77,4.08
0.7,"Fair","G","SI1",65,59,1982,5.57,5.5,3.6
0.45,"Fair","H","VVS2",65.8,56,1227,4.82,4.7,3.13
0.52,"Ideal","E","SI1",60.1,59,1389,5.18,5.23,3.13
1.07,"Premium","F","SI2",60.3,58,4700,6.68,6.62,4.01
1.15,"Ideal","H","I1",62,55,3606,6.76,6.69,4.17
0.9,"Very Good","G","VVS2",63,58,4565,6.07,6.15,3.85
1.1,"Ideal","G","VS1",62,58,8060,6.59,6.64,4.1
0.7,"Ideal","E","SI2",62.1,56,2475,5.68,5.65,3.52
0.38,"Good","J","VVS2",63.4,56,666,4.56,4.62,2.91
1.52,"Premium","I","SI1",61.2,60,8299,7.41,7.36,4.52
0.32,"Ideal","F","VS2",61.3,56,645,4.41,4.43,2.71
0.32,"Ideal","F","VVS2",62,55,786,4.39,4.41,2.73
1.07,"Premium","F","SI2",60.8,58,4491,6.62,6.68,4.04
1,"Premium","G","VS1",62.9,60,6989,6.36,6.29,3.98
0.23,"Very Good","E","VVS2",63,58,505,3.95,3.99,2.5
0.42,"Ideal","I","VVS1",62,55,884,4.8,4.88,3
0.31,"Premium","E","VVS2",61.4,58,816,4.33,4.36,2.67
1.24,"Premium","F","VS1",61.5,57,9333,6.97,6.86,4.25
0.3,"Premium","E","IF",61.9,61,984,4.32,4.27,2.66
0.73,"Premium","F","VS1",61.9,56,2961,5.81,5.76,3.58
1.56,"Ideal","H","SI2",62.1,58,8517,7.35,7.41,4.58
0.53,"Good","E","VS2",63.7,55,1607,5.12,5.15,3.27
1.66,"Ideal","H","IF",61.5,57,14724,7.59,7.62,4.68
2.21,"Premium","J","SI2",62.7,57,13642,8.33,8.25,5.2
0.91,"Good","F","SI1",63.7,58,3924,6.09,6.02,3.86
1.34,"Very Good","I","SI1",61.1,59,6763,7.05,7.12,4.33
0.8,"Very Good","G","VS1",59.5,63,3158,6.11,6.05,3.61
0.36,"Premium","F","SI1",61.1,60,616,4.62,4.57,2.81
0.32,"Very Good","E","VVS1",60.9,58,931,4.49,4.45,2.72
1.23,"Ideal","H","I1",61.8,56,4098,6.91,6.85,4.25
1.53,"Premium","G","SI1",58.4,59,9476,7.62,7.55,4.43
0.7,"Good","H","SI1",63.8,58,2176,5.66,5.59,3.59
0.43,"Ideal","G","SI1",61.1,57,951,4.88,4.9,2.99
1.72,"Ideal","G","VS2",62.4,55,17125,7.63,7.68,4.78
0.31,"Ideal","G","VS1",62.5,57,625,4.34,4.37,2.72
1.51,"Ideal","H","VS2",62.2,57,11540,7.33,7.29,4.55
1.5,"Very Good","E","SI1",58.6,62,10626,7.43,7.46,4.36
0.39,"Ideal","G","SI2",60.9,56,716,4.78,4.74,2.9
2.4,"Ideal","H","SI2",62,55,18374,8.57,8.6,5.32
1.33,"Premium","I","VS2",62.5,61,6316,7.02,6.99,4.38
1.01,"Good","G","SI1",63.8,56,4504,6.32,6.37,4.05
1.02,"Premium","G","VS2",62.1,58,6397,6.5,6.44,4.02
0.42,"Premium","G","VS1",60.8,59,984,4.85,4.79,2.93
0.42,"Premium","F","SI1",60.8,58,992,4.87,4.83,2.95
1.7,"Ideal","H","VS2",62.8,55,10333,7.61,7.54,4.76
0.3,"Premium","H","VS1",62.2,60,675,4.29,4.23,2.65
1.7,"Premium","I","VS1",58,60,12030,7.88,7.84,4.56
0.29,"Ideal","H","VS1",61.8,57,498,4.27,4.31,2.64
0.76,"Ideal","E","SI2",62.8,56,2873,5.78,5.82,3.64
0.32,"Ideal","E","VVS1",61.8,55,921,4.4,4.43,2.73
0.71,"Ideal","I","VS1",62.1,56,2306,5.68,5.72,3.54
0.53,"Ideal","F","VVS2",61.3,57,2160,5.2,5.24,3.2
2.11,"Premium","G","SI2",62.2,60,16336,8.19,8.15,5.08
0.53,"Good","H","SI1",63.9,55,1242,5.19,5.14,3.3
1.25,"Ideal","J","VS2",62.6,54,5067,6.94,6.9,4.33
1.01,"Very Good","I","SI1",62.7,56,4212,6.36,6.43,4.01
1.1,"Premium","E","SI1",60,58,4472,6.68,6.65,4.05
1.11,"Premium","D","I1",61.9,58,3589,6.63,6.66,4.11
1,"Good","G","SI2",63.4,60,3676,6.22,6.34,3.98
1.11,"Premium","H","SI2",61.5,59,4212,6.61,6.56,4.05
0.37,"Very Good","F","IF",60.4,57,995,4.65,4.68,2.81
0.5,"Ideal","E","VS2",62.2,54,1624,5.08,5.11,3.17
0.32,"Very Good","E","SI1",62.2,57,561,4.38,4.43,2.74
0.53,"Ideal","F","VS2",61.2,56,1655,5.22,5.25,3.2
1.24,"Very Good","I","SI1",60,59,5584,6.98,7.01,4.2
0.9,"Premium","D","VS2",62.6,59,5001,6.14,6.17,3.85
0.38,"Premium","F","VS2",61.9,59,1026,4.66,4.61,2.87
1.08,"Premium","D","SI2",62.1,58,5138,6.62,6.59,4.1
0.33,"Ideal","E","SI1",61.9,57,743,4.46,4.43,2.75
0.6,"Ideal","F","VVS2",61.5,57,3196,5.42,5.45,3.34
1.72,"Good","F","SI1",64.3,60,13499,7.52,7.56,4.85
0.32,"Premium","G","VS2",61.5,58,720,4.4,4.35,2.69
1.05,"Ideal","G","VS1",62.2,57,7357,6.49,6.51,4.04
0.44,"Ideal","I","VVS2",61.1,57,957,4.91,4.95,3.01
1.5,"Very Good","E","SI1",60.4,59,12000,7.35,7.39,4.45
0.4,"Premium","D","VS2",62.5,59,1050,4.72,4.66,2.93
2,"Premium","H","SI1",62.6,56,17760,8.01,7.96,5
0.54,"Premium","D","VS2",60.6,58,1993,5.3,5.26,3.2
1.12,"Very Good","G","SI1",59.5,62,5088,6.76,6.81,4.04
2.04,"Premium","G","SI2",60.3,59,15651,8.23,8.3,4.98
2.12,"Very Good","F","SI2",60.6,58,17694,8.27,8.32,5.03
0.32,"Ideal","E","VS1",61.7,56,758,4.39,4.42,2.72
1.01,"Premium","G","VS1",62.4,59,6163,6.38,6.35,3.97
0.38,"Very Good","E","VVS1",60,59,1053,4.66,4.68,2.8
1.72,"Premium","I","VS2",58.3,61,11360,7.91,7.87,4.6
0.3,"Very Good","E","VVS2",62.5,61,688,4.23,4.28,2.66
1.2,"Ideal","I","I1",61.9,56,3570,6.85,6.82,4.23
0.74,"Ideal","D","SI1",62.2,56,2723,5.82,5.78,3.61
1.28,"Ideal","H","VVS1",61.7,55,8759,6.97,7.01,4.31
1.23,"Very Good","I","SI1",60.5,58,5763,6.9,6.94,4.19
1.25,"Very Good","F","IF",60.3,58,13953,6.96,7.03,4.22
0.51,"Good","E","VS2",63.3,56,1656,5.08,5.12,3.23
0.42,"Very Good","H","VVS2",62.9,56,921,4.75,4.79,3
0.4,"Ideal","H","VS2",62.4,56,704,4.69,4.73,2.94
2,"Fair","H","I1",69.8,54,5914,7.6,7.56,5.29
0.41,"Premium","D","SI1",62.9,58,1015,4.75,4.7,2.97
1.18,"Ideal","J","VS1",61.4,56,5182,6.79,6.82,4.18
0.25,"Very Good","E","VVS2",59.8,59,575,4.07,4.09,2.44
0.3,"Ideal","G","VS1",61.5,57,776,4.34,4.31,2.66
0.41,"Ideal","D","VS2",62.8,55,1076,4.73,4.7,2.96
1.04,"Ideal","F","VS2",61.1,57,7508,6.52,6.54,3.99
0.3,"Very Good","G","VVS2",62.9,55,684,4.3,4.32,2.71
1.74,"Premium","I","SI2",62.2,58,7858,7.65,7.61,4.75
0.51,"Good","D","VS2",63.1,58,1668,5.08,5.13,3.22
0.71,"Ideal","D","SI1",60.8,56,2863,5.8,5.77,3.52
1.36,"Ideal","D","SI2",61.2,57,6443,7.15,7.19,4.39
0.31,"Very Good","I","VVS2",61.6,59,544,4.31,4.33,2.66
0.31,"Ideal","J","VS2",62.3,54,396,4.35,4.38,2.72
0.31,"Ideal","E","VVS2",61,56,816,4.39,4.43,2.69
0.39,"Ideal","G","VS1",61.3,56,752,4.68,4.71,2.88
0.7,"Ideal","H","SI2",61.6,54,2110,5.71,5.75,3.53
2.01,"Premium","E","SI2",58.9,60,17179,8.24,8.2,4.84
1.01,"Fair","G","VS2",65.7,54,4072,6.32,6.28,4.14
1,"Very Good","E","SI1",59.4,63,5322,6.47,6.42,3.83
0.37,"Very Good","H","VVS2",62.2,59,746,4.54,4.56,2.83
0.76,"Ideal","J","SI1",62.9,54,1896,5.82,5.85,3.67
0.54,"Premium","G","VS1",61.1,60,1760,5.28,5.23,3.21
1.02,"Very Good","F","SI2",59.9,62,4162,6.5,6.53,3.9
1.51,"Very Good","F","SI2",63.4,57,9471,7.29,7.25,4.61
1.23,"Ideal","F","VVS2",61.8,56,11040,6.84,6.89,4.24
1.51,"Premium","I","SI1",62.6,60,8794,7.34,7.27,4.57
0.71,"Premium","F","IF",61.1,58,3578,5.8,5.72,3.52
1.15,"Ideal","I","SI1",61.8,55,6300,6.73,6.76,4.17
1.22,"Very Good","J","SI2",62.2,60,4058,6.77,6.89,4.25
0.31,"Very Good","F","VS2",61.4,58.4,667,4.37,4.4,2.69
0.9,"Ideal","G","SI1",61.9,59,4008,6.16,6.19,3.82
0.35,"Premium","D","VVS1",60.8,58,1167,4.53,4.55,2.76
1,"Premium","F","VS1",59.2,60,7056,6.53,6.48,3.58
0.23,"Good","E","VVS1",56.3,62,498,4.1,4.11,2.31
1.05,"Ideal","D","SI2",62.1,56,5156,6.48,6.54,4.04
0.46,"Premium","E","VS1",62,58,1294,4.95,4.98,3.08
1,"Very Good","E","VVS2",63.5,55,8910,6.36,6.31,4.02
0.55,"Ideal","J","VS2",62.6,57,1165,5.21,5.17,3.25
0.35,"Ideal","E","VS2",61.6,55,984,4.54,4.49,2.78
1.2,"Premium","J","SI2",61.7,57,3782,6.85,6.79,4.21
0.31,"Ideal","J","SI1",62.4,53,379,4.38,4.4,2.74
1.02,"Premium","G","VVS2",62.2,60,7602,6.39,6.43,3.99
0.42,"Ideal","F","VVS2",61.6,55,1069,4.84,4.87,2.99
1.71,"Ideal","G","VS1",61.4,57,17204,7.72,7.65,4.72
0.39,"Very Good","E","VS2",62.7,59,794,4.64,4.68,2.92
0.74,"Very Good","G","SI1",62.2,59,2762,5.73,5.82,3.59
1.08,"Ideal","E","SI1",62.6,57,5189,6.56,6.53,4.1
2.01,"Good","I","SI2",64.6,57,12681,7.82,7.88,5.07
0.53,"Ideal","F","VS2",61.1,56,1631,5.22,5.26,3.2
2.45,"Very Good","J","SI2",60.6,63,11843,8.71,8.66,5.26
0.51,"Premium","E","VS1",61.9,58,1831,5.1,5.15,3.17
0.71,"Very Good","E","SI1",61.1,57,2606,5.69,5.73,3.49
1.22,"Fair","F","SI2",65,56,4705,6.71,6.8,4.39
1.09,"Ideal","H","SI1",62.3,55,5219,6.61,6.58,4.11
1.5,"Premium","I","VS2",62.3,59,8431,7.24,7.3,4.53
0.5,"Very Good","D","VS2",63.3,58,1602,5.03,5.05,3.19
0.32,"Ideal","E","VS2",61.6,56,637,4.4,4.43,2.72
0.41,"Ideal","F","VVS1",61.7,57,1356,4.8,4.77,2.95
0.42,"Premium","F","VS1",61.8,59,1103,4.83,4.81,2.98
0.31,"Premium","G","VVS2",60.5,58,707,4.39,4.43,2.67
0.4,"Ideal","G","VVS2",62.4,57,917,4.7,4.73,2.94
1.21,"Ideal","J","VS1",62.3,55,5324,6.81,6.86,4.26
0.41,"Ideal","E","VVS2",61.6,56,1243,4.8,4.78,2.95
0.72,"Ideal","G","VVS1",61.7,55,3326,5.8,5.77,3.57
1.11,"Very Good","G","VS2",63.4,56,4834,6.62,6.54,4.18
1.51,"Premium","E","SI2",59.3,61,8135,7.57,7.51,4.47
1.5,"Ideal","G","VS2",62,55,13135,7.33,7.36,4.56
0.39,"Ideal","F","VVS1",61.7,57,1148,4.68,4.71,2.89
0.7,"Ideal","I","VVS2",62.5,54,2353,5.68,5.71,3.56
0.3,"Ideal","G","VVS2",61.9,57,650,4.3,4.33,2.66
0.55,"Good","E","VS2",60.3,61,1715,5.31,5.37,3.22
1.12,"Premium","E","SI2",63,61,4215,6.66,6.61,4.18
2.04,"Very Good","G","SI2",61.4,58,15092,8.04,8.11,4.96
2.16,"Premium","I","SI1",62.9,55,17313,8.28,8.2,5.18
1.02,"Ideal","I","VVS2",62.1,54,5767,6.47,6.51,4.03
0.76,"Very Good","I","SI1",62,58,2120,5.84,5.9,3.64
1.05,"Premium","D","SI1",59.3,58,6174,6.74,6.68,3.98
0.53,"Ideal","F","VVS2",60.8,56,2160,5.22,5.24,3.18
0.73,"Premium","I","VVS2",60.6,58,2519,5.84,5.78,3.52
1.57,"Ideal","H","SI1",62.4,56,11068,7.42,7.45,4.64
0.7,"Very Good","E","VS2",61,60,2850,5.74,5.77,3.51
0.31,"Very Good","J","SI1",63.5,55,465,4.33,4.3,2.74
0.41,"Very Good","E","SI2",62.8,58,638,4.69,4.73,2.96
0.56,"Ideal","F","VS2",62.7,55,2318,5.32,5.27,3.32
0.72,"Ideal","I","VVS2",62.5,56,2594,5.71,5.74,3.58
0.79,"Good","I","SI1",63.9,55,2095,5.85,5.8,3.72
0.61,"Ideal","D","VVS1",62.1,56,4279,5.46,5.43,3.38
0.71,"Ideal","G","SI1",61.6,57,3007,5.73,5.76,3.54
0.9,"Good","G","SI1",60,61,3752,6.19,6.22,3.72
0.31,"Premium","H","SI1",60.5,60,573,4.4,4.33,2.64
0.5,"Ideal","D","SI2",62.8,56,1243,5.06,5.03,3.17
1.7,"Ideal","F","VS2",62.3,56,18055,7.65,7.61,4.75
0.91,"Premium","H","VVS1",62.5,59,5032,6.16,6.19,3.86
1.5,"Very Good","I","VS1",60.4,59,9759,7.35,7.42,4.46
0.31,"Premium","H","VVS1",61.8,59,612,4.32,4.36,2.68
1.03,"Very Good","F","SI1",58,60,5241,6.68,6.74,3.89
1.09,"Ideal","H","SI1",62.4,55,4784,6.59,6.68,4.14
1.25,"Good","J","SI1",63.6,57,5110,6.86,6.81,4.35
0.44,"Premium","H","SI2",59.3,60,759,5.01,4.98,2.96
0.31,"Premium","I","SI1",60.1,59,418,4.38,4.41,2.64
0.7,"Ideal","D","SI1",61.8,56,2872,5.63,5.73,3.51
0.6,"Ideal","G","VS1",62.2,55,2061,5.41,5.45,3.38
0.55,"Premium","E","VS2",61.5,56,1881,5.28,5.25,3.24
0.52,"Very Good","G","VVS2",61.8,59,1911,5.13,5.16,3.18
0.51,"Ideal","E","VS2",61.9,57,1662,5.12,5.09,3.16
0.51,"Premium","G","VVS1",60.2,58,2027,5.24,5.2,3.14
0.75,"Premium","H","VS1",58.9,62,2588,5.96,5.93,3.5
0.45,"Ideal","F","VS2",62.8,55,945,4.88,4.86,3.06
0.3,"Ideal","F","VS2",62.8,56,776,4.31,4.29,2.7
0.71,"Ideal","G","VS2",61.8,56,3299,5.72,5.75,3.55
1.02,"Ideal","E","SI2",61.6,55,4912,6.52,6.46,4
0.73,"Ideal","G","VVS2",61.3,57,2843,5.81,5.84,3.57
1.24,"Ideal","F","SI2",60,56,5000,7.03,7,4.21
0.42,"Ideal","D","VS2",62.2,55,1103,4.8,4.75,2.97
1.86,"Good","G","SI2",63.8,55,9791,7.79,7.73,4.95
0.9,"Very Good","G","VS2",60.5,60,4296,6.2,6.24,3.76
0.31,"Ideal","F","IF",61.9,54,901,4.38,4.41,2.72
1.12,"Very Good","F","SI2",61.5,58,4953,6.63,6.68,4.09
0.38,"Ideal","H","VVS2",61.6,56,794,4.67,4.72,2.89
0.5,"Fair","G","VS1",65.9,57,1373,5,4.87,3.25
2.01,"Fair","H","SI2",64.9,56,10184,7.88,7.81,5.09
2.17,"Premium","H","SI1",59.9,61,14452,8.39,8.38,5.02
0.36,"Very Good","G","VVS2",61.7,56,753,4.56,4.58,2.82
0.26,"Premium","E","VS1",60.1,60,580,4.15,4.1,2.48
0.39,"Ideal","G","VVS1",62,56,978,4.66,4.7,2.9
0.31,"Ideal","G","IF",62.5,56,871,4.33,4.37,2.71
0.96,"Ideal","F","VS1",61.2,56,5767,6.34,6.38,3.89
1.1,"Premium","G","SI2",61.4,59,4650,6.71,6.59,4.08
1.09,"Ideal","H","SI1",62.3,57,5149,6.58,6.54,4.09
1.55,"Premium","I","VS1",58.2,60,10416,7.69,7.59,4.45
0.25,"Premium","F","IF",61.1,58,576,4.08,4.1,2.5
0.72,"Good","E","SI1",63.9,58,2305,5.72,5.64,3.63
0.72,"Very Good","F","SI2",60.4,59,2158,5.8,5.83,3.51
0.61,"Ideal","J","VVS1",60.9,56,1692,5.45,5.51,3.34
0.7,"Good","G","VS2",63.8,59,2353,5.51,5.55,3.53
1.52,"Ideal","H","VS2",62.4,58,11272,7.3,7.37,4.58
0.75,"Premium","G","SI1",59.1,59,2622,5.98,5.9,3.51
1.52,"Very Good","E","VS2",60.3,59,13001,7.43,7.52,4.51
1.7,"Ideal","I","VS1",63,55,12030,7.75,7.54,4.76
0.52,"Ideal","F","SI1",62.2,54,1223,5.19,5.23,3.24
0.36,"Premium","E","VS2",60.3,59,789,4.58,4.64,2.78
0.91,"Very Good","G","SI2",60.3,59,3189,6.23,6.28,3.77
0.5,"Very Good","G","VVS2",62.8,57,1764,5.05,5.07,3.18
0.71,"Premium","G","SI2",62.1,58,2208,5.72,5.68,3.54
0.3,"Very Good","H","VVS2",62,56,559,4.28,4.3,2.66
1.05,"Very Good","F","SI1",59.7,60,5666,6.63,6.71,3.98
0.38,"Ideal","I","VS1",62.4,54.4,703,4.62,4.66,2.9
0.41,"Premium","J","VS2",61.9,59,611,4.69,4.74,2.92
1.28,"Ideal","G","SI2",61.1,58,6548,6.98,7.03,4.28
1.11,"Premium","E","VS1",59.8,60,9299,6.75,6.72,4.03
0.33,"Ideal","E","SI1",62.5,55,579,4.42,4.45,2.77
0.57,"Ideal","I","VS1",61.6,56,1355,5.33,5.35,3.29
1.2,"Premium","F","VS2",62.1,54,8796,6.77,6.73,4.19
0.3,"Ideal","F","VVS2",61.5,58,694,4.3,4.35,2.66
1.24,"Premium","E","VS1",59.9,61,10388,6.99,6.96,4.18
1.01,"Ideal","G","VVS2",60.6,57,7366,6.54,6.5,3.95
0.3,"Ideal","F","VVS2",61.1,57,736,4.3,4.34,2.64
0.97,"Ideal","I","I1",61.6,53,2239,6.4,6.43,3.95
1.01,"Good","J","SI1",63.6,54,3665,6.44,6.36,4.07
0.41,"Ideal","F","VVS1",61.3,56,1001,4.8,4.82,2.95
1.5,"Premium","D","VS1",62.8,58,16793,7.29,7.26,4.57
0.51,"Ideal","F","VS1",62.5,55,1836,5.13,5.08,3.19
0.54,"Premium","H","VS1",62.4,55,1637,5.25,5.2,3.26
2.02,"Premium","J","VS2",62,59,13687,8.06,8.08,5
0.25,"Ideal","H","SI1",62.8,54,357,4.05,4.07,2.55
0.94,"Ideal","G","VVS1",62.4,58,6488,6.22,6.27,3.9
0.9,"Very Good","D","SI1",61,63,4304,6.13,6.1,3.73
0.6,"Ideal","G","VS1",61.1,57,2147,5.41,5.45,3.32
0.83,"Ideal","F","VS1",62,57,4030,6.02,5.97,3.72
0.7,"Premium","E","VS1",62.2,58,2800,5.6,5.66,3.5
0.33,"Ideal","D","SI1",62.4,54,780,4.44,4.41,2.76
1.15,"Premium","G","SI1",62.2,56,5851,6.76,6.68,4.18
1.13,"Premium","H","SI2",61.1,59,4619,6.73,6.65,4.09
0.71,"Premium","D","SI1",60.7,58,2861,5.95,5.78,3.56
1,"Good","H","SI2",63.8,57,3640,6.32,6.28,4.02
0.26,"Good","H","VVS2",63.4,55,440,4.05,4.06,2.57
1.04,"Premium","I","SI2",62,57,3774,6.53,6.47,4.03
1.6,"Ideal","H","VS2",61.2,57,8709,7.57,7.5,4.61
1.02,"Good","E","SI2",63.4,57,4712,6.41,6.43,4.07
0.55,"Ideal","D","VS2",62.8,57,1894,5.27,5.24,3.3
0.54,"Ideal","G","VVS2",62,56,1920,5.23,5.27,3.25
0.92,"Ideal","E","SI2",62.1,57,3941,6.26,6.2,3.87
0.71,"Premium","F","VS2",59.3,56,2840,5.88,5.82,3.47
0.26,"Very Good","F","VVS2",59.2,60,554,4.19,4.22,2.49
0.3,"Very Good","H","VS1",62.9,57,526,4.26,4.29,2.69
1.68,"Very Good","G","VS2",62.7,58,14192,7.51,7.54,4.72
0.31,"Premium","F","VS2",62,60,802,4.34,4.3,2.68
0.71,"Ideal","F","VS2",61.8,56.2,3123,5.7,5.75,3.53
0.7,"Good","F","VS1",57.8,61,2751,5.83,5.79,3.36
0.31,"Ideal","J","VVS2",60.3,60,476,4.4,4.45,2.67
0.52,"Premium","F","VS2",62.5,58,1605,5.17,5.13,3.22
0.3,"Very Good","E","SI1",62.7,60,526,4.24,4.28,2.67
0.34,"Ideal","I","VS2",61.1,55,495,4.51,4.55,2.77
0.31,"Fair","G","VVS2",65.5,58,629,4.25,4.24,2.78
0.51,"Ideal","E","VS2",61,57,1662,5.21,5.12,3.15
0.42,"Ideal","G","VVS1",60,57,1179,4.84,4.86,2.91
1.01,"Very Good","G","VS1",62.8,59,6499,6.34,6.37,3.99
0.38,"Ideal","F","VS1",60.4,56,915,4.7,4.74,2.85
2.01,"Very Good","G","SI2",63.3,58,15563,8.01,8.05,5.08
1.53,"Ideal","F","SI1",62.2,55,12616,7.35,7.37,4.57
0.53,"Premium","H","SI1",60.9,60,1193,5.26,5.19,3.18
0.71,"Premium","F","SI1",61.1,62,2317,5.76,5.72,3.51
0.41,"Ideal","E","VVS2",61.4,56,1187,4.77,4.81,2.94
0.3,"Ideal","H","SI1",62.2,57,450,4.27,4.31,2.67
0.9,"Ideal","H","SI1",62.1,56,4492,6.14,6.19,3.83
0.35,"Premium","H","VVS1",61.2,60,1024,4.54,4.51,2.77
0.33,"Premium","G","VS1",61.9,59,854,4.45,4.43,2.75
0.36,"Ideal","F","VVS1",61,55,1028,4.6,4.62,2.81
0.87,"Ideal","G","VS2",61.4,55,4553,6.15,6.17,3.78
0.91,"Ideal","D","SI1",62.1,55,5535,6.2,6.24,3.86
2.15,"Ideal","I","SI1",62.5,57,14534,8.2,8.16,5.11
0.78,"Ideal","G","VS2",62,57,3590,5.9,5.86,3.65
0.32,"Very Good","F","VS2",63,57,602,4.33,4.37,2.74
0.51,"Ideal","E","VS2",62.4,57,1656,5.1,5.13,3.19
0.9,"Very Good","I","SI2",60.5,56,3464,6.22,6.24,3.77
0.4,"Premium","E","VS2",61.9,59,912,4.72,4.75,2.93
0.33,"Premium","G","VS2",60,58,579,4.47,4.49,2.69
1.01,"Premium","D","IF",61.6,56,16234,6.46,6.43,3.97
0.33,"Premium","F","VVS2",62.3,60,901,4.43,4.4,2.75
0.31,"Ideal","G","VS1",61,55,625,4.39,4.43,2.69
0.98,"Very Good","H","SI2",62.2,60,4479,6.31,6.36,3.94
0.7,"Premium","D","VS2",58,62,2773,5.87,5.78,3.38
1.21,"Very Good","D","SI2",62.4,58,6248,6.77,6.83,4.24
0.3,"Ideal","H","SI1",62.6,53.1,475,4.27,4.3,2.69
0.31,"Good","F","VS1",63.9,55,779,4.3,4.27,2.74
0.5,"Very Good","H","VVS1",63.3,57,1715,5.06,5.02,3.19
0.31,"Ideal","H","VVS2",62.4,57,625,4.32,4.36,2.71
1.15,"Premium","D","SI1",61.7,58,6041,6.76,6.69,4.15
2.12,"Ideal","F","SI2",62.3,57,17730,8.19,8.22,5.11
0.3,"Very Good","H","SI1",62.9,59,432,4.24,4.28,2.68
1.14,"Ideal","D","SI2",61.4,56,5650,6.77,6.69,4.13
0.51,"Ideal","F","VVS2",62.6,57,2203,5.13,5.1,3.2
0.46,"Fair","F","SI1",66.3,56,984,4.86,4.79,3.2
1,"Premium","F","SI2",60.2,58,3584,6.47,6.42,3.88
0.7,"Premium","E","VS2",62.4,61,2818,5.66,5.63,3.52
0.33,"Very Good","F","SI2",63,58,434,4.4,4.42,2.78
0.7,"Premium","F","VS2",59.4,61,2838,5.83,5.79,3.45
1.63,"Good","I","SI1",63.7,58,9556,7.4,7.48,4.74
1,"Very Good","D","SI2",63.2,56,3965,6.38,6.33,4.02
0.9,"Very Good","F","SI1",62.6,57,3950,6.16,6.2,3.87
0.22,"Premium","F","SI1",60.4,61,342,3.88,3.84,2.33
0.69,"Premium","H","VS2",60.8,59,1863,5.77,5.74,3.5
1.33,"Premium","E","SI2",62.5,58,6963,6.99,7.03,4.38
0.57,"Premium","E","SI1",60.3,57,1728,5.4,5.34,3.24
1.04,"Ideal","D","SI1",61.7,57,5952,6.55,6.51,4.03
0.32,"Very Good","I","VS1",63.2,54,648,4.42,4.38,2.78
0.3,"Good","G","VVS2",63.3,57,684,4.23,4.27,2.69
1,"Premium","D","SI2",62.4,58,4730,6.33,6.36,3.96
0.31,"Very Good","F","VS2",63,57,583,4.27,4.33,2.71
0.4,"Very Good","D","VVS2",61.4,58.3,1359,4.73,4.74,2.9
0.57,"Ideal","E","VS2",62.9,57,1949,5.29,5.26,3.32
2.03,"Fair","G","SI2",64.9,59,14687,7.85,7.99,5.14
1.26,"Ideal","F","VVS1",61.1,57,15247,6.96,6.98,4.26
0.72,"Ideal","E","VS1",62.6,57,3283,5.69,5.72,3.57
1.65,"Very Good","H","VS1",62,58,12773,7.56,7.66,4.72
0.3,"Ideal","E","VS2",61.5,55,658,4.28,4.31,2.64
0.55,"Premium","F","VS2",62.5,56,1746,5.27,5.23,3.28
0.57,"Ideal","E","VVS2",61.5,55.9,2615,5.31,5.35,3.28
0.32,"Ideal","G","VVS1",61.4,57,796,4.4,4.44,2.71
2.05,"Ideal","F","SI2",62.2,57,12743,8.19,8.12,5.07
0.3,"Ideal","D","SI1",62.1,57,524,4.25,4.28,2.65
2.06,"Very Good","G","SI2",62.3,59,18005,8.07,8.2,5.07
0.9,"Very Good","F","VS1",61.2,56,5324,6.18,6.23,3.8
1.53,"Premium","G","SI1",58.4,59,10830,7.58,7.52,4.41
0.35,"Ideal","D","VS2",60.7,56,829,4.56,4.6,2.78
0.9,"Premium","G","SI1",60.6,60,3407,6.22,6.15,3.75
0.27,"Ideal","I","VVS2",61.6,55,480,4.17,4.21,2.58
0.5,"Ideal","I","VS1",62.2,55,1282,5.07,5.11,3.16
0.34,"Ideal","G","VVS1",61.8,56,913,4.48,4.51,2.78
1.01,"Very Good","G","VS1",63.2,58,6618,6.38,6.34,4.02
0.72,"Very Good","G","SI2",63.4,57,2001,5.67,5.71,3.61
0.71,"Ideal","H","SI2",62.1,57,2122,5.68,5.76,3.55
0.32,"Very Good","F","VS2",62.8,53,645,4.34,4.38,2.74
2,"Good","G","SI2",58.1,64,11041,8.3,8.27,4.81
1.5,"Premium","F","SI1",62.2,58,12030,7.34,7.29,4.55
1.2,"Premium","E","I1",62.3,60,3871,6.78,6.71,4.2
0.4,"Ideal","E","VS1",62,54,1125,4.77,4.74,2.95
0.58,"Ideal","G","SI1",61.5,56,1690,5.35,5.38,3.3
0.3,"Premium","E","SI1",61.3,60,675,4.28,4.24,2.61
1.53,"Good","E","SI2",57.1,56,7643,7.69,7.65,4.38
0.25,"Very Good","F","VS1",60.7,57,480,4.06,4.09,2.47
0.9,"Good","E","VVS1",63.4,60,7214,6.06,6.11,3.86
1,"Good","F","VS2",63.8,58,6209,6.32,6.28,4.02
0.73,"Premium","E","SI1",59.6,61,2821,5.92,5.85,3.51
0.54,"Premium","I","VS1",61.5,58,1389,5.28,5.26,3.24
1.54,"Premium","G","VS1",61.9,59,13733,7.37,7.34,4.55
0.24,"Very Good","E","VVS2",60.6,62,478,4.03,4.06,2.45
0.31,"Ideal","G","IF",61,57,891,4.4,4.42,2.69
1,"Premium","F","SI2",61.5,60,4340,6.35,6.33,3.9
0.33,"Very Good","G","VVS2",60,63,752,4.45,4.49,2.68
0.34,"Premium","F","VS2",62.6,59,880,4.48,4.44,2.79
0.52,"Ideal","D","VVS2",62.4,56,2362,5.15,5.17,3.22
0.47,"Ideal","F","VS2",60.7,56.1,1226,5.02,5.08,3.07
1.26,"Very Good","J","SI1",61.8,58,4989,6.88,6.91,4.26
0.42,"Ideal","G","SI1",62,54,799,4.85,4.82,3
0.42,"Very Good","D","VVS2",62.8,59,1185,4.73,4.76,2.98
0.91,"Good","D","SI2",63.8,58,3848,6.04,6.09,3.87
0.3,"Premium","F","VS2",58.8,60,673,4.41,4.37,2.58
0.27,"Very Good","E","VVS2",63,56,622,4.12,4.14,2.6
1.51,"Ideal","J","SI1",62,55,8981,7.42,7.31,4.57
1.01,"Very Good","G","VVS2",63.3,57,7885,6.31,6.36,4.01
0.9,"Very Good","H","VS1",61.7,58,4466,6.18,6.26,3.84
1.08,"Premium","F","SI1",61,59,5487,6.67,6.57,4.04
0.52,"Good","I","SI1",63.6,60,978,5.05,5.1,3.23
0.37,"Ideal","E","VS2",62.6,56,811,4.56,4.61,2.87
0.32,"Ideal","G","IF",61.6,55,918,4.4,4.43,2.72
1.26,"Ideal","G","SI2",61.8,57,6362,6.93,6.95,4.29
2.13,"Very Good","J","SI1",62.8,58,13996,8.13,8.17,5.12
0.36,"Ideal","E","VS2",61.3,56,718,4.59,4.61,2.82
0.51,"Ideal","D","SI1",62,55,1553,5.11,5.15,3.18
1.29,"Ideal","I","SI2",61.9,57,6097,6.99,7.04,4.34
1.21,"Very Good","I","SI2",63.2,57,5014,6.7,6.66,4.22
0.81,"Premium","H","VVS2",62.8,58,3266,5.92,5.89,3.71
0.8,"Ideal","F","SI1",62.4,57,2890,5.9,5.87,3.67
0.32,"Ideal","I","VVS2",62.2,54.5,567,4.38,4.42,2.74
1.22,"Premium","I","VS1",60.6,61,6354,6.94,6.88,4.19
0.41,"Ideal","F","VVS1",61.8,55,1356,4.78,4.76,2.95
0.35,"Ideal","D","VS2",62.3,55,829,4.52,4.54,2.82
0.3,"Very Good","E","VS2",62.1,62,575,4.21,4.26,2.63
1.52,"Good","J","VVS2",57.9,62,8861,7.61,7.63,4.41
0.81,"Very Good","E","SI2",63.7,57,2735,5.86,5.94,3.76
1.22,"Ideal","J","SI1",62.3,55,5192,6.91,6.83,4.28
1.54,"Ideal","D","SI1",63,54,10694,7.33,7.28,4.6
1.41,"Good","G","SI1",63.7,57,7738,7.13,7.03,4.51
0.35,"Ideal","F","VS1",62.4,55,665,4.49,4.52,2.81
0.71,"Ideal","F","VVS1",61,56,5019,5.77,5.8,3.53
0.4,"Very Good","E","VS1",62.7,55,1250,4.69,4.72,2.95
1.01,"Premium","G","VS1",62.6,59,6618,6.43,6.38,4.01
0.7,"Premium","F","SI2",59.5,58,2234,5.82,5.72,3.44
0.4,"Good","I","IF",62.3,62,945,4.69,4.72,2.93
0.34,"Good","H","VVS1",63.2,58,775,4.41,4.45,2.8
0.79,"Ideal","F","SI2",61.9,55,2771,5.97,5.92,3.68
0.33,"Ideal","G","IF",61.7,56,946,4.47,4.51,2.77
0.27,"Very Good","F","VS2",63.3,58,470,4.08,4.1,2.59
0.5,"Good","F","VS2",58.8,64,1433,5.21,5.16,3.05
0.4,"Ideal","H","VS2",61.9,55,725,4.73,4.75,2.93
2.01,"Very Good","H","SI1",62.6,59,16901,7.95,7.98,4.99
1.57,"Ideal","I","SI1",62,59,9095,7.41,7.45,4.61
0.7,"Fair","E","SI1",65.2,58,2318,5.57,5.54,3.62
0.42,"Premium","D","SI1",59.8,59,1040,4.91,4.86,2.92
0.24,"Ideal","E","VVS2",61.6,56,678,4.01,4.04,2.48
0.4,"Ideal","E","VS2",62.6,57,1038,4.7,4.68,2.93
1,"Very Good","F","SI2",62.6,59,4901,6.34,6.38,3.98
0.51,"Premium","E","VS1",61.3,58,1831,5.14,5.17,3.16
0.76,"Fair","G","VS1",59,70,2800,5.89,5.8,3.46
0.98,"Very Good","E","SI2",61.1,60,3895,6.31,6.36,3.87
0.74,"Very Good","D","VS2",59.8,58,3476,5.9,5.94,3.54
0.59,"Ideal","G","VS1",61.1,58,1916,5.39,5.41,3.3
0.55,"Ideal","I","VS2",61.8,55,1374,5.28,5.32,3.27
1.22,"Ideal","F","VS2",60.7,57,9568,6.89,6.94,4.2
0.3,"Ideal","E","VS2",61.8,56,658,4.3,4.34,2.67
0.9,"Very Good","E","SI1",63.1,60,4092,6.18,6.14,3.89
0.37,"Ideal","E","VS1",61.4,55,1087,4.62,4.66,2.85
1.3,"Premium","H","SI2",60.4,61,4732,7.09,7.04,4.27
2.07,"Premium","E","SI2",58.9,61,13786,8.45,8.35,4.95
0.4,"Ideal","G","SI2",62.4,56,573,4.71,4.75,2.95
0.33,"Premium","G","IF",59.4,59,1094,4.54,4.49,2.68
0.53,"Ideal","F","VS1",60.8,55,1939,5.26,5.3,3.21
0.65,"Premium","E","SI1",60.5,59,1828,5.61,5.49,3.36
1.01,"Premium","D","SI2",58.8,59,4672,6.58,6.55,3.86
0.32,"Ideal","G","IF",61.8,55,1020,4.43,4.41,2.73
0.33,"Premium","D","SI2",62.7,58,631,4.41,4.39,2.76
1.04,"Very Good","F","SI2",63.2,58,4013,6.39,6.34,4.02
0.4,"Premium","F","VS1",61.1,59,1050,4.75,4.71,2.89
0.29,"Very Good","G","VS2",62.5,56,471,4.21,4.24,2.64
1.53,"Premium","G","VS2",61.3,58,12228,7.48,7.4,4.56
0.71,"Premium","E","SI1",61.3,56,2817,5.78,5.73,3.53
0.56,"Premium","D","SI1",61.9,58,1723,5.27,5.33,3.28
0.7,"Very Good","E","VS1",61.3,60,2952,5.68,5.7,3.49
1.09,"Good","G","SI2",57.4,61,3424,6.82,6.75,3.89
0.36,"Ideal","F","VS2",62,55,932,4.58,4.55,2.83
0.72,"Very Good","J","SI1",61.1,57,1866,5.75,5.8,3.53
0.7,"Very Good","D","SI1",58.3,62,2563,5.78,5.84,3.39
0.91,"Ideal","G","VS1",62.3,55,4860,6.17,6.22,3.86
0.32,"Ideal","G","VVS2",61.6,55,730,4.41,4.42,2.72
0.52,"Very Good","F","VS2",60.4,56,1581,5.27,5.29,3.19
1.01,"Very Good","J","SI1",61.3,57,4153,6.45,6.5,3.97
0.36,"Very Good","F","VS1",61.3,54,781,4.63,4.65,2.84
0.52,"Ideal","E","VS2",61.4,54,1576,5.2,5.23,3.2
0.32,"Good","F","VS2",63.3,57,602,4.34,4.38,2.76
1.07,"Good","E","VS2",63.1,56,7250,6.49,6.54,4.11
1.52,"Premium","I","SI1",58.1,62,8852,7.61,7.56,4.41
1.24,"Very Good","H","SI2",60,58,5858,6.99,7.05,4.21
0.3,"Fair","D","IF",60.5,57,1208,4.47,4.35,2.67
0.61,"Very Good","I","VVS2",62,54.4,1773,5.47,5.51,3.4
0.36,"Premium","I","VS1",62,59,729,4.6,4.53,2.83
0.5,"Good","E","SI1",63.6,56,1188,5.03,5,3.19
1.3,"Very Good","E","SI1",59.1,60,7963,7.12,7.17,4.22
1.25,"Premium","G","VS1",60.7,56,9282,7.01,6.93,4.23
0.51,"Very Good","J","VS2",62.5,56,1047,5.08,5.12,3.19
0.76,"Very Good","E","IF",61.9,56,4798,5.83,5.85,3.62
0.31,"Premium","E","VS1",61.9,58,734,4.31,4.32,2.67
1.09,"Ideal","G","VVS2",61.8,56,8753,6.58,6.62,4.08
0.32,"Ideal","G","VS2",62.1,55,673,4.36,4.39,2.71
0.53,"Ideal","D","VS2",62.2,56,1857,5.16,5.19,3.22
0.31,"Good","E","SI1",63.3,55,544,4.31,4.35,2.74
0.83,"Very Good","F","SI1",62.1,58,3010,5.98,6.06,3.74
1.09,"Ideal","E","SI2",61.9,55,5035,6.6,6.64,4.1
1.01,"Premium","G","VS2",63,58,5741,6.42,6.37,4.03
0.31,"Very Good","E","SI1",63.3,55,698,4.36,4.33,2.75
1.21,"Very Good","J","VS2",62.4,58,4191,6.79,6.83,4.25
1.01,"Ideal","E","VS2",62.5,54,7597,6.39,6.42,4
2.31,"Fair","G","I1",67.4,56,7257,8.05,7.99,5.41
1.1,"Premium","E","SI2",60.7,58,4829,6.77,6.65,4.07
0.5,"Premium","G","VVS2",59.6,60,1838,5.15,5.18,3.08
0.34,"Ideal","E","VS2",62.4,54,956,4.49,4.48,2.8
0.54,"Ideal","D","VS2",61.1,56,1993,5.29,5.25,3.22
0.5,"Premium","G","VVS2",60.9,59,1935,5.12,5.09,3.11
0.3,"Ideal","H","VS1",61.6,55,675,4.3,4.27,2.64
0.7,"Premium","E","SI2",61.1,61,2215,5.74,5.69,3.49
2.01,"Good","I","SI1",62.2,61,15371,7.94,8.01,4.96
0.31,"Ideal","H","IF",62.1,54,1046,4.37,4.33,2.7
0.35,"Premium","E","VS2",60.9,59,984,4.56,4.54,2.77
0.46,"Good","F","VS1",59.2,63,1228,5,5.03,2.97
0.3,"Very Good","J","VS1",63.4,57,506,4.26,4.23,2.69
2.02,"Ideal","J","SI2",62.7,56.9,11314,8.03,8.07,5.05
1.16,"Ideal","G","VVS1",62,57,9526,6.72,6.74,4.17
0.41,"Premium","G","VS1",60.5,57,961,4.85,4.81,2.92
1.01,"Premium","H","SI1",62.3,58,5090,6.44,6.4,4
0.72,"Ideal","F","VS2",62.2,56,2956,5.75,5.73,3.57
0.31,"Ideal","G","IF",61.5,54,871,4.4,4.41,2.71
2.14,"Premium","G","SI2",60.4,59,17673,8.38,8.32,5.04
1.76,"Very Good","I","SI2",62,57,9898,7.7,7.74,4.78
1.02,"Very Good","F","SI1",60.2,60,5077,6.55,6.61,3.96
1.01,"Ideal","G","SI2",61.7,56,4260,6.47,6.43,3.98
0.42,"Premium","G","VS1",62.4,59,984,4.8,4.78,2.99
1.02,"Ideal","E","VVS1",61.3,57,11128,6.47,6.54,3.99
0.3,"Ideal","F","IF",62.4,54,886,4.33,4.36,2.71
0.33,"Ideal","G","VS1",62.9,57,854,4.43,4.38,2.77
0.36,"Ideal","E","SI1",61.6,56,631,4.56,4.59,2.82
1.15,"Ideal","E","VVS1",60.9,56,12447,6.79,6.8,4.14
0.32,"Ideal","H","SI1",61,56,479,4.4,4.42,2.69
0.81,"Ideal","J","SI1",62,56,2307,6,6.03,3.73
1.5,"Premium","J","SI2",61.3,59,5351,7.38,7.33,4.51
0.51,"Ideal","E","VS2",61.5,58,1605,5.12,5.15,3.16
1,"Very Good","D","SI1",62.2,58,5621,6.34,6.45,3.98
0.3,"Ideal","G","VVS1",62.1,56,1094,4.35,4.28,2.68
0.32,"Ideal","F","VS2",63,57,773,4.37,4.33,2.74
1.24,"Premium","H","SI1",60.2,60,6808,6.94,6.91,4.17
2.05,"Premium","E","SI2",58.6,59,17066,8.43,8.36,4.92
0.3,"Very Good","D","VS2",62.5,58,710,4.26,4.29,2.67
2.01,"Very Good","I","VS1",62.8,59,17877,8.02,8.07,5.05
0.4,"Premium","F","VS2",59.3,59,1080,4.83,4.79,2.85
0.3,"Ideal","I","VS1",62.5,57,473,4.29,4.32,2.69
1.52,"Very Good","F","VS2",62.9,53.3,15649,7.31,7.36,4.61
1.01,"Fair","D","SI1",64.7,57,5430,6.33,6.25,4.07
0.34,"Ideal","F","VVS2",61.8,56,914,4.49,4.47,2.77
0.52,"Very Good","E","VS2",63.5,54,1773,5.19,5.11,3.27
0.3,"Ideal","G","VS2",61.6,58,545,4.27,4.3,2.64
1.21,"Premium","D","VVS1",60.1,59,17192,6.96,6.88,4.16
1.07,"Ideal","H","SI2",59.2,57,4314,6.7,6.64,3.95
1.11,"Premium","E","SI2",61,60,4177,6.68,6.66,4.07
1.04,"Ideal","F","SI2",62.6,57,4547,6.45,6.48,4.05
0.29,"Very Good","H","SI2",60.7,60,404,4.33,4.37,2.64
0.42,"Premium","G","VS1",59.4,59,984,4.9,4.86,2.9
1.01,"Ideal","F","VS1",62.2,56,9077,6.4,6.46,4
0.7,"Premium","D","SI1",58.8,59,2357,5.86,5.84,3.44
0.23,"Very Good","D","VS1",62.4,56,468,3.93,3.98,2.46
1.52,"Premium","J","VS1",62,59,8258,7.36,7.34,4.56
0.4,"Ideal","F","VS1",61.4,57,960,4.74,4.77,2.92
0.56,"Premium","D","VS2",61.1,58,1963,5.3,5.34,3.25
0.7,"Good","H","SI1",63.7,57,2394,5.58,5.57,3.55
1.5,"Very Good","E","SI1",62,57,11690,7.25,7.33,4.52
0.33,"Ideal","H","IF",60.5,56,959,4.54,4.52,2.74
2.07,"Premium","J","SI1",61.7,60,13731,8.23,8.15,5.05
0.43,"Ideal","H","SI1",62.5,57,716,4.79,4.84,3.01
1.08,"Very Good","D","VS1",60.2,58,9168,6.61,6.67,4
0.41,"Premium","E","SI1",61.4,56,969,4.81,4.77,2.94
0.91,"Very Good","G","SI1",62.2,57,3884,6.12,6.17,3.82
0.9,"Good","G","SI2",64.1,63,3246,6.02,5.99,3.85
2.01,"Ideal","J","SI1",62.8,58,9725,8.02,7.97,5.02
1.13,"Ideal","G","SI2",60.8,56,4707,6.64,6.72,4.06
0.43,"Premium","F","VS1",62.5,58,1056,4.78,4.85,3.01
0.26,"Good","D","VVS2",63.6,56,564,4.06,4.09,2.59
0.33,"Ideal","F","IF",61.3,55,971,4.48,4.49,2.75
0.3,"Premium","H","SI1",62.9,59,554,4.28,4.24,2.68
0.9,"Premium","E","SI1",60.8,59,4385,6.24,6.19,3.78
0.35,"Ideal","D","VS1",60.8,57,952,4.61,4.57,2.79
0.31,"Ideal","G","VVS1",61,56,789,4.36,4.4,2.67
0.41,"Ideal","G","VS2",59.8,57,1061,4.85,4.81,2.89
1,"Premium","G","VVS1",61.3,62,7644,6.37,6.35,3.9
0.71,"Premium","G","SI1",61.2,61,2386,5.71,5.66,3.48
0.71,"Very Good","F","VS2",60.6,58,2697,5.74,5.81,3.5
0.3,"Ideal","E","VVS1",60.1,57,895,4.38,4.41,2.64
1.02,"Ideal","I","SI1",61.9,55,3983,6.43,6.46,3.99
0.31,"Premium","G","VVS2",61.5,58,707,4.31,4.34,2.66
0.51,"Very Good","D","SI1",63.5,56,1574,5.08,5.06,3.22
0.62,"Ideal","F","VS1",61.2,54,2371,5.55,5.52,3.39
1.22,"Premium","I","SI1",62.1,59,5368,6.8,6.86,4.24
1.27,"Ideal","J","VS2",61.8,54,5285,6.95,6.98,4.31
0.52,"Very Good","G","SI1",59.4,60,1267,5.23,5.28,3.12
0.54,"Premium","H","SI1",61,58,1240,5.27,5.23,3.2
0.36,"Ideal","E","VS1",62.4,55,1094,4.61,4.59,2.87
0.5,"Very Good","H","VS2",61.8,63,1178,5.08,5.05,3.13
0.55,"Good","H","SI1",63.6,55,1175,5.18,5.23,3.31
0.72,"Ideal","E","SI1",60.3,55,3012,5.85,5.89,3.54
1.5,"Premium","F","VS2",61.5,58,14586,7.32,7.34,4.51
0.91,"Very Good","E","SI2",60.5,59,3986,6.26,6.34,3.81
0.3,"Premium","I","SI1",61.6,62,506,4.3,4.27,2.64
0.3,"Premium","D","SI1",62.2,58,709,4.31,4.28,2.67
0.54,"Very Good","H","VVS1",62,57,1846,5.2,5.25,3.24
2.01,"Good","J","SI1",59.6,61,11703,8.08,8.14,4.83
0.34,"Ideal","E","VS2",62.6,55,956,4.45,4.43,2.78
1.16,"Premium","H","SI1",61.2,58,5454,6.76,6.81,4.15
0.55,"Ideal","E","VS2",60.3,57,1715,5.3,5.28,3.19
0.32,"Very Good","G","IF",61.8,55,954,4.39,4.45,2.73
1.38,"Ideal","G","VS1",62.2,54,11527,7.18,7.14,4.45
1.05,"Premium","G","IF",60.6,60,8850,6.57,6.59,3.99
0.42,"Good","E","SI1",63.4,56,773,4.74,4.82,3.03
0.34,"Premium","G","VS2",60.2,58,596,4.52,4.55,2.73
1.17,"Ideal","G","VS2",61.5,57,6139,6.86,6.8,4.2
1.1,"Ideal","G","VS1",61.3,54,6535,6.69,6.65,4.09
1.07,"Ideal","I","SI1",61.7,56,5093,6.59,6.57,4.06
0.3,"Very Good","F","VVS1",62.5,56,682,4.27,4.31,2.68
0.33,"Ideal","G","IF",61.8,55,1052,4.48,4.45,2.76
0.9,"Good","E","SI1",58.1,64,3884,6.26,6.28,3.64
0.57,"Ideal","F","VS2",61.6,55,1737,5.35,5.37,3.3
1.51,"Good","J","SI2",58.1,64,6104,7.53,7.57,4.39
1.51,"Very Good","F","VS2",63.7,60,13012,7.2,7.24,4.6
0.9,"Premium","E","VS1",59.4,59,5535,6.28,6.31,3.74
1.01,"Premium","H","VS2",60.6,60,5260,6.51,6.49,3.94
0.91,"Very Good","G","SI2",63.4,60,3891,6.11,6.06,3.86
1.07,"Very Good","G","SI1",63.1,59,4949,6.49,6.45,4.08
0.36,"Premium","G","IF",62.5,60,1074,4.49,4.53,2.82
0.3,"Ideal","E","VVS2",61.4,55,949,4.33,4.36,2.67
1.13,"Good","F","SI2",64,58,3952,6.52,6.58,4.19
0.21,"Premium","E","SI1",59.8,61,326,3.89,3.84,2.31
0.72,"Ideal","F","VS2",62.6,57,2724,5.72,5.68,3.57
1,"Ideal","E","SI1",60.1,62,5629,6.46,6.48,3.89
1.33,"Premium","I","SI2",59.7,59,5094,7.21,7.15,4.29
0.33,"Ideal","F","VS1",62.8,55,765,4.41,4.45,2.78
1.09,"Good","H","SI1",63.2,57,4784,6.54,6.57,4.14
1.62,"Ideal","I","VS2",61.8,55,11217,7.56,7.59,4.68
0.35,"Ideal","I","VS1",60.9,57,709,4.59,4.54,2.78
0.31,"Very Good","F","VS2",62.1,54,500,4.34,4.39,2.71
1.33,"Ideal","J","VS1",61.3,57,5852,7.08,7.11,4.35
1,"Premium","F","SI1",59.8,59,5058,6.49,6.55,3.9
1.01,"Premium","D","SI1",61.6,60,5543,6.47,6.43,3.97
0.3,"Fair","F","VVS2",65.5,61,743,4.19,4.15,2.73
1.21,"Good","E","I1",64,57,4201,6.73,6.67,4.29
1.24,"Very Good","I","SI1",62.5,57,5046,6.84,6.89,4.29
1.09,"Ideal","H","SI1",61.4,56,6970,6.61,6.64,4.07
2.08,"Premium","H","SI1",62.6,59,17617,8.1,8.13,5.08
0.52,"Good","F","SI2",61.5,60.5,1170,5.11,5.16,3.16
1.32,"Ideal","G","SI2",62.9,57,6409,6.98,6.94,4.38
1.21,"Ideal","H","VS2",62.6,55,7562,6.84,6.78,4.26
0.72,"Very Good","F","SI1",62.6,55,2440,5.71,5.76,3.59
0.35,"Ideal","F","SI1",62.5,54,748,4.52,4.5,2.82
0.55,"Ideal","F","VS2",62.7,55,1698,5.26,5.24,3.29
0.43,"Very Good","E","SI1",63.4,57,948,4.84,4.81,3.06
0.92,"Premium","H","VS1",61.7,62,4039,6.2,6.12,3.8
1.02,"Premium","E","SI2",58.7,59,4478,6.61,6.57,3.87
0.91,"Premium","D","SI2",62,62,3403,6.25,6.16,3.85
0.4,"Ideal","D","VVS1",61.8,55,1754,4.72,4.76,2.93
1.02,"Very Good","D","SI1",63.3,58,5598,6.39,6.35,4.03
0.7,"Very Good","F","SI1",59.8,59,2401,5.74,5.8,3.45
1.1,"Ideal","G","VS1",61.5,57,6984,6.62,6.65,4.08
1.62,"Premium","D","SI2",61.2,61,9199,7.6,7.53,4.63
1.02,"Ideal","G","VS2",60.6,56,6333,6.56,6.52,3.96
0.4,"Ideal","F","VVS1",60.7,56,1263,4.77,4.79,2.9
0.33,"Very Good","G","VVS1",61.2,60,868,4.42,4.44,2.71
0.33,"Premium","G","IF",60.8,58,1052,4.46,4.42,2.7
0.31,"Ideal","D","VS2",61.8,56,942,4.36,4.32,2.68
0.64,"Premium","E","VS2",61.6,62,1926,5.48,5.46,3.37
0.36,"Ideal","F","VS2",60.5,57,786,4.61,4.65,2.8
1.33,"Good","I","VS1",63.7,56,7090,6.96,6.92,4.42
0.32,"Ideal","E","VS2",62.2,55,702,4.37,4.38,2.72
0.71,"Good","E","VS2",62.8,60,2836,5.6,5.65,3.53
0.32,"Premium","G","VS2",62.3,60,720,4.4,4.37,2.73
0.9,"Very Good","D","SI1",61.9,55,4514,6.18,6.22,3.84
1,"Premium","E","SI2",62.6,60,4116,6.35,6.33,3.97
0.4,"Ideal","H","VVS1",62.1,57,913,4.68,4.72,2.92
0.55,"Ideal","G","VVS1",61.2,56,2632,5.27,5.29,3.23
0.73,"Ideal","G","SI1",62.1,54,2583,5.78,5.81,3.6
1.01,"Premium","E","VS2",62.9,59,6606,6.36,6.3,3.98
0.5,"Premium","G","SI2",62.4,61,863,5.02,4.98,3.12
0.7,"Ideal","H","VS1",61.2,55,3185,5.71,5.76,3.51
0.32,"Premium","F","VS2",60.6,59,645,4.4,4.44,2.68
0.38,"Ideal","H","SI1",61.2,56,697,4.7,4.74,2.89
1.52,"Ideal","D","VS1",61.2,57,17659,7.4,7.46,4.55
1.25,"Ideal","G","VS2",61.5,58,9282,6.88,6.93,4.25
1.04,"Premium","F","SI1",61.5,59,5504,6.54,6.46,4
0.56,"Ideal","E","SI1",61.6,56,1691,5.29,5.33,3.27
0.32,"Very Good","H","SI1",62.6,55,461,4.37,4.38,2.74
0.3,"Ideal","H","VS2",62.3,54,491,4.31,4.36,2.7
0.44,"Premium","G","SI1",61.1,59,772,4.86,4.9,2.98
1.02,"Premium","E","VS2",61.6,60,6580,6.51,6.42,3.98
0.54,"Good","D","SI2",63.2,57,1249,5.16,5.19,3.27
0.5,"Very Good","F","SI1",61.6,60,1214,5.07,5.1,3.13
1.51,"Ideal","I","VS2",59.9,56,9471,7.49,7.42,4.47
0.32,"Ideal","F","VS2",61.7,55,645,4.4,4.41,2.72
1.05,"Very Good","E","SI2",61.7,59,4010,6.52,6.58,4.04
0.4,"Very Good","E","VS1",63.3,55,909,4.66,4.69,2.96
0.42,"Premium","G","SI1",62.7,58,687,4.75,4.79,2.99
0.41,"Ideal","G","VS1",61.9,57,961,4.81,4.76,2.96
0.41,"Very Good","F","IF",63.3,56,1255,4.69,4.75,2.99
1.09,"Ideal","F","VS2",60.9,54,7385,6.66,6.73,4.08
1.02,"Good","D","SI2",63.4,59,4633,6.37,6.41,4.05
0.43,"Good","F","VS1",57.9,61,931,4.99,5.03,2.9
1.2,"Ideal","I","VS2",62.3,57,5736,6.74,6.8,4.22
0.55,"Ideal","D","VS1",61.8,55,2119,5.29,5.32,3.28
0.23,"Good","E","VS2",61.8,63,357,3.88,3.89,2.4
0.33,"Ideal","I","VVS2",62.7,54,743,4.45,4.42,2.78
0.31,"Ideal","I","VVS1",62.1,56,571,4.35,4.38,2.71
0.91,"Premium","E","SI2",61.6,60,3846,6.14,6.1,3.77
0.92,"Premium","H","SI1",62,60,3618,6.21,6.27,3.87
0.32,"Ideal","D","VS2",61.1,56,713,4.42,4.45,2.71
0.96,"Good","D","SI2",64,62,3419,6.16,6.13,3.93
0.53,"Ideal","F","VS1",61.5,56,1856,5.26,5.22,3.22
0.27,"Good","E","VVS1",63.9,57,752,4.1,4.07,2.61
1.04,"Ideal","G","SI2",62,56,4752,6.52,6.49,4.03
0.7,"Very Good","G","SI2",63.4,57,1715,5.62,5.58,3.55
1.04,"Premium","G","SI1",60.3,58,3780,6.6,6.55,3.96
0.52,"Ideal","G","VVS2",61.6,56,1784,5.15,5.18,3.18
0.55,"Good","J","VS2",64.1,54,1034,5.18,5.21,3.33
0.32,"Ideal","F","VVS1",61.7,55,867,4.42,4.46,2.74
0.5,"Ideal","H","IF",61.8,56,2352,5.1,5.13,3.16
0.52,"Good","I","SI1",63.6,60,1073,5.1,5.05,3.23
0.39,"Premium","D","VS2",61.4,60,1024,4.72,4.7,2.89
0.71,"Ideal","D","VS2",62.5,55,3161,5.74,5.71,3.58
0.7,"Ideal","I","SI1",61.6,53,2110,5.73,5.76,3.54
0.75,"Ideal","D","SI1",62.3,57,2903,5.83,5.8,3.62
0.33,"Premium","I","SI1",60.4,59,434,4.5,4.54,2.73
1,"Premium","H","VS2",59.3,61,5208,6.47,6.45,3.83
0.52,"Ideal","F","VVS1",61.3,55,2778,5.19,5.22,3.19
1.02,"Ideal","G","VS1",62.1,58,6857,6.4,6.45,3.99
0.96,"Very Good","H","SI1",63.1,58,4064,6.2,6.25,3.93
0.5,"Ideal","E","SI1",62.8,57,1331,5.05,5.08,3.18
0.55,"Very Good","E","VS1",61.6,55,1986,5.26,5.28,3.25
0.41,"Ideal","E","VVS1",61.9,55,1367,4.78,4.79,2.96
0.3,"Ideal","E","VVS2",62.3,54.1,779,4.28,4.34,2.69
0.92,"Fair","E","SI1",65.6,57,3407,6.1,6.07,3.99
0.56,"Ideal","E","VS1",61.2,56,2085,5.3,5.34,3.26
0.71,"Good","E","SI1",62.8,64,2817,5.6,5.54,3.5
0.44,"Premium","E","VS2",60.4,58,1003,4.87,4.93,2.96
0.31,"Premium","F","IF",61.5,58,979,4.33,4.35,2.67
0.54,"Good","E","SI2",63.8,54,1163,5.17,5.18,3.3
0.31,"Ideal","D","VVS2",61.9,55,997,4.39,4.36,2.71
0.51,"Ideal","G","SI2",61.9,55,1121,5.12,5.14,3.17
0.57,"Ideal","F","VS2",61.7,57,1847,5.36,5.33,3.3
0.4,"Ideal","E","VVS2",61.5,56,1238,4.79,4.74,2.93
1.07,"Premium","F","SI1",61.7,58,4597,6.58,6.62,4.07
0.56,"Very Good","D","SI1",59.9,60,1723,5.33,5.39,3.21
0.3,"Very Good","G","VVS1",62.8,58,789,4.27,4.3,2.69
0.9,"Premium","H","SI1",62.8,62,3387,6.09,6.05,3.81
0.71,"Premium","E","SI1",61.8,59,2792,5.7,5.75,3.54
1.18,"Ideal","E","SI2",60.8,57,4885,6.89,6.83,4.17
1.2,"Ideal","G","VS2",62.8,57,7243,6.78,6.72,4.24
0.39,"Premium","D","VVS2",62.9,58,1290,4.66,4.62,2.92
0.73,"Premium","G","I1",62.5,58,1395,5.82,5.74,3.61
0.56,"Ideal","F","VVS1",62.1,56,2510,5.29,5.3,3.29
1.01,"Good","G","SI1",63.2,55,4326,6.32,6.4,4.02
1.03,"Premium","F","I1",62.3,59,3444,6.42,6.46,4.01
0.41,"Good","G","SI2",63.7,55,732,4.75,4.7,3.01
0.9,"Premium","H","SI2",61.1,58,2732,6.21,6.13,3.77
0.41,"Premium","D","SI2",61.2,59,876,4.8,4.77,2.93
0.51,"Premium","D","SI2",60.2,58,1109,5.24,5.2,3.14
0.41,"Good","E","VVS1",64.1,55,1228,4.68,4.71,3.01
0.91,"Good","H","VS2",63.8,59,3192,5.99,5.96,3.82
0.58,"Good","E","SI1",59.3,64,1287,5.48,5.42,3.23
0.31,"Ideal","E","VS2",61.9,55,680,4.34,4.38,2.7
0.6,"Ideal","D","VS1",61.9,54.9,2527,5.4,5.43,3.35
1,"Good","J","SI2",57.8,61,3536,6.54,6.58,3.79
0.92,"Premium","F","SI2",58.1,58,3282,6.46,6.41,3.74
0.9,"Good","F","SI1",63.1,57,3724,6.12,6.15,3.87
1.01,"Premium","J","VS1",63,55,3790,6.39,6.34,4.01
1.61,"Premium","I","SI1",62,58,8978,7.46,7.51,4.64
1.75,"Ideal","I","VS2",61.6,55,12531,7.72,7.77,4.77
1.5,"Ideal","E","SI1",60.4,59,12265,7.38,7.43,4.47
1.01,"Premium","G","SI2",60.1,59,4154,6.45,6.39,3.86
1.23,"Premium","H","SI2",61.2,57,5373,6.89,6.86,4.21
1.58,"Premium","F","SI2",62.3,60,9290,7.42,7.38,4.61
1.02,"Ideal","E","SI2",62.8,55,4478,6.43,6.4,4.03
0.32,"Ideal","F","IF",60.9,57,929,4.4,4.44,2.69
0.92,"Premium","D","SI2",62.4,58,4168,6.18,6.19,3.86
0.36,"Ideal","G","SI2",61.4,54,505,4.59,4.66,2.84
0.71,"Very Good","D","SI1",63.1,56,2508,5.66,5.62,3.56
0.41,"Ideal","E","SI1",62.5,55,969,4.77,4.73,2.97
0.5,"Ideal","H","VVS1",60.6,55,1710,5.13,5.17,3.12
0.33,"Ideal","H","VS1",62.6,56,610,4.39,4.42,2.75
0.9,"Very Good","G","VS1",61.4,57,5135,6.2,6.24,3.82
1.2,"Very Good","G","SI2",63.1,57,5609,6.68,6.79,4.25
0.41,"Ideal","F","VS2",62.7,57,863,4.73,4.78,2.98
0.79,"Premium","G","SI2",60.8,58,1877,6,5.98,3.61
0.58,"Ideal","G","VS2",61.9,55,1761,5.33,5.36,3.31
0.3,"Ideal","D","VS1",61.8,56,661,4.3,4.34,2.67
1.52,"Premium","G","VS1",61.4,58,13034,7.38,7.35,4.52
1.16,"Ideal","G","SI2",61.5,54,5301,6.78,6.75,4.16
0.3,"Very Good","D","SI2",62.2,59,447,4.25,4.3,2.66
0.5,"Good","G","VVS2",64.4,57,1991,4.97,5.05,3.22
1,"Ideal","E","SI1",61.7,57,5555,6.39,6.42,3.95
1.01,"Ideal","E","SI2",61.5,55,4504,6.45,6.49,3.98
0.51,"Premium","D","SI2",59.5,61,1406,5.19,5.16,3.08
0.71,"Ideal","I","IF",61.5,56,2925,5.74,5.77,3.54
0.51,"Ideal","D","VS2",61.1,56,1986,5.16,5.2,3.17
1.59,"Ideal","G","VVS2",62.6,55,15823,7.47,7.44,4.67
1.25,"Premium","J","SI1",62,61,4200,6.86,6.84,4.25
0.85,"Ideal","G","SI2",62,57,2913,6.1,6.02,3.76
0.42,"Premium","G","VS1",60.6,58,984,4.95,4.82,2.96
1.05,"Very Good","G","VS2",61.7,55,5917,6.5,6.56,4.03
0.7,"Very Good","F","VS2",60.3,59,2400,5.76,5.79,3.48
0.3,"Ideal","E","VS1",62.5,56,778,4.3,4.28,2.68
0.42,"Ideal","E","VS1",61.7,57,1014,4.78,4.81,2.96
0.39,"Ideal","F","VVS1",62.3,55,1124,4.67,4.7,2.92
0.51,"Ideal","H","SI2",61.9,54,983,5.13,5.15,3.18
0.7,"Premium","H","VS2",60.8,59,2330,5.71,5.74,3.48
0.5,"Very Good","G","SI1",62.4,52,1153,5.1,5.15,3.2
0.73,"Ideal","E","VS1",62.5,57,3235,5.73,5.76,3.59
1.23,"Ideal","I","SI2",62.3,55,4773,6.85,6.82,4.26
0.38,"Ideal","D","VS1",62,55,1140,4.68,4.64,2.89
0.37,"Premium","F","VS2",59.7,62,894,4.7,4.68,2.8
0.76,"Very Good","F","SI2",58.5,62,2815,5.93,6.01,3.49
0.52,"Ideal","G","SI1",61.2,55,1675,5.2,5.23,3.19
1.37,"Premium","J","VVS2",59.4,61,7319,7.29,7.25,4.32
2.3,"Good","I","SI2",63.8,55,12944,8.4,8.35,5.34
0.73,"Ideal","I","VVS2",63.3,57,2485,5.77,5.73,3.64
1,"Good","D","VS1",62.7,62,7672,6.21,6.23,3.9
0.86,"Ideal","D","SI1",62.8,56,3709,6.05,6.08,3.81
0.31,"Fair","E","VS2",54.2,63,814,4.61,4.51,2.47
1.5,"Premium","J","SI1",61.7,59,7258,7.36,7.32,4.53
1.33,"Good","I","VS1",63.7,56,6963,6.92,6.96,4.42
1.01,"Good","E","SI1",64.3,59,4181,6.31,6.28,4.05
0.32,"Premium","H","SI1",62,58,461,4.38,4.39,2.72
0.4,"Ideal","G","SI1",61.3,56,701,4.73,4.76,2.91
0.31,"Premium","H","VVS1",61.8,58,907,4.34,4.3,2.67
1.13,"Fair","H","SI1",65.3,59,5771,6.52,6.44,4.23
0.49,"Good","F","VS1",59.2,60.9,1294,5.08,5.18,3.04
1.02,"Premium","G","SI2",62.5,58,4552,6.43,6.4,4.01
0.41,"Ideal","D","VVS2",62.1,56,1356,4.78,4.76,2.96
0.25,"Ideal","G","VVS1",61.7,56,582,4.05,4.07,2.51
0.64,"Ideal","F","VVS2",61,56,3336,5.55,5.59,3.4
0.31,"Premium","G","VS2",62.4,59,698,4.38,4.34,2.72
0.43,"Ideal","G","IF",61.3,56,1318,4.86,4.9,2.99
0.33,"Ideal","E","VS2",61.1,56,928,4.48,4.45,2.73
0.7,"Ideal","J","VS2",61.5,57,1971,5.7,5.74,3.52
0.8,"Very Good","D","SI1",58.2,63,2925,6.07,6.03,3.52
0.37,"Very Good","E","VS2",64,55,728,4.52,4.57,2.91
1.25,"Ideal","H","SI2",62.2,55.4,5932,6.89,6.94,4.29
0.43,"Ideal","F","SI1",61.3,56,739,4.86,4.9,2.99
1.03,"Good","D","SI1",60.1,62,5088,6.55,6.53,3.93
0.42,"Premium","G","VS2",60.6,58,847,4.83,4.88,2.94
0.3,"Ideal","D","VVS1",61.8,55,933,4.33,4.35,2.68
0.9,"Very Good","H","VS2",62.6,58,3989,6.14,6.22,3.87
0.38,"Ideal","H","VS1",60.6,57,871,4.7,4.73,2.85
1.07,"Premium","H","SI1",62.9,61,4440,6.47,6.41,4.05
0.34,"Fair","F","VS2",64.7,55,816,4.52,4.41,2.89
0.54,"Premium","D","SI1",60,58,1667,5.3,5.26,3.17
1.64,"Ideal","G","VS2",61.5,56,16297,7.59,7.62,4.68
1.21,"Premium","F","VS2",61.5,57,8877,6.81,6.74,4.17
1.01,"Good","I","SI1",61.7,58,4171,6.33,6.4,3.93
0.71,"Ideal","I","SI1",61.5,55,2721,5.76,5.79,3.55
0.4,"Ideal","F","VS1",62,56,890,4.73,4.75,2.94
2,"Premium","I","VS1",61.1,58,17436,8.11,8.08,4.95
1.7,"Premium","I","VS1",61.5,58,8840,7.74,7.64,4.73
1.01,"Premium","E","VS1",62,59,7821,6.38,6.42,3.97
0.33,"Ideal","G","VVS2",60.4,57,761,4.48,4.52,2.72
1.05,"Very Good","H","SI1",63.2,59,5072,6.39,6.46,4.06
0.71,"Very Good","F","VVS1",63.2,60,2862,5.65,5.61,3.56
1.36,"Premium","F","SI2",61.4,59,6458,7.16,7.12,4.38
0.54,"Ideal","H","VS2",61.5,55,1453,5.25,5.28,3.24
0.72,"Good","I","VS2",60.1,60.5,2174,5.76,5.85,3.48
0.33,"Ideal","G","IF",61.7,55,1052,4.47,4.45,2.75
0.91,"Ideal","E","SI2",62.5,56,3774,6.16,6.19,3.86
0.52,"Ideal","E","VS2",61.9,56,1815,5.16,5.12,3.18
0.71,"Very Good","E","VS1",63.4,58,3009,5.64,5.68,3.59
0.91,"Premium","H","VS2",62.8,58,4128,6.17,6.15,3.87
0.9,"Very Good","I","SI1",61.7,58,3274,6.17,6.21,3.82
0.87,"Ideal","D","SI2",61.4,54,4012,6.15,6.2,3.79
1,"Premium","G","VS2",60.6,59,6451,6.42,6.36,3.87
0.9,"Premium","I","VS2",60.1,59,3663,6.37,6.25,3.79
0.85,"Good","G","SI1",64.2,58,2244,6.01,5.92,3.83
0.72,"Ideal","D","VS2",61.8,56,4082,5.74,5.78,3.56
0.32,"Ideal","G","VS1",62.3,55,559,4.39,4.41,2.74
0.85,"Ideal","G","SI1",62,54,3084,6.08,6.11,3.78
1.65,"Ideal","J","SI1",62.5,56,8334,7.59,7.54,4.73
0.42,"Ideal","G","VVS1",62,56,1179,4.81,4.84,2.99
0.46,"Premium","E","SI1",61.8,57,1035,4.98,4.93,3.06
0.31,"Ideal","G","IF",61.8,56,891,4.33,4.37,2.69
1.25,"Very Good","H","SI2",63.2,60,4199,6.87,6.81,4.32
0.32,"Very Good","J","SI1",63,58,374,4.32,4.35,2.73
0.32,"Ideal","E","SI2",61,56,427,4.42,4.44,2.7
2,"Very Good","I","VS2",60.4,60,16459,8.14,8.19,4.93
0.77,"Premium","E","VS2",60.5,59,3291,5.92,5.98,3.6
0.34,"Good","F","SI1",61.9,56,581,4.5,4.52,2.79
0.72,"Very Good","G","SI1",62.8,60,2396,5.78,5.68,3.6
0.99,"Premium","F","VS2",62.6,55,5893,6.5,6.35,4.02
1.13,"Ideal","E","SI2",62.4,56,4303,6.66,6.63,4.15
0.7,"Very Good","H","SI1",61.5,57,2107,5.64,5.68,3.48
0.58,"Ideal","F","VS1",60.4,57,2245,5.42,5.37,3.26
0.28,"Very Good","E","VVS2",61.4,60,596,4.18,4.22,2.58
1.1,"Very Good","G","VVS1",61.4,60,9257,6.59,6.67,4.07
0.77,"Ideal","G","VS1",62.4,54,3176,5.89,5.93,3.69
0.73,"Very Good","G","SI1",60.8,56,2434,5.82,5.85,3.55
1.07,"Premium","G","I1",62.3,60,3547,6.55,6.51,4.07
1.07,"Premium","H","SI1",62.1,58,5055,6.56,6.49,4.05
0.35,"Very Good","H","VS2",59.6,62,552,4.57,4.62,2.74
0.42,"Very Good","H","SI1",62.1,59,700,4.78,4.81,2.98
1.01,"Very Good","E","VVS1",63.6,55,10993,6.35,6.39,4.05
0.35,"Premium","H","VS1",61.3,59,614,4.54,4.57,2.79
0.54,"Ideal","E","SI1",61.7,56,1571,5.27,5.24,3.24
0.5,"Very Good","H","SI1",63.1,59,1181,5.02,4.96,3.15
0.3,"Ideal","F","VS2",61.6,57,776,4.33,4.3,2.66
0.4,"Very Good","E","SI1",63.5,55,882,4.71,4.67,2.98
0.3,"Premium","G","VS1",61.4,60,605,4.3,4.33,2.65
1.51,"Premium","F","VS2",62,60,14165,7.23,7.35,4.52
0.34,"Premium","D","SI2",59.2,59,507,4.54,4.58,2.7
1.07,"Ideal","E","SI2",62.4,60,5280,6.49,6.52,4.06
0.33,"Premium","G","VVS2",62,59,965,4.46,4.41,2.75
0.51,"Very Good","D","SI1",60.4,61,1425,5.09,5.14,3.09
0.3,"Premium","I","VVS1",62.2,58,709,4.31,4.28,2.67
0.53,"Premium","G","SI1",61.3,58,1273,5.22,5.19,3.19
1.23,"Ideal","G","VS1",62.1,57,9230,6.87,6.79,4.24
1,"Fair","E","VS2",65,58,5376,6.21,6.16,4.02
2,"Fair","H","SI2",55.3,65,11202,8.42,8.35,4.64
0.31,"Ideal","H","SI1",61.1,56,464,4.35,4.39,2.67
0.31,"Very Good","G","SI2",63.2,55,523,4.33,4.31,2.73
0.31,"Ideal","E","VS2",62.4,54,680,4.31,4.35,2.7
1.02,"Ideal","H","I1",62.1,56,3915,6.4,6.45,3.99
2,"Very Good","F","SI1",63.6,58,16580,7.91,7.98,5.05
0.32,"Very Good","H","VS1",63,57,561,4.32,4.35,2.73
1.09,"Premium","I","SI1",61.7,59,4273,6.59,6.53,4.05
1.03,"Premium","H","VS1",59.2,58,4874,6.66,6.61,3.92
1.53,"Ideal","H","VVS2",61.9,57,12848,7.39,7.35,4.56
1,"Very Good","F","SI2",63.4,55,4033,6.3,6.38,4.02
1.5,"Very Good","I","VS1",62.7,59,9519,7.19,7.26,4.53
0.7,"Ideal","E","VS2",60.5,59,3201,5.72,5.75,3.47
0.54,"Ideal","F","VVS2",61.6,56,2231,5.23,5.26,3.23
0.71,"Premium","D","SI1",59.7,59,2913,5.8,5.82,3.47
0.43,"Ideal","G","VVS1",61.4,55,1207,4.86,4.91,3
1.51,"Good","D","SI1",64.1,62,9674,7.21,7.15,4.6
0.72,"Premium","H","SI1",59.9,58,2334,5.85,5.81,3.49
1.2,"Premium","H","VS2",60.7,60,6250,6.88,6.82,4.16
0.53,"Very Good","D","VVS2",60.5,57,2542,5.23,5.31,3.19
1.32,"Premium","G","SI2",59.2,61,4373,7.21,7.14,4.25
0.72,"Very Good","E","VVS1",61.2,58,3903,5.75,5.79,3.53
0.81,"Ideal","E","VS2",62,57,4314,5.96,5.98,3.7
1.27,"Very Good","I","I1",60.2,62,3665,7,7.05,4.23
0.31,"Good","G","VVS2",63.4,59,707,4.26,4.29,2.71
1.23,"Good","I","SI1",60.7,61,6165,6.91,6.93,4.2
1.02,"Ideal","G","SI1",60.6,57,5367,6.49,6.52,3.94
0.31,"Very Good","H","VVS1",63.1,57,907,4.31,4.25,2.7
1.05,"Very Good","E","VS1",59.8,59,7666,6.57,6.75,3.98
0.32,"Good","E","VS1",59.5,64,756,4.42,4.45,2.64
0.91,"Very Good","E","SI1",63.7,59,4188,6.13,6.17,3.92
0.96,"Very Good","I","SI2",62.7,58,3286,6.2,6.24,3.9
1.24,"Ideal","G","VVS2",61.9,56,7986,6.87,6.83,4.24
1.07,"Very Good","E","SI2",60.5,61,4609,6.55,6.61,3.98
0.51,"Ideal","D","VS2",60.8,57,1769,5.18,5.21,3.16
1.12,"Ideal","E","VVS2",60.6,57,10769,6.77,6.66,4.07
0.4,"Fair","G","SI1",59.9,67,960,4.81,4.77,2.87
1.75,"Very Good","G","VS2",62.8,59,16073,7.53,7.62,4.76
1.02,"Ideal","G","VS1",61.1,56,7077,6.51,6.54,3.99
0.31,"Premium","H","SI1",62.3,55,573,4.36,4.34,2.71
1.5,"Very Good","I","SI1",60.4,61,8590,7.35,7.39,4.45
0.52,"Very Good","G","SI2",63.3,58,1073,5.11,5.06,3.22
1.21,"Good","H","SI1",63.6,56,5893,6.63,6.68,4.23
0.32,"Ideal","G","VVS2",62.2,56,730,4.34,4.38,2.71
0.55,"Ideal","I","SI1",61.3,55,1134,5.3,5.33,3.26
0.34,"Ideal","G","VVS2",62.1,55,775,4.44,4.48,2.77
0.3,"Ideal","D","VS2",60.8,57,710,4.31,4.34,2.63
1.01,"Fair","F","VS2",66.1,61,4791,6.1,6.04,4.01
0.23,"Very Good","E","VVS1",60.8,56,499,3.94,3.99,2.41
0.5,"Ideal","E","VS2",62.6,54,1746,5.11,5.08,3.19
1.13,"Very Good","H","SI2",62.7,55,4661,6.61,6.69,4.17
2.04,"Premium","G","I1",62.4,58,9727,8.08,8.17,5.07
0.9,"Ideal","G","VS2",62.6,57,4269,6.14,6.2,3.86
1.02,"Ideal","D","SI2",62.5,57,4044,6.43,6.38,4
0.4,"Ideal","F","VVS2",61.1,57,972,4.73,4.8,2.91
1.04,"Premium","G","SI1",62.3,57,4467,6.5,6.46,4.04
1.21,"Ideal","J","SI1",60.4,54,5232,6.86,6.89,4.15
0.57,"Ideal","F","VVS2",62.1,56,2339,5.31,5.35,3.31
1.01,"Very Good","G","SI2",59.3,61,4435,6.56,6.52,3.88
0.7,"Ideal","E","SI2",61.9,57,2398,5.66,5.69,3.51
1.5,"Ideal","F","VS2",61.9,56.4,15444,7.31,7.33,4.53
0.52,"Very Good","G","VVS2",62,57,1794,5.15,5.19,3.2
1.01,"Very Good","H","SI1",63.1,60,4513,6.41,6.37,4.03
0.51,"Very Good","E","VS2",63.5,57,1638,5.09,5.05,3.22
0.3,"Premium","D","SI1",62.2,58,709,4.31,4.28,2.67
1,"Very Good","F","VVS2",60,62,8553,6.43,6.46,3.87
0.91,"Ideal","E","SI2",61.8,56,4160,6.19,6.27,3.85
0.3,"Ideal","G","VS1",61.8,55,776,4.33,4.31,2.67
0.32,"Very Good","H","SI2",63.1,56,517,4.37,4.34,2.75
0.33,"Premium","F","SI2",62.3,58,434,4.4,4.43,2.75
0.32,"Ideal","I","IF",62.2,57,673,4.35,4.37,2.71
1.5,"Very Good","H","SI2",63.3,57,6770,7.27,7.21,4.59
0.9,"Good","E","SI2",63.4,62,3139,6,6.02,3.81
1.73,"Premium","H","SI1",62.4,58,12079,7.64,7.61,4.76
0.87,"Ideal","E","SI1",61.5,57,5112,6.12,6.15,3.77
1.52,"Premium","E","SI2",62.9,59,9576,7.31,7.26,4.58
1.3,"Ideal","J","VS1",62.3,57,6334,7.06,6.97,4.37
1.08,"Very Good","I","VS1",62.5,57,4790,6.51,6.54,4.08
0.35,"Ideal","I","IF",61.8,53,808,4.55,4.57,2.81
0.33,"Ideal","E","VVS1",61.9,54,945,4.45,4.47,2.76
0.37,"Ideal","E","VS2",62.3,56,1041,4.59,4.56,2.85
0.39,"Very Good","G","IF",63.5,56,1271,4.67,4.65,2.96
0.53,"Ideal","G","SI1",61,55,1439,5.23,5.26,3.2
0.32,"Ideal","F","VS2",61.1,57,828,4.44,4.4,2.7
0.31,"Very Good","I","SI1",61.4,61,408,4.34,4.39,2.68
0.71,"Very Good","I","SI2",61.1,56,1938,5.75,5.79,3.53
1.21,"Premium","D","SI2",62.5,57,6505,6.79,6.71,4.22
0.3,"Premium","G","VS1",61.8,60,776,4.32,4.29,2.66
1.22,"Very Good","G","VS1",62.2,58,8633,6.75,6.81,4.22
1.5,"Good","H","SI2",57.3,62,5833,7.55,7.5,4.31
0.41,"Good","J","IF",63.6,54,827,4.72,4.75,3.01
2,"Fair","I","SI2",67.7,57,10483,7.88,7.64,5.26
0.25,"Very Good","D","VS1",62.6,58,388,4.05,4.07,2.54
0.7,"Fair","G","VS1",57.1,62,2553,5.89,5.94,3.38
0.9,"Good","G","VS2",62.1,59,4054,6.02,6.16,3.78
0.43,"Premium","D","SI2",60.7,58,716,4.85,4.91,2.96
1,"Premium","G","VVS1",62.1,59,8154,6.4,6.29,3.94
0.71,"Premium","F","SI1",61.6,60,2381,5.79,5.73,3.55
1.05,"Premium","H","SI2",61.4,58,4116,6.58,6.54,4.03
1.01,"Very Good","G","VS2",61.6,58,5919,6.4,6.45,3.96
0.57,"Good","F","VS2",62.8,62,1642,5.22,5.25,3.29
0.9,"Premium","F","SI1",61.2,59,4158,6.19,6.16,3.78
0.3,"Good","H","SI1",63.7,57,432,4.26,4.28,2.72
0.9,"Ideal","F","SI1",61.3,56,4724,6.21,6.23,3.81
1.34,"Good","H","VS2",59.1,60,8109,7.15,7.19,4.24
0.53,"Premium","F","VS2",62.1,58,1636,5.21,5.16,3.22
0.33,"Premium","I","VVS2",61,59,579,4.41,4.44,2.7
0.32,"Ideal","F","VS2",62.4,56,828,4.37,4.35,2.72
0.6,"Ideal","F","VVS2",62.3,56,2652,5.37,5.41,3.36
0.31,"Ideal","I","VVS1",62.8,55,732,4.36,4.33,2.73
0.7,"Ideal","G","VVS2",62.1,53,2895,5.71,5.75,3.56
1.2,"Good","G","VS2",64,59,6720,6.8,6.63,4.3
0.76,"Ideal","F","VS2",61,55,3257,5.89,5.92,3.6
0.54,"Premium","D","VVS2",59.1,60,2323,5.36,5.34,3.16
1.03,"Ideal","F","SI2",60.9,56,4891,6.56,6.51,3.98
0.34,"Very Good","I","SI1",60.4,56,459,4.54,4.56,2.75
0.4,"Very Good","E","SI1",63.2,56,882,4.69,4.65,2.95
0.7,"Very Good","D","SI1",59.4,63,2628,5.78,5.76,3.43
1.26,"Premium","I","SI1",60.9,58,5504,6.99,6.94,4.24
0.82,"Very Good","I","SI1",60.5,58,2602,6.01,6.08,3.66
0.41,"Ideal","H","VVS2",62,56,961,4.78,4.74,2.95
0.71,"Ideal","G","VS2",60.6,56,2911,5.76,5.8,3.5
1.01,"Good","G","SI2",63.7,58,3626,6.31,6.35,4.03
0.73,"Very Good","H","VS1",61.4,58,2557,5.75,5.85,3.56
1.08,"Premium","F","SI2",62.7,58,3992,6.53,6.49,4.08
0.54,"Ideal","G","VS1",61.7,57,1726,5.23,5.25,3.23
1.01,"Ideal","G","VVS1",61.7,57,7805,6.42,6.39,3.95
0.3,"Premium","E","SI1",62.5,60,675,4.27,4.24,2.66
0.51,"Premium","E","SI1",58.8,58,1443,5.28,5.23,3.09
1.03,"Ideal","F","VVS2",62,56,9413,6.48,6.45,4.01
0.4,"Ideal","J","SI1",61.4,55,612,4.75,4.8,2.93
0.3,"Ideal","G","VVS1",61.7,55,747,4.31,4.35,2.67
0.31,"Premium","H","VVS1",61.8,58,707,4.3,4.34,2.67
0.9,"Fair","D","SI1",64.5,61,3689,6.05,6.01,3.89
1.74,"Very Good","D","SI1",61.9,58,16286,7.74,7.79,4.81
1.16,"Ideal","D","VS2",62.1,57,8038,6.7,6.73,4.17
0.37,"Good","H","SI1",64,55,684,4.57,4.53,2.91
0.7,"Premium","E","SI1",60.7,58,2679,5.73,5.74,3.48
0.59,"Ideal","F","VS1",61.1,56,2140,5.43,5.47,3.33
0.4,"Very Good","G","SI2",63.1,59,765,4.7,4.65,2.95
1,"Premium","F","SI1",59.4,62,3881,6.55,6.52,3.88
0.93,"Premium","H","VS2",60.3,61,3937,6.39,6.25,3.81
0.33,"Premium","D","SI1",60.4,60,780,4.46,4.41,2.68
0.55,"Premium","G","VS2",62.3,56,1668,5.29,5.24,3.28
0.52,"Very Good","G","SI1",61.9,59,1232,5.08,5.13,3.16
0.5,"Very Good","E","SI2",63.1,58,1181,5.09,5.05,3.2
0.56,"Very Good","G","VS2",62.5,57,1580,5.25,5.28,3.29
0.48,"Premium","E","SI1",60.4,62,1152,5.07,5.03,3.05
0.43,"Premium","D","VS2",60,59,1234,4.93,4.91,2.95
0.7,"Fair","F","I1",66.5,62,992,5.54,5.49,3.67
1.69,"Ideal","I","VS2",61.7,56,11086,7.65,7.71,4.74
1.27,"Premium","H","VS2",60.7,58,7496,7.04,6.97,4.25
0.42,"Ideal","H","SI2",61.4,56,625,4.81,4.86,2.97
1.07,"Ideal","E","SI2",61.7,57,4374,6.59,6.56,4.06
0.7,"Ideal","G","VS2",61.6,56,2757,5.7,5.67,3.5
0.54,"Ideal","F","VS2",61,56,1615,5.27,5.32,3.23
2.01,"Ideal","J","SI1",62.7,56,12209,8.08,8.03,5.05
0.42,"Premium","H","SI1",60.9,58,898,4.85,4.84,2.95
0.38,"Ideal","E","SI2",61.2,57,812,4.71,4.67,2.87
0.32,"Premium","G","VS2",61.5,59,561,4.4,4.42,2.71
0.59,"Ideal","I","VS1",61.8,55,1401,5.41,5.43,3.35
1,"Very Good","F","VS2",62.2,57,6183,6.4,6.43,3.99
0.31,"Premium","J","VS1",60.7,60,408,4.34,4.39,2.65
0.62,"Ideal","E","SI1",61.7,54,2054,5.53,5.49,3.4
0.29,"Very Good","E","VVS2",58.5,58,664,4.35,4.37,2.55
1.02,"Premium","H","SI1",61.1,58,5084,6.51,6.46,3.96
1.01,"Very Good","H","VS2",63.3,58,4692,6.33,6.27,3.99
0.31,"Ideal","G","VVS1",61,57,789,4.38,4.4,2.68
2.35,"Premium","J","VS1",60.7,60,14399,8.64,8.6,5.23
0.5,"Fair","G","SI1",67.1,59,1103,4.96,4.84,3.29
0.53,"Ideal","I","VVS2",61.2,56,1341,5.21,5.28,3.21
0.53,"Ideal","D","SI2",60.4,57,1314,5.26,5.3,3.19
0.41,"Ideal","E","VVS1",61.3,56,1367,4.79,4.81,2.94
1.34,"Very Good","H","SI1",61.6,59,7655,7.04,7.09,4.35
0.35,"Premium","H","VVS2",61.9,58,706,4.5,4.54,2.8
0.79,"Very Good","D","SI1",59.7,57,3432,5.96,5.99,3.57
0.31,"Ideal","E","VVS2",61.6,55,816,4.35,4.38,2.69
0.54,"Ideal","G","VS1",61.3,57,1754,5.25,5.28,3.23
1.02,"Ideal","H","VS2",61.8,55,6065,6.48,6.51,4.01
1.76,"Very Good","H","VS2",62.2,60,13503,7.68,7.72,4.79
0.3,"Good","G","VS1",63.1,56,605,4.24,4.26,2.68
1.45,"Premium","D","SI1",62.2,58,10800,7.12,7.03,4.4
0.3,"Premium","E","VS2",61.8,58,844,4.28,4.26,2.64
1.24,"Very Good","G","VS1",60.2,58,9738,6.96,7,4.2
1.51,"Very Good","J","I1",63.3,57,4600,7.31,7.23,4.6
0.5,"Ideal","F","VS1",62.5,57,1710,5.06,5.09,3.17
0.31,"Premium","D","SI1",61.2,60,571,4.35,4.41,2.68
0.5,"Very Good","J","VS1",61.4,57.8,1034,5.09,5.14,3.15
0.25,"Very Good","G","VS2",63,54,407,4.04,4.06,2.55
1.74,"Premium","G","VS1",62.4,58,17904,7.71,7.61,4.78
0.4,"Premium","D","VS1",59.2,59,1123,4.79,4.81,2.84
2.03,"Premium","F","SI2",60.9,59,12021,8.15,8.11,4.95
1.01,"Premium","I","SI1",58.6,62,4072,6.51,6.45,3.8
0.9,"Good","E","SI2",63.4,60,3401,6.02,6.07,3.83
1.19,"Ideal","G","VS1",62.4,54,9918,6.78,6.81,4.24
1.05,"Ideal","F","VVS1",61.4,57,12273,6.51,6.53,4
0.8,"Ideal","I","VS1",61.9,54.1,2986,5.92,5.98,3.69
1.51,"Ideal","F","VS1",62.1,56,16520,7.38,7.34,4.57
1.8,"Ideal","H","VS1",62.3,56,15105,7.79,7.76,4.84
0.7,"Good","E","VS1",58.4,60,3419,5.84,5.87,3.42
0.35,"Ideal","I","SI2",61.6,55,580,4.62,4.53,2.82
1.1,"Premium","G","VS2",61.2,62,6653,6.64,6.6,4.05
1.1,"Premium","G","VS1",62.2,59,5958,6.61,6.57,4.1
0.3,"Ideal","H","VS2",62.3,56,491,4.27,4.3,2.67
2.26,"Premium","H","SI2",61.9,58,11226,8.37,8.33,5.17
0.71,"Ideal","H","IF",62.2,57,3234,5.7,5.74,3.56
0.53,"Premium","F","VVS2",61.4,57,2290,5.22,5.2,3.2
0.32,"Ideal","F","VS2",61.7,55,828,4.41,4.4,2.72
0.76,"Premium","E","VVS2",60.6,59,3767,5.94,5.85,3.57
2,"Ideal","F","SI2",62.6,57,18172,8.08,8.01,5.04
1.5,"Very Good","F","SI2",58.5,55,9236,7.51,7.56,4.41
0.56,"Ideal","G","VS2",62.2,57,1585,5.29,5.25,3.28
0.31,"Premium","D","SI1",62,58,732,4.35,4.3,2.68
0.9,"Very Good","E","VS2",62.2,56,4707,6.12,6.17,3.82
0.54,"Premium","G","SI2",61.4,59,1090,5.21,5.24,3.21
0.38,"Ideal","F","IF",61,56,1193,4.68,4.7,2.86
2.42,"Premium","I","VS1",59.8,59,17262,8.8,8.78,5.26
0.56,"Ideal","E","VS2",61.5,57,1792,5.29,5.32,3.26
1.51,"Premium","H","SI1",61.3,60,9833,7.29,7.33,4.48
0.32,"Ideal","E","VVS2",61.5,57,842,4.4,4.41,2.71
0.31,"Premium","F","VS2",62.4,58,625,4.31,4.34,2.7
1.06,"Ideal","D","VVS2",62,56,12053,6.53,6.57,4.06
0.54,"Ideal","F","VS2",61.3,57,2333,5.29,5.24,3.23
0.53,"Ideal","H","VVS1",61.3,56,1781,5.21,5.23,3.2
0.33,"Ideal","F","VS2",61.2,54,854,4.49,4.47,2.74
0.3,"Ideal","I","VVS2",62.1,56,515,4.29,4.31,2.67
0.53,"Ideal","F","VVS2",61.4,56,2275,5.19,5.23,3.2
0.37,"Good","F","SI1",63.7,55,575,4.55,4.59,2.91
0.5,"Very Good","E","VVS2",62.6,59,2105,5.02,5.05,3.15
0.34,"Ideal","E","VS2",62,56,646,4.46,4.48,2.77
0.32,"Ideal","F","VS2",62.5,56,828,4.38,4.36,2.73
0.36,"Ideal","D","VS2",61,56,1094,4.63,4.59,2.81
0.61,"Ideal","F","VS2",61.5,54,2306,5.48,5.51,3.38
0.32,"Ideal","D","SI1",59.3,55,756,4.53,4.51,2.68
0.65,"Ideal","F","SI1",61.4,58,1841,5.56,5.5,3.39
0.54,"Very Good","D","SI1",63.2,55,1667,5.21,5.17,3.28
0.31,"Very Good","E","VS2",61.6,59,680,4.32,4.35,2.67
1.08,"Ideal","G","SI2",61.3,57,5057,6.55,6.64,4.04
1.51,"Premium","G","VS2",61.3,58,16091,7.39,7.33,4.51
0.33,"Ideal","G","IF",61.6,53,984,4.43,4.47,2.74
1.2,"Premium","J","SI2",58.7,59,4685,6.99,6.94,4.09
0.33,"Good","F","VVS1",60.2,64,724,4.47,4.5,2.7
1.2,"Very Good","J","VS2",59.9,60,5140,6.98,6.95,4.17
0.5,"Very Good","H","VS2",62.9,58,1337,5.08,5.1,3.2
0.41,"Ideal","H","VVS1",61.4,56,1115,4.8,4.77,2.94
1.51,"Good","H","SI1",61.5,61,10277,7.29,7.34,4.5
0.41,"Premium","E","SI1",61,59,755,4.78,4.82,2.93
1.19,"Ideal","D","SI2",60.4,55,5406,6.89,6.91,4.17
0.93,"Premium","D","SI1",60.8,60,3812,6.3,6.24,3.81
0.71,"Very Good","D","VS2",62.4,59,3217,5.68,5.73,3.56
0.95,"Fair","D","SI2",64.4,60,3384,6.06,6.02,3.89
0.7,"Ideal","H","SI1",61.4,57,2383,5.73,5.7,3.51
0.5,"Premium","G","VS1",61,59,1746,5.14,5.09,3.12
0.26,"Very Good","E","VVS2",60.9,58,584,4.13,4.15,2.52
0.53,"Ideal","F","VVS1",61.4,57,2834,5.2,5.23,3.2
1.07,"Ideal","G","SI1",61.9,55,5444,6.62,6.57,4.08
0.33,"Ideal","F","SI2",62.3,55,450,4.44,4.49,2.78
0.7,"Very Good","G","SI2",61.7,60,2141,5.67,5.7,3.51
0.47,"Premium","G","SI1",58.8,58,1086,5.11,5.06,2.99
1.52,"Premium","H","SI2",62.6,60,6086,7.34,7.3,4.58
0.41,"Ideal","G","IF",61.6,55,1259,4.78,4.83,2.96
1.02,"Good","G","VS1",64.3,57,5951,6.28,6.34,4.06
1.01,"Very Good","E","VVS1",62.3,56,10704,6.41,6.47,4.01
1,"Premium","H","VS2",59.7,59,5139,6.57,6.52,3.91
0.9,"Very Good","D","SI2",61,61,3371,6.15,6.17,3.76
0.9,"Ideal","G","VS1",62.1,56,5540,6.15,6.19,3.83
0.3,"Ideal","D","VS2",62.4,56,911,4.32,4.27,2.68
1.52,"Ideal","F","SI2",61.9,57,9948,7.33,7.37,4.55
0.75,"Ideal","D","SI1",62,58,3152,5.81,5.84,3.61
0.72,"Very Good","E","SI2",61,59,3084,5.73,5.78,3.51
1.26,"Premium","G","SI2",59.1,59,5899,7.09,7.05,4.18
0.32,"Ideal","I","VS2",61.3,56,576,4.43,4.38,2.7
0.51,"Ideal","F","VS1",60.4,56,1680,5.18,5.21,3.14
0.25,"Very Good","F","VVS1",62.9,55,633,4.04,4.06,2.55
0.58,"Premium","G","VS1",59.9,58,2071,5.49,5.37,3.25
0.32,"Good","H","SI2",63.2,55,393,4.34,4.36,2.75
0.7,"Very Good","D","VS2",62.5,55,3052,5.65,5.71,3.55
0.65,"Ideal","J","SI1",62.1,54,1214,5.56,5.59,3.46
0.48,"Very Good","E","VVS1",60.6,56,2275,5.13,5.06,3.09
0.4,"Premium","G","VVS2",61.1,58,982,4.74,4.76,2.9
0.34,"Ideal","E","VS1",62.2,55,1033,4.52,4.49,2.8
0.9,"Good","D","SI1",63.6,63,3755,6.03,6.07,3.85
0.52,"Premium","G","VS1",62.4,60,1815,5.12,5.11,3.19
1.04,"Ideal","G","VS2",61.4,57,6177,6.5,6.53,4
1.52,"Ideal","E","SI2",60.1,57,9405,7.49,7.53,4.51
0.41,"Premium","E","SI1",61.8,60,904,4.78,4.74,2.94
0.35,"Premium","H","VVS2",62.7,58,906,4.5,4.46,2.81
0.3,"Ideal","G","SI1",62.3,56,477,4.27,4.3,2.67
0.72,"Ideal","F","SI1",61.7,54,2737,5.77,5.8,3.57
0.53,"Ideal","G","VS2",61.6,56,1607,5.24,5.19,3.21
0.57,"Premium","D","VS2",61.7,60,1944,5.28,5.32,3.27
0.91,"Very Good","H","VS1",62.1,59,4370,6.17,6.2,3.84
0.5,"Good","D","SI2",63.7,60,925,5.09,5.02,3.22
1.3,"Very Good","H","VS1",61.9,56,7747,6.97,7.05,4.34
0.9,"Good","H","SI2",63.5,58,2889,6.09,6.14,3.88
3.01,"Good","H","SI2",57.6,64,18593,9.44,9.38,5.42
0.54,"Ideal","E","SI1",60.3,57,1777,5.28,5.3,3.19
0.9,"Ideal","G","SI1",61.6,57,3931,6.24,6.17,3.82
0.41,"Premium","F","SI2",60.9,58,784,4.82,4.8,2.93
1.11,"Ideal","I","VS1",63,56,5152,6.61,6.57,4.15
0.78,"Very Good","H","SI2",62.9,55,2125,5.83,5.87,3.68
0.39,"Ideal","F","VS1",61.6,57,902,4.7,4.72,2.9
0.9,"Fair","J","VS1",65.4,60,2964,6.02,5.93,3.91
2.1,"Premium","J","VVS1",61.3,58,17606,8.29,8.24,5.07
0.32,"Very Good","F","SI2",63.5,56,540,4.37,4.35,2.77
0.9,"Ideal","D","SI1",62.7,56,4612,6.18,6.16,3.87
0.4,"Ideal","F","VVS2",61.5,59,1015,4.75,4.81,2.94
0.3,"Ideal","E","VS1",61.1,58,673,4.3,4.34,2.64
1.24,"Ideal","F","VS2",62.2,56,8298,6.94,6.88,4.3
2.21,"Ideal","G","SI2",60.1,60,15948,8.47,8.53,5.11
1.05,"Premium","D","SI1",60.5,60,5659,6.53,6.62,3.98
0.79,"Premium","H","SI2",62.8,57,2370,5.91,5.88,3.7
0.33,"Ideal","G","SI1",61.4,57,631,4.48,4.45,2.74
0.9,"Good","D","SI2",60.3,64,3534,6.1,6.14,3.69
1.02,"Ideal","H","SI2",61.6,55,2856,6.49,6.43,3.98
1.09,"Premium","E","SI1",62.5,57,5640,6.61,6.55,4.11
0.3,"Premium","G","VS1",61.4,58,776,4.35,4.32,2.66
1.16,"Premium","F","SI2",61.9,59,4476,6.71,6.66,4.14
2.01,"Very Good","H","SI1",63.1,56,11825,8.05,8,5.06
0.9,"Ideal","H","VS1",61.8,56,4194,6.18,6.24,3.84
1.77,"Ideal","D","SI2",60.9,53,10051,7.92,7.85,4.8
0.32,"Ideal","I","SI1",60.7,57,554,4.47,4.42,2.7
0.33,"Ideal","F","VVS2",61.8,54,761,4.47,4.5,2.77
0.9,"Very Good","F","VS1",62.4,59,4961,6.1,6.15,3.82
0.72,"Good","E","SI1",63.7,58,2361,5.71,5.66,3.62
0.72,"Ideal","G","VS1",61.8,56,3478,5.74,5.76,3.55
1.02,"Very Good","F","VVS2",59.4,59,8627,6.58,6.69,3.94
0.3,"Ideal","E","VS2",62.6,56,658,4.29,4.34,2.7
0.51,"Ideal","G","VS1",62.5,57,1577,5.08,5.1,3.18
1.02,"Ideal","H","SI2",60.7,57,4398,6.54,6.51,3.96
2.01,"Very Good","E","SI1",62.7,57,17676,8.03,8.11,5.06
0.6,"Premium","E","SI1",59.6,59,2016,5.52,5.48,3.28
0.73,"Premium","E","VS1",60.9,61,3311,5.81,5.79,3.53
0.64,"Very Good","I","SI1",63,57,1390,5.47,5.52,3.46
0.9,"Very Good","D","VS1",63,58,5757,6.11,6.15,3.86
0.3,"Very Good","H","VVS1",63.1,54,819,4.34,4.28,2.72
0.3,"Ideal","G","IF",61.6,53,863,4.32,4.35,2.67
0.4,"Premium","F","VS2",61,58,1080,4.79,4.72,2.9
1.23,"Premium","G","VS1",59.6,60,8293,6.99,6.94,4.15
0.54,"Ideal","F","VS2",60.1,56,1662,5.28,5.31,3.18
0.33,"Very Good","D","VS1",61.6,53,742,4.45,4.48,2.75
1.5,"Premium","H","SI1",59.2,62,9576,7.55,7.49,4.45
0.39,"Very Good","F","VS1",62,56,971,4.72,4.64,2.9
0.51,"Good","H","VS2",64.1,54,1195,5.02,5,3.21
0.37,"Very Good","G","VVS2",59.1,60,844,4.69,4.71,2.78
0.41,"Ideal","H","VVS1",61.5,55,945,4.79,4.81,2.95
0.52,"Ideal","D","VS2",62.1,57,1689,5.13,5.17,3.2
0.33,"Ideal","F","SI2",61.4,55,416,4.46,4.5,2.75
1.01,"Ideal","D","VVS1",62.5,55,11661,6.39,6.44,4.01
1.47,"Fair","H","I1",66.7,59,4898,6.98,6.94,4.64
1,"Premium","D","VS1",62.1,55,7812,6.41,6.34,3.96
0.7,"Very Good","F","VS2",63.3,56,2593,5.62,5.66,3.57
0.74,"Ideal","F","VVS1",60.8,60,4127,5.82,5.86,3.55
0.37,"Ideal","E","VS1",61.2,56,1124,4.67,4.64,2.85
1.1,"Ideal","G","VS1",61.3,57,7688,6.66,6.59,4.06
1.01,"Very Good","H","VS1",63,55,5055,6.35,6.41,4.02
1,"Ideal","F","VVS2",61.5,55,7849,6.46,6.41,3.96
0.3,"Ideal","E","VVS2",61.2,61,731,4.3,4.33,2.64
1.51,"Ideal","G","VS2",59.8,57,13214,7.48,7.53,4.48
1.06,"Ideal","G","VS2",61.6,56,6728,6.53,6.59,4.04
0.72,"Premium","D","VS2",61.1,60,2721,5.74,5.69,3.49
1.08,"Premium","I","SI2",62.7,57,3805,6.57,6.53,4.11
2.08,"Very Good","E","SI2",62.4,60,18128,8.13,8.15,5.08
1.13,"Ideal","F","SI2",60.4,56,4449,6.78,6.72,4.08
0.43,"Ideal","I","IF",62,55,1056,4.83,4.85,3
0.31,"Ideal","E","VVS2",61.6,55,791,4.37,4.4,2.7
0.58,"Premium","H","SI1",58.4,59,1332,5.51,5.48,3.21
0.77,"Ideal","D","SI2",60.6,56,2922,5.95,5.9,3.59
0.42,"Good","H","SI1",63.1,57,700,4.76,4.78,3.01
0.5,"Ideal","I","VVS2",61.2,56,1367,5.13,5.16,3.15
0.31,"Premium","H","IF",60.8,59,739,4.36,4.39,2.66
0.72,"Ideal","G","SI2",62.1,55.3,2089,5.72,5.74,3.56
1.5,"Good","J","VS2",63.6,58,7177,7.2,7.23,4.59
0.41,"Good","G","I1",63.8,56,600,4.74,4.7,3.01
0.92,"Very Good","G","SI1",62.5,60,3986,6.19,6.26,3.89
1.11,"Ideal","F","SI1",61.1,57,6512,6.67,6.69,4.08
1.25,"Very Good","G","VS1",60.7,56,9116,6.93,7.01,4.23
0.3,"Ideal","I","VS1",62,57,457,4.26,4.29,2.65
0.3,"Premium","D","VS2",62.3,58,911,4.32,4.29,2.68
1.51,"Ideal","D","VS1",63,53.4,16688,7.28,7.3,4.6
0.76,"Premium","E","VS2",63,59,3107,5.79,5.76,3.64
1.24,"Ideal","I","SI1",62.4,57,5976,6.89,6.87,4.29
0.3,"Good","E","SI1",63.4,56,526,4.23,4.25,2.69
0.9,"Premium","F","VS2",62.3,58,4838,6.16,6.14,3.83
1.1,"Ideal","F","VS1",61.5,56,9669,6.63,6.66,4.09
0.72,"Very Good","I","SI1",59.8,58,2026,5.84,5.87,3.5
0.9,"Very Good","F","SI1",63.8,54,3699,6.09,6.13,3.9
0.76,"Ideal","F","VS1",61.6,56,3446,5.87,5.91,3.63
1,"Very Good","D","VS2",61.2,61,6190,6.35,6.39,3.9
1.5,"Very Good","H","VVS1",63.8,57,11654,7.17,7.21,4.59
1.15,"Ideal","G","SI2",62.4,56,4877,6.7,6.74,4.19
0.32,"Ideal","H","VVS2",61.7,56,828,4.42,4.37,2.71
0.32,"Ideal","H","VS1",61.5,57,561,4.4,4.42,2.71
1.12,"Very Good","E","VS1",60.8,58,8788,6.69,6.73,4.08
0.84,"Very Good","D","SI2",63.6,57,3145,5.95,6,3.8
0.9,"Very Good","H","SI2",59.2,61,3160,6.23,6.27,3.7
0.31,"Ideal","G","VVS1",61.4,56,772,4.34,4.37,2.68
0.71,"Very Good","J","SI1",60.7,58,1643,5.78,5.81,3.52
1.2,"Ideal","I","VS1",62.1,56.5,6210,6.8,6.84,4.23
0.39,"Fair","E","VS2",65.4,57,1049,4.61,4.54,2.99
0.3,"Ideal","H","VVS1",62.4,53,878,4.31,4.28,2.68
0.4,"Premium","E","SI1",61.3,61,945,4.76,4.73,2.91
1.5,"Premium","E","SI2",61.5,59,8064,7.3,7.23,4.47
0.35,"Ideal","G","VS2",61.3,56,646,4.54,4.58,2.8
0.61,"Very Good","H","VVS2",62.8,58,1877,5.4,5.42,3.4
1.53,"Premium","G","SI2",58.5,59,6788,7.52,7.49,4.39
0.3,"Good","D","VS1",64.3,56,610,4.22,4.27,2.73
2.31,"Premium","J","SI1",61.1,60,15323,8.58,8.51,5.22
0.41,"Premium","E","SI2",62.8,58,818,4.73,4.69,2.96
1,"Premium","G","I1",62.5,62,2984,6.42,6.35,3.99
0.31,"Ideal","G","VS2",61.4,56,574,4.34,4.37,2.67
1.75,"Very Good","I","SI1",62.8,59,10635,7.62,7.66,4.8
0.41,"Premium","G","VVS1",59.7,60,1148,4.85,4.83,2.89
0.33,"Very Good","D","VS2",60.8,60,615,4.52,4.46,2.73
0.34,"Ideal","E","VS1",61.2,57,1033,4.51,4.45,2.74
1.67,"Very Good","J","SI1",62.3,59,7911,7.59,7.63,4.74
0.41,"Ideal","E","VVS2",61.5,55,1187,4.79,4.83,2.96
0.3,"Good","H","VVS1",63.1,54,638,4.28,4.34,2.72
0.7,"Premium","H","VVS1",59.2,60,2840,5.87,5.78,3.45
0.41,"Ideal","D","VVS1",62.3,57,1582,4.77,4.73,2.96
0.41,"Very Good","D","SI1",63.3,55,947,4.77,4.74,3.01
0.43,"Ideal","F","SI1",62.5,56,975,4.84,4.82,3.02
1.7,"Very Good","E","SI2",63.3,57,12030,7.59,7.51,4.78
1.86,"Very Good","H","SI2",62.3,57,11416,7.82,7.85,4.88
0.37,"Ideal","F","VS2",61.4,56,746,4.59,4.63,2.83
0.4,"Ideal","E","SI2",61.3,56,629,4.75,4.78,2.92
0.73,"Premium","F","SI1",61.9,60,2504,5.78,5.81,3.59
0.3,"Premium","D","SI2",62.4,59,574,4.28,4.25,2.66
0.23,"Very Good","E","VS2",62.5,59,373,3.91,3.96,2.46
0.66,"Ideal","H","VS1",61,57,2131,5.61,5.66,3.43
1.2,"Ideal","J","SI2",62.5,57,4516,6.8,6.74,4.23
0.37,"Very Good","E","VS1",63.7,56,738,4.54,4.6,2.91
0.72,"Ideal","F","SI1",62.5,57,2440,5.65,5.74,3.56
0.4,"Ideal","H","VS1",61.8,56,807,4.74,4.78,2.94
0.54,"Ideal","D","VVS2",61.2,55,2302,5.25,5.31,3.23
0.74,"Ideal","J","SI1",61.7,56,1963,5.81,5.85,3.6
0.74,"Premium","D","VS2",62.4,57,2855,5.8,5.74,3.6
1.57,"Ideal","J","VVS2",61.4,57,9516,7.5,7.45,4.59
0.51,"Premium","E","VS2",61.6,58,1567,5.18,5.15,3.18
0.84,"Premium","H","SI2",61.3,58,2628,6.1,6.04,3.72
0.52,"Ideal","H","VS1",62,55,1699,5.15,5.19,3.2
1.61,"Premium","F","VS2",61.6,61,14833,7.54,7.47,4.62
0.55,"Ideal","G","VS2",62.4,56,1556,5.25,5.23,3.27
1.7,"Good","E","VS2",64.1,60,15385,7.43,7.52,4.79
0.71,"Very Good","F","SI2",59.2,60,2134,5.85,5.91,3.48
0.55,"Premium","I","VVS1",61.3,59,1712,5.3,5.27,3.24
0.55,"Premium","F","VS2",59.7,58,1698,5.37,5.31,3.19
0.87,"Very Good","F","SI2",61,63,2851,6.22,6.07,3.75
1.58,"Very Good","H","VS1",60.3,62,12483,7.53,7.57,4.55
1.03,"Ideal","E","VS1",59.5,57,7477,6.6,6.62,3.93
1.59,"Ideal","I","VS2",61.7,57,10752,7.47,7.52,4.62
0.7,"Ideal","E","VVS1",61.9,56,5338,5.66,5.69,3.51
1.03,"Premium","F","SI1",60.9,60,4579,6.52,6.45,3.95
1.03,"Ideal","G","VVS1",61.5,57,9691,6.47,6.52,3.99
2.01,"Good","I","VS2",59.9,65,15729,8.19,8.14,4.89
1.01,"Very Good","D","SI2",61.9,58,4727,6.43,6.49,4
0.81,"Very Good","G","VVS2",63.5,55,3981,5.9,5.94,3.76
1.04,"Premium","I","VS1",61.6,56,4892,6.59,6.52,4.04
0.34,"Very Good","H","SI2",58.6,62,417,4.6,4.62,2.7
0.41,"Premium","J","VVS1",60.1,58,994,4.83,4.79,2.89
0.91,"Very Good","H","VS2",59.9,62,4201,6.26,6.33,3.77
0.34,"Ideal","G","SI1",62.7,57,607,4.51,4.48,2.82
1.23,"Premium","I","SI2",62.4,58,5269,6.86,6.82,4.27
0.63,"Very Good","F","VS2",63,56.2,2032,5.38,5.48,3.42
0.4,"Ideal","H","IF",62.7,57,1238,4.7,4.68,2.94
1.51,"Good","D","SI2",61.5,61,8742,7.37,7.42,4.55
0.41,"Premium","G","SI1",61.7,59,719,4.71,4.73,2.91
1.16,"Fair","H","SI2",68.2,55,3118,6.47,6.37,4.38
1.27,"Ideal","J","VS1",62,57,5008,6.96,6.92,4.3
0.32,"Ideal","I","VVS2",61.7,56,540,4.4,4.42,2.72
0.58,"Very Good","J","SI1",62.1,57,1095,5.35,5.41,3.34
0.34,"Very Good","I","SI1",61.3,61,447,4.45,4.49,2.74
1,"Very Good","D","SI2",61.5,63,4295,6.32,6.27,3.87
0.72,"Premium","E","VS2",62.5,59,3078,5.7,5.73,3.57
1.51,"Premium","G","VS1",60.1,58,14375,7.45,7.48,4.49
0.53,"Premium","G","VS1",60.1,58,1813,5.32,5.27,3.18
0.26,"Ideal","G","SI1",61.8,55,377,4.08,4.11,2.53
0.38,"Very Good","D","VVS2",63.8,57,1030,4.57,4.61,2.93
0.36,"Very Good","G","VVS2",59.5,56,858,4.68,4.73,2.8
1.7,"Premium","E","VS2",62.9,58,17323,7.57,7.54,4.75
0.97,"Fair","F","I1",68.5,54,1787,6.26,6.05,4.22
0.7,"Good","E","VS1",58.7,60,3148,5.79,5.83,3.41
1.2,"Ideal","E","VVS2",62.2,57,11839,6.81,6.77,4.22
1.14,"Very Good","E","SI2",60,54,5593,6.74,6.97,4.11
0.91,"Premium","F","SI1",62.1,56,4204,6.24,6.2,3.86
0.52,"Good","F","VS2",63.6,56,1605,5.12,5.07,3.24
0.7,"Good","E","VS1",63.6,58,2964,5.61,5.56,3.55
0.3,"Ideal","F","VS2",60.9,56,605,4.32,4.35,2.64
0.7,"Ideal","F","VS2",61.8,57,3011,5.67,5.75,3.53
1,"Fair","E","VS2",66.4,51,4480,6.31,6.22,4.16
1,"Ideal","E","SI1",62.8,54.2,5728,6.32,6.4,4.01
0.36,"Ideal","E","SI1",62.1,56,810,4.59,4.56,2.84
1.5,"Premium","I","VVS2",59.7,60,10744,7.62,7.46,4.5
1.21,"Ideal","J","VS1",61.8,56.2,5604,6.78,6.86,4.2
1.7,"Ideal","H","SI2",61.2,56,9444,7.71,7.64,4.7
0.43,"Ideal","G","SI1",61.7,55,818,4.89,4.87,3.01
0.52,"Ideal","E","VVS1",61.8,55,3125,5.2,5.19,3.21
0.28,"Very Good","F","VS1",62.1,59,487,4.16,4.21,2.6
0.31,"Ideal","D","SI1",62.1,56,571,4.33,4.37,2.7
0.42,"Ideal","G","VS1",61,56,1055,4.86,4.82,2.95
0.26,"Very Good","F","VS1",61.7,58,453,4.1,4.14,2.54
1.01,"Fair","E","SI2",67.4,60,2797,6.19,6.05,4.13
0.43,"Premium","F","VVS1",60.3,58,1422,4.91,4.88,2.95
0.41,"Ideal","F","SI1",62.7,57,755,4.7,4.74,2.96
0.45,"Ideal","H","VS1",62,54,888,4.92,4.95,3.06
0.42,"Ideal","D","VVS2",61.4,56,1326,4.82,4.85,2.97
1.19,"Premium","H","SI1",61.2,60,5622,6.85,6.8,4.18
1.24,"Premium","D","SI1",59.3,60,6319,7.05,7.01,4.16
0.9,"Very Good","G","VS1",62.3,60,4540,6,6.08,3.76
0.72,"Ideal","F","VS1",61.7,57,2829,5.77,5.74,3.55
1.41,"Ideal","F","VVS1",61.1,57,16545,7.2,7.28,4.42
0.33,"Ideal","D","VS2",60.7,57,1002,4.5,4.46,2.72
1.51,"Premium","G","VS1",59.5,59,14156,7.45,7.41,4.42
0.2,"Ideal","E","VS2",62.2,57,367,3.76,3.73,2.33
0.8,"Ideal","G","SI2",62.2,57,2657,5.93,5.96,3.7
1.2,"Ideal","F","VVS1",61.1,55,13088,6.86,6.89,4.2
0.9,"Premium","I","VS2",62.4,58,3539,6.16,6.22,3.86
0.52,"Ideal","I","VVS2",62.2,57,1376,5.18,5.11,3.2
0.43,"Ideal","F","VVS2",61.4,56,1093,4.87,4.9,3
0.91,"Ideal","F","SI2",61.1,55,3246,6.24,6.19,3.8
0.3,"Ideal","H","VVS2",62.5,54,567,4.3,4.3,2.7
2.04,"Good","D","SI1",61.9,60,18468,8.15,8.11,5.03
0.33,"Ideal","D","VS1",61,56,839,4.45,4.47,2.72
2.01,"Good","G","SI1",63.1,59,18572,7.98,8.03,5.05
1.01,"Premium","H","SI2",62.8,61,3959,6.33,6.25,3.95
1.27,"Ideal","J","SI2",62.6,57,4693,6.85,6.88,4.3
0.3,"Ideal","E","VVS2",62.1,54,742,4.32,4.35,2.69
1.47,"Premium","I","SI2",61.6,59,6403,7.29,7.32,4.5
0.71,"Ideal","G","SI1",61.6,56,2649,5.73,5.76,3.54
1.54,"Ideal","E","VS2",62,56,14529,7.46,7.43,4.61
1.07,"Very Good","H","SI1",62.3,57,5752,6.53,6.64,4.1
0.81,"Premium","H","SI2",61.6,62,2313,6,5.92,3.67
0.42,"Very Good","D","SI2",60.8,59,700,4.77,4.83,2.92
0.7,"Premium","E","SI1",62.7,59,2777,5.67,5.63,3.54
1.03,"Good","G","SI1",63.2,58,4679,6.38,6.43,4.05
2.05,"Fair","I","VS1",67.7,58,17408,7.74,7.68,5.22
0.78,"Fair","E","SI2",66.9,57,2721,5.7,5.66,3.6
1.06,"Ideal","J","VS2",61.4,56,5459,6.55,6.6,4.04
1.23,"Ideal","F","SI2",62.1,57,4819,6.83,6.8,4.23
1.63,"Premium","G","SI1",61,59,11721,7.64,7.58,4.64
0.33,"Ideal","E","VS2",61.9,56,723,4.43,4.46,2.75
1.01,"Premium","H","VS2",61.6,59,5166,6.39,6.41,3.94
0.4,"Good","D","SI2",63.9,53,622,4.68,4.71,3
0.58,"Ideal","G","VS1",60.6,56,1899,5.43,5.48,3.3
0.31,"Ideal","F","IF",61,56,1168,4.38,4.41,2.68
0.59,"Ideal","I","VVS1",61,55,1742,5.43,5.48,3.33
0.56,"Ideal","F","VS2",61.6,55,1814,5.32,5.29,3.27
1.02,"Fair","I","SI2",65.5,57,3802,6.19,6.24,4.07
1.51,"Very Good","G","VS1",63.5,55,13624,7.26,7.3,4.62
0.95,"Good","G","VVS2",57.7,59.7,5817,6.5,6.58,3.77
1.3,"Ideal","F","VVS2",62.1,55,12745,7.04,6.96,4.35
0.72,"Very Good","D","VS2",62.1,59,3016,5.7,5.73,3.55
0.42,"Premium","G","VS1",62.5,59,921,4.72,4.79,2.97
0.76,"Ideal","G","VS1",59.4,57,2972,5.99,6.03,3.57
0.38,"Premium","D","VVS2",60.8,55,1009,4.71,4.67,2.85
1.59,"Premium","J","SI1",62.5,60,7836,7.46,7.42,4.65
1,"Good","D","SI2",63.5,59,4218,6.32,6.35,4.02
0.81,"Good","D","SI1",64.1,54,3324,5.92,5.96,3.81
0.55,"Premium","H","VS2",60.2,59,1387,5.36,5.24,3.19
1.62,"Very Good","H","SI1",62.2,58,11351,7.46,7.5,4.65
0.52,"Ideal","F","VVS2",61.8,56,2216,5.2,5.17,3.2
0.53,"Ideal","D","VS2",61,56,1783,5.29,5.26,3.22
1.16,"Ideal","G","IF",62,57,10082,6.73,6.7,4.16
1.12,"Premium","I","SI1",61.1,59,4373,6.66,6.69,4.08
1.21,"Ideal","H","VS1",62.8,54,7928,6.81,6.78,4.26
1.19,"Ideal","D","VS1",61.1,57,10079,6.84,6.87,4.19
0.35,"Ideal","D","VS2",60.6,57,964,4.63,4.58,2.79
0.23,"Very Good","F","VVS1",62.3,55,583,3.93,3.96,2.46
0.31,"Very Good","F","VS2",58.3,61,583,4.44,4.48,2.6
0.71,"Fair","F","SI1",57,68,2198,6.05,5.87,3.4
0.6,"Ideal","E","VVS1",62.5,53.7,3082,5.35,5.43,3.38
1.12,"Ideal","D","SI1",60.5,56,7153,6.75,6.78,4.09
1.01,"Very Good","I","SI1",63.1,58,3563,6.38,6.33,4.01
1.07,"Very Good","G","VS2",60,56,7611,6.67,6.69,4.01
1.04,"Good","D","SI2",57.6,63,4191,6.67,6.7,3.85
1.5,"Very Good","E","SI2",63.5,60,6300,7.19,7.12,4.54
1.01,"Ideal","E","SI2",62.1,56,4355,6.39,6.43,3.98
0.73,"Ideal","E","VS1",61.9,56,3510,5.78,5.81,3.59
0.55,"Ideal","F","VS1",60.6,56,1890,5.33,5.37,3.24
0.24,"Very Good","E","VS2",63.5,53,419,3.96,3.98,2.52
1.65,"Ideal","D","SI2",61.5,56,10847,7.63,7.69,4.71
0.28,"Ideal","E","VS1",62,56,625,4.21,4.18,2.6
1.29,"Premium","I","VS1",61.1,58,5664,7.03,6.98,4.28
1.17,"Premium","H","SI1",62.3,57,5004,6.75,6.71,4.19
0.32,"Ideal","E","VVS1",61.3,57,1020,4.43,4.38,2.7
0.7,"Ideal","J","VS1",62.8,56,2000,5.64,5.66,3.55
1.21,"Ideal","H","SI2",62.1,55,5692,6.87,6.82,4.25
1.05,"Very Good","D","SI1",59.3,58,6063,6.68,6.74,3.98
1.51,"Premium","J","VVS2",62.6,59,8770,7.31,7.33,4.58
1,"Very Good","G","VS1",59.1,61,6435,6.48,6.54,3.85
1.02,"Premium","D","VS2",59.8,61,6909,6.61,6.54,3.93
0.34,"Premium","F","VS2",62.9,58,880,4.46,4.44,2.8
0.7,"Ideal","I","SI2",62.1,57,2079,5.66,5.71,3.53
1.19,"Good","D","VS1",63.8,55,7437,6.68,6.64,4.25
0.56,"Ideal","D","VS2",60.9,56,1963,5.31,5.36,3.25
0.39,"Very Good","F","VS2",58.4,62,821,4.76,4.79,2.79
1.52,"Very Good","I","SI1",59.9,60,9290,7.46,7.49,4.48
0.37,"Ideal","G","SI1",62,55,586,4.62,4.64,2.87
1.59,"Premium","J","VS2",62.6,59,7953,7.45,7.43,4.66
1.01,"Good","D","SI1",63.1,60,5443,6.32,6.39,4.01
0.32,"Ideal","E","IF",62.6,55,1095,4.38,4.41,2.75
0.34,"Premium","E","VS1",58,60,757,4.63,4.61,2.68
1.04,"Premium","E","SI2",60.1,58,3392,6.65,6.56,3.97
1.52,"Ideal","G","VS1",61.8,56,14482,7.4,7.45,4.59
0.91,"Very Good","D","SI1",63.1,61,4041,6.16,6.1,3.87
0.33,"Ideal","H","VS2",61.2,55,521,4.45,4.47,2.73
0.52,"Premium","D","SI1",62,60,1284,5.18,5.11,3.19
1.21,"Premium","I","SI1",59.3,59,5421,6.98,6.95,4.13
1.02,"Premium","G","SI1",62.3,59,4718,6.44,6.4,4
0.9,"Good","E","SI1",59.8,64,4229,6.14,6.21,3.69
0.54,"Very Good","J","VS2",63,57,1129,5.17,5.21,3.27
0.31,"Ideal","F","VS2",61.9,55,625,4.37,4.39,2.71
0.53,"Premium","D","VS2",60.4,58,1956,5.26,5.23,3.17
1.01,"Premium","H","SI2",61.1,59,4242,6.54,6.46,3.97
0.71,"Ideal","G","VVS1",61.4,59,3332,5.7,5.76,3.52
2.02,"Ideal","F","SI2",62.2,57,16256,8.07,8.03,5.01
1.21,"Ideal","H","VS1",60.7,57,6834,6.86,6.89,4.17
1.15,"Premium","E","SI2",62.3,58,4688,6.73,6.67,4.18
0.91,"Good","H","VS2",62.7,62,3979,6.11,6.21,3.86
0.7,"Good","F","VS1",64,57,2381,5.62,5.54,3.57
0.31,"Very Good","F","IF",61.4,55,914,4.39,4.41,2.7
0.37,"Very Good","D","SI1",61,62,681,4.61,4.64,2.82
1.01,"Premium","F","SI2",62.6,60,4497,6.37,6.35,3.98
0.59,"Ideal","D","VS1",60.9,56,2175,5.39,5.44,3.3
0.72,"Very Good","F","SI1",63.1,56,2670,5.68,5.67,3.58
0.58,"Ideal","E","VVS2",60.9,56,2808,5.41,5.43,3.3
1.42,"Very Good","G","VVS2",62.6,60,12891,7.14,7.17,4.48
1.06,"Premium","E","SI1",62,61,5485,6.55,6.51,4.05
0.91,"Ideal","G","SI2",61,57,4360,6.25,6.28,3.82
0.61,"Ideal","F","VS1",62.3,55,2366,5.46,5.49,3.41
1.51,"Ideal","G","VVS2",62.1,58,15529,7.34,7.31,4.54
1,"Very Good","F","SI1",61.8,58,5058,6.37,6.44,3.96
1.25,"Good","F","VS2",63.9,58,6440,6.76,6.71,4.31
1.01,"Very Good","E","VS2",59.9,57,6622,6.52,6.57,3.92
0.7,"Good","H","VS2",59.1,65,2234,5.75,5.85,3.43
0.72,"Ideal","H","SI1",58.9,56,2398,5.91,5.88,3.47
0.56,"Ideal","F","SI1",61.1,55.9,1685,5.33,5.35,3.26
0.73,"Ideal","H","VVS2",61.6,56,2846,5.79,5.84,3.58
0.7,"Ideal","E","SI1",62.3,56,1758,5.68,5.62,3.52
0.27,"Premium","E","VVS1",60.6,58,799,4.2,4.18,2.54
1.03,"Fair","J","SI2",56.2,62,3246,6.73,6.69,3.77
0.52,"Very Good","H","VS1",62.2,55,1659,5.15,5.18,3.21
1.02,"Very Good","E","VS2",62.9,56,6752,6.37,6.47,4.04
0.56,"Ideal","J","VS2",61.7,54,1094,5.31,5.36,3.29
0.91,"Premium","G","VS1",62.5,61,4570,6.17,6.05,3.82
0.3,"Ideal","G","SI1",62,58,477,4.27,4.29,2.65
0.78,"Ideal","D","VS2",62.9,56,3736,5.85,5.88,3.69
0.33,"Ideal","F","VVS1",62,55,880,4.44,4.47,2.76
1.15,"Ideal","F","VVS2",62.1,55,8743,6.69,6.74,4.17
0.34,"Premium","E","VS2",61.1,60,745,4.45,4.48,2.73
0.71,"Very Good","I","SI1",61.9,58,1898,5.66,5.69,3.51
0.35,"Premium","H","VS1",62.6,59,788,4.5,4.45,2.8
0.51,"Ideal","E","SI2",61,56,1205,5.2,5.16,3.16
1.1,"Premium","E","SI2",59.1,60,4967,6.77,6.7,3.98
1,"Good","G","SI1",62.2,63,5483,6.36,6.41,3.97
1.25,"Premium","G","VS2",61.2,57,7948,6.95,6.91,4.24
2.24,"Ideal","I","SI2",62.1,57,15852,8.31,8.4,5.19
1.26,"Premium","D","SI2",61.9,58,5412,6.88,6.81,4.24
0.33,"Premium","E","VS1",60.9,58,1002,4.49,4.45,2.72
0.3,"Ideal","E","VVS2",61.9,55,766,4.3,4.33,2.67
0.5,"Very Good","H","VVS2",62.9,56,1569,5.03,5.08,3.18
1.08,"Premium","F","SI2",60.2,59,4488,6.65,6.6,3.99
0.57,"Ideal","H","VVS1",61.8,55,1929,5.33,5.38,3.31
0.7,"Very Good","I","VS1",63.1,57,2411,5.67,5.59,3.55
0.47,"Ideal","E","VS1",61.8,53,1721,4.99,5.04,3.1
0.58,"Good","G","VS1",59,62,1777,5.44,5.48,3.22
0.31,"Ideal","D","SI1",62.4,56,571,4.33,4.35,2.71
0.32,"Premium","E","VS2",61.6,59,768,4.43,4.4,2.72
0.31,"Ideal","F","VVS1",61,56,840,4.39,4.43,2.69
1.5,"Very Good","G","SI2",58.5,62,8580,7.4,7.44,4.34
0.41,"Very Good","H","VVS2",62.4,54,873,4.75,4.77,2.97
0.5,"Ideal","F","SI1",62.7,57,1282,5.06,5.09,3.18
1.53,"Premium","D","SI1",61.6,58,10907,7.42,7.35,4.55
0.54,"Very Good","D","SI1",62,55,1662,5.21,5.24,3.24
0.52,"Ideal","I","SI1",61.8,54,1094,5.16,5.19,3.2
0.72,"Ideal","F","SI2",62,57,1743,5.68,5.64,3.51
0.32,"Ideal","G","VS2",61.4,56,720,4.39,4.37,2.69
0.9,"Premium","E","SI1",59.8,55,4385,6.34,6.3,3.78
0.31,"Premium","H","VS2",59.7,61,628,4.42,4.39,2.63
1.52,"Very Good","G","VS1",59.3,59,12916,7.48,7.55,4.46
0.72,"Very Good","E","SI1",57.9,58,2610,5.92,5.96,3.44
0.26,"Very Good","E","VVS1",61.4,58,597,4.12,4.15,2.54
0.7,"Fair","F","VS2",65.3,55,2762,5.63,5.58,3.66
1.03,"Ideal","D","SI2",60.7,58,5836,6.51,6.53,3.96
1.54,"Very Good","H","VS2",62.1,62,11527,7.31,7.38,4.56
0.32,"Ideal","G","VS1",62.8,54,828,4.41,4.38,2.76
1.52,"Premium","G","SI1",61.6,57,9952,7.4,7.33,4.54
0.83,"Premium","E","SI2",59.2,60,2859,6.17,6.12,3.64
1.19,"Very Good","H","SI2",63.4,58,4558,6.79,6.76,4.29
0.23,"Very Good","E","VVS2",59.4,59,530,4.03,4.08,2.41
0.3,"Premium","H","VVS2",60.8,60,605,4.29,4.33,2.62
1,"Fair","G","SI1",65.7,54,2964,6.24,6.16,4.07
2.01,"Premium","F","SI2",61.3,58,14067,8.14,8.07,4.97
0.4,"Very Good","E","VS2",60.4,63,791,4.68,4.72,2.84
1.71,"Good","I","VS2",58,60,11250,7.85,7.9,4.57
0.73,"Ideal","G","VVS1",61.6,56,3913,5.76,5.79,3.56
0.34,"Ideal","E","SI1",61.2,57,637,4.48,4.51,2.75
0.29,"Ideal","D","VS1",61.7,57,647,4.26,4.23,2.62
0.54,"Ideal","G","VS1",60.1,57,1957,5.29,5.31,3.18
0.51,"Premium","G","VS1",62.3,59,1781,5.12,5.06,3.17
0.31,"Very Good","E","VS2",62.8,57,680,4.33,4.37,2.73
0.31,"Ideal","G","VS1",61.5,56,802,4.43,4.39,2.71
0.33,"Very Good","H","VVS2",61.9,55,614,4.44,4.46,2.75
2.06,"Very Good","F","SI2",61.5,56,16603,8.15,8.18,5.02
0.9,"Premium","F","VS1",62.7,58,5088,6.14,6.17,3.86
0.32,"Ideal","G","VVS2",61.3,55,698,4.4,4.44,2.71
0.5,"Ideal","E","VVS2",62.2,54,2889,5.08,5.12,3.17
0.8,"Ideal","F","VVS2",61.6,57,4140,5.97,5.94,3.67
1.06,"Ideal","I","VS2",62.3,56,4530,6.56,6.51,4.07
0.5,"Ideal","E","VS2",62.2,56,1629,5.12,5.11,3.18
0.54,"Ideal","E","VS2",60.5,56,1754,5.26,5.28,3.19
0.5,"Very Good","F","VVS2",61.9,56,2003,5.09,5.12,3.16
0.9,"Good","F","VS1",63.8,56,3750,5.99,5.92,3.8
1.55,"Premium","H","VS2",60.7,58,11567,7.51,7.47,4.55
1.16,"Ideal","G","VS2",61.7,57,7243,6.8,6.72,4.17
0.46,"Very Good","G","VS1",61.4,59.7,1179,4.94,4.97,3.05
0.7,"Premium","F","SI1",62.6,55,2184,5.65,4.5,3
0.4,"Ideal","E","VVS2",61.5,56,1158,4.74,4.79,2.93
0.32,"Ideal","I","SI1",62.4,57,432,4.35,4.37,2.72
1.05,"Very Good","G","SI2",61.6,60,4241,6.49,6.56,4.02
0.33,"Ideal","E","VVS1",61.8,57,984,4.4,4.43,2.73
0.3,"Ideal","D","SI1",62.5,57,552,4.29,4.32,2.69
0.46,"Ideal","H","SI1",61.7,55,807,4.99,5.02,3.09
0.37,"Premium","F","VS2",62.7,58,957,4.58,4.55,2.86
1.3,"Premium","F","VS1",62.5,58,11392,6.97,6.94,4.35
0.8,"Ideal","F","SI2",59.9,59,2762,6.01,6.07,3.62
0.95,"Very Good","I","SI1",63.5,58,3378,6.19,6.16,3.92
0.3,"Ideal","H","VS2",61.4,55,491,4.34,4.36,2.67
1.01,"Good","G","VS1",63.7,56,6529,6.37,6.29,4.03
1.25,"Very Good","F","SI1",61.4,56,7956,6.91,6.94,4.25
0.25,"Ideal","G","VVS2",62,54,525,4.05,4.08,2.52
0.3,"Very Good","G","VS2",63.5,59,644,4.22,4.17,2.66
0.5,"Premium","F","VS2",61.8,58,1654,5.1,5.06,3.14
1.12,"Very Good","F","SI1",61.4,63,5374,6.7,6.68,4.11
0.57,"Premium","I","VVS1",62.1,58,1728,5.32,5.25,3.28
0.7,"Ideal","G","VS1",61.9,55,3384,5.67,5.71,3.52
0.77,"Very Good","F","VS2",62.6,55,3692,5.85,5.88,3.67
0.4,"Very Good","E","SI2",62.9,58,666,4.7,4.74,2.97
0.55,"Premium","E","VS2",61.1,58,1928,5.28,5.3,3.23
0.46,"Very Good","F","VS2",59.9,55,1258,5.06,5.08,3.04
1.27,"Premium","G","VVS2",61,58,10203,6.96,7.01,4.26
0.73,"Premium","D","VS2",60.9,59,2947,5.82,5.77,3.53
0.5,"Premium","E","VS2",61.8,58,1746,5.09,5.07,3.14
0.33,"Very Good","I","SI1",63,57,434,4.37,4.39,2.76
0.4,"Ideal","E","VS2",62.2,55,1090,4.71,4.77,2.95
1.23,"Ideal","H","SI2",60.6,56,6199,6.94,6.92,4.2
0.73,"Ideal","G","VS1",62,55,3342,5.74,5.79,3.58
0.35,"Ideal","D","VS2",61.6,56,1063,4.56,4.53,2.8
0.7,"Ideal","H","VVS2",61,56,3325,5.75,5.78,3.52
0.3,"Ideal","G","VS1",61.8,56,624,4.31,4.33,2.67
0.69,"Ideal","G","SI1",62.4,56,2297,5.66,5.69,3.55
1.01,"Premium","F","SI2",58.8,62,4197,6.49,6.46,3.81
1.31,"Premium","G","VS2",60.3,59,8979,7.12,7.08,4.28
0.82,"Very Good","G","VS1",63.3,56,3460,5.96,5.98,3.78
0.8,"Ideal","G","SI1",62.5,57,2870,5.94,5.9,3.7
1.18,"Ideal","G","VVS2",61.3,55,10308,6.86,6.81,4.19
0.4,"Ideal","E","VS1",61.3,56,1252,4.76,4.8,2.93
1.24,"Premium","H","SI2",60.4,59,5277,6.99,6.92,4.2
1.52,"Premium","J","SI1",60.4,59,5618,7.44,7.39,4.48
0.5,"Very Good","E","VVS1",60.1,56,2495,5.16,5.19,3.11
0.53,"Ideal","H","VS1",61.6,55,1678,5.2,5.22,3.21
1.23,"Ideal","J","VS2",61.8,56,4986,6.87,6.81,4.23
1.14,"Premium","G","SI2",60.4,59,4884,6.8,6.78,4.1
1.51,"Premium","F","VS2",62,62,13771,7.35,7.23,4.52
0.32,"Ideal","G","VS2",59.8,57,561,4.43,4.46,2.66
0.84,"Ideal","G","VS1",61.8,56,4325,6.02,6.11,3.75
2.18,"Very Good","G","SI2",63.3,59,12377,8.25,8.2,5.2
1.23,"Premium","I","SI2",62.5,60,5269,6.82,6.75,4.24
1,"Good","D","SI2",64,59,3634,6.29,6.24,4.01
0.37,"Ideal","F","VS2",61.1,57,746,4.63,4.67,2.84
0.32,"Very Good","G","VS2",60.9,58,564,4.42,4.45,2.7
0.52,"Ideal","H","VS1",61.7,55,1665,5.17,5.21,3.2
2.01,"Fair","H","SI2",61.2,66,13587,8.21,8.09,4.98
0.3,"Ideal","D","VS2",62.4,55,616,4.3,4.32,2.69
0.91,"Good","J","I1",63.1,57,1945,6.06,6.12,3.84
1.23,"Premium","F","SI1",62.5,58,5641,6.83,6.76,4.25
0.51,"Fair","F","VS2",56.3,61,1602,5.34,5.29,2.99
0.54,"Ideal","G","IF",61.6,57,2361,5.22,5.27,3.23
1.54,"Very Good","I","VS2",62.2,58,8656,7.32,7.37,4.57
0.81,"Very Good","I","VS2",64,60,2714,5.84,5.88,3.75
1.24,"Very Good","H","SI1",62.4,58,6625,6.93,6.82,4.29
1.14,"Ideal","E","VVS2",62.3,55,10703,6.71,6.68,4.17
1.56,"Ideal","H","SI1",62.4,53.7,10536,7.43,7.48,4.65
1.01,"Premium","H","VS2",61,61,5190,6.47,6.39,3.92
0.55,"Ideal","G","VVS2",62,57,2129,5.26,5.22,3.25
0.9,"Ideal","G","SI2",62.7,53,3805,6.18,6.22,3.89
0.41,"Good","E","SI1",63.5,57,755,4.69,4.73,2.99
0.48,"Very Good","F","VVS1",62.3,55,1914,5.02,5.05,3.13
0.91,"Premium","D","SI1",60.2,58,4816,6.31,6.28,3.79
0.33,"Ideal","G","VS1",62.4,56,666,4.43,4.45,2.77
1.24,"Ideal","E","SI2",59.2,55,5444,7.05,7.03,4.17
2.02,"Ideal","J","SI1",62.2,57,13132,8.06,8.11,5.03
0.54,"Ideal","H","VVS2",61.8,56,1696,5.25,5.27,3.25
1.69,"Very Good","E","VS2",62.7,58,17803,7.52,7.6,4.74
0.84,"Very Good","I","VVS2",61.7,56,3392,6.03,6.07,3.74
0.32,"Ideal","G","IF",62.1,55,918,4.4,4.46,2.75
0.31,"Very Good","J","SI1",61.9,59,363,4.28,4.32,2.66
1.15,"Ideal","I","SI2",61.3,57,5216,6.78,6.71,4.13
0.52,"Very Good","E","SI1",62.9,59,1389,5.12,5.15,3.23
0.7,"Premium","E","SI1",60.5,58,2777,5.77,5.74,3.48
0.5,"Very Good","H","VS1",62.5,59,1429,5.01,5.04,3.14
0.34,"Very Good","G","VS2",60.3,54,596,4.53,4.56,2.74
0.62,"Very Good","F","VS2",59.5,63,1832,5.54,5.49,3.28
0.52,"Ideal","E","SI1",60.7,55,1656,5.23,5.22,3.18
0.52,"Ideal","D","VS2",61.8,55,1822,5.16,5.19,3.2
0.34,"Premium","G","VS2",61.3,58,596,4.51,4.53,2.77
0.31,"Ideal","E","IF",61.3,58,1002,4.37,4.4,2.69
1.74,"Ideal","E","SI1",62.2,56,15847,7.67,7.72,4.79
0.7,"Premium","H","SI1",62.7,59,2020,5.68,5.63,3.55
2.12,"Very Good","H","SI1",60.7,55,18118,8.28,8.36,5.05
1.01,"Good","G","VVS2",63.2,59,7137,6.27,6.35,3.99
0.9,"Very Good","F","VS1",60.7,57,5242,6.16,6.23,3.76
0.51,"Ideal","G","SI1",61.5,55.5,1254,5.13,5.19,3.17
0.48,"Premium","F","SI1",59.6,59,1020,5.13,5.11,3.05
0.43,"Ideal","G","SI1",61.8,55,795,4.85,4.89,3.01
0.38,"Ideal","G","VS1",62.3,55,817,4.63,4.68,2.9
0.52,"Ideal","F","VS2",60.3,57,1429,5.2,5.24,3.15
0.42,"Ideal","F","VVS2",62.2,56,1221,4.82,4.79,2.99
0.3,"Very Good","E","VS2",62.4,56,658,4.25,4.28,2.66
1.14,"Ideal","H","VS2",61.6,56,5937,6.72,6.68,4.13
0.28,"Ideal","F","VS1",60.2,56,598,4.3,4.31,2.59
1.22,"Premium","G","SI1",60.7,59,6492,6.92,6.96,4.21
0.59,"Ideal","E","VS1",61.6,57,2172,5.35,5.39,3.31
1.22,"Ideal","J","VS2",61,55,6052,6.92,6.96,4.23
0.71,"Very Good","G","SI1",63.2,58,2147,5.68,5.65,3.58
1.82,"Premium","H","VS2",61.6,60,14749,7.78,7.74,4.78
0.75,"Premium","E","SI2",61.9,55,2214,5.89,5.84,3.63
1.25,"Ideal","I","VS1",61.6,56,7485,6.91,6.95,4.27
0.3,"Premium","I","VVS1",62.6,60,709,4.28,4.25,2.67
1.02,"Premium","H","SI1",59.1,60,4037,6.59,6.54,3.88
0.71,"Very Good","F","SI1",64,58,2345,5.59,5.66,3.6
1.23,"Ideal","I","SI1",62.1,57,6449,6.83,6.88,4.26
1.05,"Good","E","SI1",64.2,61,4967,6.41,6.33,4.09
1.1,"Premium","G","VS1",58.4,60,7399,6.85,6.81,3.99
2.07,"Premium","H","SI1",62,58,13786,8.17,8.09,5.04
0.55,"Very Good","E","VS2",61.2,57,1725,5.22,5.27,3.21
1,"Premium","H","SI1",62.7,59,4788,6.37,6.3,3.97
0.91,"Fair","D","VS2",65.7,58,4107,6.04,5.99,3.95
1.14,"Very Good","H","VS2",59.9,57,5053,6.78,6.81,4.07
1.04,"Ideal","F","SI1",62.1,56,4426,6.54,6.47,4.04
0.26,"Very Good","F","VS1",61.9,57,499,4.11,4.14,2.55
0.9,"Good","F","SI2",63.1,58,3519,6.11,6.13,3.86
0.51,"Ideal","D","SI1",61,56,1431,5.15,5.17,3.15
0.51,"Premium","I","VS2",62.9,55,1179,5.12,5.08,3.21
1.27,"Very Good","I","SI2",59.7,57,5371,6.99,7.04,4.19
0.42,"Ideal","I","VS1",62,55,773,4.83,4.85,3
0.7,"Ideal","D","VS1",61.5,57,4323,5.68,5.71,3.5
1,"Very Good","G","SI1",59.6,60,4997,6.43,6.49,3.85
0.39,"Very Good","D","VS1",61.7,59,876,4.64,4.69,2.88
2.11,"Premium","D","SI2",58.7,60,15198,8.45,8.41,4.95
0.32,"Ideal","G","VVS1",62.2,53,814,4.42,4.45,2.76
0.95,"Ideal","G","SI1",60.7,56,4469,6.31,6.27,3.82
0.37,"Ideal","H","VS1",61.8,55,668,4.63,4.66,2.87
0.31,"Ideal","E","VVS2",61.8,54,864,4.34,4.36,2.69
0.41,"Ideal","F","VS1",62.7,55,1076,4.77,4.74,2.98
1.5,"Ideal","G","SI1",61,57,12009,7.38,7.41,4.51
0.39,"Premium","I","VVS1",61.5,59,821,4.67,4.7,2.88
1.08,"Ideal","E","SI2",61.7,57,5080,6.6,6.55,4.06
0.72,"Ideal","G","SI1",60.7,56,2776,5.79,5.82,3.53
0.37,"Ideal","E","VS2",62.6,56,1041,4.61,4.56,2.87
0.4,"Premium","G","SI1",62,59,900,4.74,4.71,2.93
2.04,"Premium","H","SI1",62.2,60,12341,8.07,8,5
0.51,"Ideal","G","IF",61.4,54,2208,5.18,5.24,3.2
0.42,"Good","H","SI1",63.2,58,700,4.77,4.79,3.02
0.75,"Very Good","E","VS2",60.4,56,3817,5.9,5.96,3.58
1.52,"Good","J","VS2",63.3,56,7370,7.27,7.33,4.62
0.41,"Ideal","D","SI1",60.3,57,1015,4.86,4.82,2.92
1.2,"Ideal","I","VS2",62.5,56,5634,6.77,6.74,4.22
0.51,"Ideal","E","VVS1",62.3,53.7,2524,5.1,5.12,3.19
0.7,"Ideal","E","VS2",62.1,54,2839,5.69,5.72,3.54
0.3,"Very Good","H","VVS2",62,55,533,4.28,4.32,2.67
0.73,"Ideal","D","SI1",61.2,57,2947,5.79,5.81,3.55
1.45,"Ideal","J","VS2",61.9,59,7477,7.16,7.21,4.45
0.7,"Very Good","I","VS1",63.3,55,1995,5.64,5.6,3.56
0.3,"Premium","D","VS2",61.7,59,710,4.25,4.28,2.63
1.18,"Ideal","G","VS1",61.3,56,8414,6.81,6.83,4.17
1.51,"Very Good","F","SI1",62.6,57,12141,7.25,7.31,4.56
0.58,"Ideal","D","SI2",61.2,57,1442,5.4,5.36,3.29
0.43,"Premium","H","I1",62,59,452,4.78,4.83,2.98
0.76,"Premium","E","SI2",59.3,62,2329,6.01,5.96,3.55
0.7,"Premium","J","SI1",63,56,1827,5.66,5.61,3.55
1.6,"Ideal","E","SI1",61.9,54,11437,7.56,7.5,4.66
0.73,"Ideal","F","VVS1",61.1,56,4171,5.83,5.86,3.57
0.58,"Ideal","E","VS1",61.8,57,2046,5.33,5.35,3.3
1.71,"Good","G","SI2",63.7,57,6847,7.54,7.5,4.79
1.21,"Premium","H","SI1",59.5,58,6025,7.02,6.96,4.16
0.3,"Ideal","F","SI1",61.9,56,475,4.3,4.32,2.67
0.91,"Ideal","D","VS1",62.3,59,6652,6.16,6.19,3.85
1.12,"Premium","G","SI2",61.2,58,4084,6.67,6.69,4.09
0.53,"Ideal","D","VS2",61.2,55,1956,5.25,5.21,3.2
0.9,"Very Good","G","SI1",63.5,59,3649,6.07,6.11,3.87
1.51,"Ideal","H","VS1",61.2,58,10186,7.36,7.42,4.52
1.25,"Ideal","F","VVS1",62.2,56,12698,6.93,6.89,4.3
0.52,"Ideal","G","SI1",62.4,55,1325,5.15,5.17,3.22
0.74,"Premium","F","VS1",62.5,60,2917,5.78,5.74,3.6
0.43,"Ideal","I","VS2",62,55,716,4.84,4.87,3.01
0.51,"Ideal","E","VS2",61.7,53,1590,5.18,5.2,3.2
1.02,"Very Good","F","VS2",61.7,58,6479,6.47,6.5,4
1,"Premium","H","I1",61.3,60,2818,6.43,6.39,3.93
0.71,"Premium","J","VS2",60.1,61,1968,5.82,5.77,3.48
0.38,"Very Good","D","VS2",58.8,61,871,4.72,4.77,2.79
1.01,"Premium","D","SI2",60.8,61,4338,6.5,6.45,3.94
0.31,"Ideal","F","IF",62,54,914,4.38,4.4,2.72
0.9,"Very Good","E","VS2",63.4,59,3894,6.19,6.11,3.9
0.39,"Premium","G","VS2",60.4,61,942,4.73,4.71,2.85
1.23,"Premium","H","VS1",61.1,58,7577,6.91,6.86,4.21
0.4,"Good","E","SI1",64.2,56,682,4.66,4.69,3
1.51,"Premium","I","SI2",58.7,59,7292,7.53,7.49,4.41
0.3,"Ideal","E","VS2",61.5,55,844,4.34,4.31,2.66
0.61,"Very Good","F","VS2",61.8,56,1989,5.42,5.46,3.36
0.51,"Ideal","G","VS1",60.9,56,1708,5.16,5.19,3.15
1,"Good","I","VS1",64,53,3763,6.34,6.28,4.04
0.9,"Very Good","H","VVS2",63.7,57,4592,6.09,6.02,3.86
1,"Premium","G","SI2",62.7,59,4095,6.3,6.36,3.97
0.52,"Ideal","D","SI1",62.2,57,1600,5.13,5.16,3.2
0.41,"Premium","F","VVS2",61.6,59,951,4.73,4.79,2.93
0.71,"Very Good","H","SI1",61.4,58,2076,5.72,5.78,3.53
1.01,"Very Good","E","SI1",63.1,60,5002,6.37,6.34,4.01
0.46,"Ideal","G","IF",62.1,56,1654,4.93,4.96,3.07
0.56,"Premium","H","VS1",60.1,58,1585,5.4,5.35,3.23
0.9,"Very Good","I","SI1",61.8,56,3407,6.19,6.24,3.84
1.01,"Very Good","D","SI1",63.2,58,5654,6.28,6.34,3.99
1,"Good","H","SI1",61.6,61,4405,6.29,6.35,3.89
0.56,"Very Good","G","VS2",60.9,58,1580,5.34,5.36,3.26
1.05,"Premium","H","SI1",61.9,58,4608,6.45,6.5,4.01
0.3,"Premium","H","VVS1",61.1,61,819,4.3,4.27,2.62
0.36,"Ideal","F","VS2",62,55,726,4.55,4.58,2.83
0.3,"Ideal","D","SI1",62.1,54,552,4.31,4.35,2.69
0.37,"Premium","F","VS2",62.7,58,746,4.55,4.58,2.86
0.34,"Ideal","D","VS1",61.2,58,787,4.45,4.5,2.74
1,"Ideal","E","VS2",61.9,56,6048,6.45,6.4,3.98
0.7,"Very Good","H","VS2",63,55.4,2513,5.67,5.7,3.58
0.23,"Premium","E","VS2",62.4,60,513,3.92,3.9,2.44
0.76,"Ideal","H","SI1",61.2,57,2765,5.88,5.91,3.61
1.51,"Premium","H","SI2",60.7,59,5767,7.42,7.37,4.49
0.35,"Premium","H","SI2",61.6,58,566,4.54,4.49,2.78
0.35,"Ideal","I","VS2",59.8,57,630,4.6,4.59,2.75
0.37,"Ideal","F","VS1",61,55,703,4.66,4.69,2.85
0.32,"Ideal","D","VS2",61,56,828,4.41,4.44,2.7
0.88,"Fair","F","SI1",56.6,65,2882,6.39,6.32,3.6
0.31,"Ideal","D","VS2",62.2,55,734,4.31,4.34,2.69
2.21,"Premium","H","SI2",62.9,60,13369,8.27,8.23,5.19
1.5,"Very Good","H","VS1",63.3,59,9173,7.15,7.1,4.51
0.7,"Ideal","G","VS2",60,57,2633,5.8,5.84,3.49
2.05,"Premium","I","VS2",60.8,58,16896,8.26,8.19,5
0.5,"Good","D","SI1",61.1,64,1374,5.05,5.07,3.09
0.42,"Ideal","I","VVS1",62.4,57,945,4.83,4.79,3
1,"Premium","E","SI2",61.7,58,4620,6.34,6.39,3.93
1.21,"Ideal","G","VS2",61.9,55,7996,6.9,6.84,4.25
1.01,"Ideal","I","I1",61.5,57,2896,6.46,6.45,3.97
0.34,"Premium","F","VS2",60.7,60,880,4.5,4.46,2.72
0.3,"Good","D","VVS2",61.6,63,719,4.23,4.27,2.62
1.02,"Ideal","F","SI2",62.4,55,4662,6.46,6.43,4.02
0.44,"Premium","E","VS2",60.4,59,1073,4.93,4.9,2.97
0.41,"Ideal","E","VS1",61.5,56,1007,4.77,4.79,2.94
0.52,"Very Good","I","VS1",61.4,57,1282,5.17,5.19,3.18
0.7,"Very Good","I","SI2",63.4,59,1775,5.66,5.57,3.56
0.56,"Very Good","F","SI1",63.9,59,1425,5.16,5.22,3.32
0.33,"Premium","H","VVS1",61.4,59,752,4.42,4.44,2.72
0.51,"Premium","G","SI2",58.6,59,1026,5.3,5.25,3.09
0.25,"Ideal","F","VS2",61.7,56,535,4.04,4.07,2.5
0.71,"Premium","G","SI2",62.4,59,1963,5.67,5.61,3.52
1.23,"Premium","G","VS2",62,59,8431,6.87,6.8,4.24
0.31,"Very Good","H","VS1",61.7,61,544,4.31,4.34,2.67
1.01,"Ideal","G","VS2",61.6,56,6239,6.43,6.46,3.97
0.52,"Very Good","G","SI1",61.7,57,1311,5.13,5.16,3.17
0.52,"Ideal","F","VS1",61.2,57,1778,5.16,5.2,3.17
1.83,"Very Good","E","SI2",62,57,12379,7.81,7.89,4.87
1.02,"Good","H","SI1",63.5,58,4604,6.36,6.39,4.05
0.7,"Ideal","F","VVS2",61.9,54.8,3741,5.68,5.72,3.53
0.57,"Very Good","D","VS2",62.5,59,1748,5.28,5.32,3.31
0.3,"Very Good","I","SI2",63.3,56,450,4.3,4.26,2.71
0.7,"Very Good","I","VVS2",63,58,2367,5.64,5.69,3.57
0.9,"Very Good","H","SI2",62.1,56,3295,6.13,6.23,3.84
1.54,"Premium","I","SI1",60.1,58,9314,7.53,7.48,4.51
0.46,"Ideal","D","VS1",61.6,57,1637,4.95,4.98,3.06
0.67,"Premium","G","VS2",61,61,2050,5.66,5.61,3.44
0.31,"Ideal","D","VS2",59.4,56,879,4.45,4.4,2.63
1.68,"Ideal","E","SI2",60.4,55,11781,7.7,7.79,4.68
0.3,"Ideal","D","VS2",61.5,55,911,4.35,4.3,2.66
0.32,"Ideal","G","VVS1",61.4,57,814,4.39,4.41,2.7
0.34,"Premium","D","SI1",59.7,59,803,4.57,4.54,2.72
0.74,"Premium","G","SI1",59.6,59,2447,5.94,5.87,3.52
0.3,"Ideal","G","VS1",61.4,55,776,4.36,4.31,2.66
0.69,"Very Good","D","SI1",57.6,62,2227,5.83,5.9,3.38
0.28,"Very Good","H","VVS2",62,55,522,4.21,4.23,2.62
1.02,"Premium","G","VS1",60.8,58,6505,6.52,6.47,3.95
1.12,"Good","J","SI1",63.7,61,3880,6.5,6.54,4.15
1.07,"Ideal","E","SI2",62.5,57,6060,6.56,6.5,4.08
0.7,"Premium","E","VS2",61.5,59,2822,5.73,5.68,3.51
0.3,"Ideal","G","IF",61.7,55,956,4.34,4.31,2.67
0.4,"Premium","H","VVS1",61.8,58,1017,4.69,4.72,2.91
1.01,"Very Good","G","VVS2",63,59,6843,6.34,6.41,4.01
0.33,"Ideal","I","VS2",62.4,56,463,4.39,4.43,2.75
0.3,"Premium","J","VS1",62.6,60,506,4.28,4.22,2.66
0.7,"Premium","F","VS1",60.8,62,2874,5.71,5.67,3.46
0.27,"Ideal","F","VVS2",62,55,760,4.14,4.16,2.57
0.89,"Very Good","E","SI1",62.7,57,4003,6.08,6.13,3.83
1.11,"Premium","I","SI1",60.6,59,4911,6.73,6.66,4.06
0.58,"Ideal","H","SI1",60.9,57,1421,5.38,5.33,3.26
0.57,"Ideal","F","IF",61.3,56,2656,5.32,5.36,3.28
1.06,"Premium","I","VS1",62.4,55,4920,6.57,6.5,4.08
0.27,"Ideal","G","VS2",61.5,55,490,4.18,4.21,2.58
1.23,"Premium","H","VS2",60.6,59,6577,6.94,6.89,4.19
2.23,"Very Good","G","I1",63.5,57,7006,8.24,8.2,5.22
0.9,"Very Good","F","VS2",63.2,58,4504,6.11,6.16,3.88
0.32,"Premium","F","VS2",59.7,59,645,4.41,4.44,2.64
0.41,"Premium","F","VS1",61.1,58,1007,4.74,4.78,2.91
1.22,"Ideal","G","VS1",60.7,57,9166,6.94,6.93,4.21
1.22,"Premium","D","SI2",62,60,6046,6.8,6.74,4.2
0.34,"Premium","D","SI2",59.2,59,650,4.58,4.54,2.7
0.51,"Ideal","D","VS1",62.4,57,1779,5.09,5.13,3.19
0.7,"Ideal","G","SI1",61.3,56,2480,5.73,5.78,3.53
0.51,"Ideal","F","VVS2",60.4,56,2054,5.18,5.22,3.14
0.7,"Ideal","D","VVS2",62,53.4,4369,5.69,5.72,3.54
1.02,"Premium","G","SI2",62.9,59,4370,6.4,6.38,4.02
1.71,"Very Good","J","VS1",61.9,59,10428,7.6,7.69,4.73
0.73,"Good","E","VS1",60.8,61,3471,5.77,5.8,3.52
1,"Very Good","G","VVS1",63.4,57,8115,6.33,6.36,4.02
1.16,"Good","F","SI2",63.7,63,4395,6.55,6.63,4.2
0.53,"Premium","E","SI1",61.8,60,2099,5.21,5.18,3.21
0.41,"Premium","F","VS1",61.2,57,1076,4.8,4.77,2.93
0.31,"Premium","D","VS1",59.7,58,788,4.4,4.45,2.64
0.81,"Ideal","G","SI1",62.2,57,3192,5.97,6.02,3.73
0.31,"Ideal","D","VS2",62.6,56,734,4.33,4.36,2.72
0.31,"Very Good","G","VS2",63.5,58,698,4.29,4.22,2.7
0.8,"Premium","D","SI2",61.1,58,3082,5.94,5.9,3.62
0.9,"Very Good","F","SI2",61.3,60,3468,6.18,6.22,3.8
0.6,"Premium","F","VVS2",61.1,58,2560,5.41,5.45,3.32
0.24,"Very Good","D","VS2",61.4,60,373,3.98,4,2.45
2.02,"Ideal","J","SI1",62.7,54.2,12884,8.03,8.08,5.05
0.83,"Ideal","D","VS2",62,54.9,4378,6.03,6.04,3.74
0.91,"Ideal","I","SI2",61.6,57,3034,6.23,6.24,3.84
1.11,"Premium","F","SI2",62.2,57,5284,6.67,6.61,4.13
0.7,"Ideal","F","SI2",62.6,53,2011,5.72,5.69,3.57
0.97,"Premium","F","SI1",59.9,59,4726,6.39,6.36,3.82
1.03,"Good","J","SI2",56.2,62,3188,6.69,6.73,3.77
0.82,"Good","G","VS2",64,57,2805,5.92,5.89,3.78
1.82,"Premium","I","VS1",61.4,60,13813,7.8,7.83,4.8
1.59,"Premium","E","SI2",62.3,58,6010,7.42,7.37,4.61
0.3,"Ideal","G","VS2",61.8,56,507,4.29,4.32,2.66
0.5,"Premium","D","VS2",61.1,58,1845,5.12,5.09,3.12
0.94,"Ideal","F","VS2",61.2,57,7120,6.29,6.33,3.86
0.53,"Ideal","F","VS1",62.4,57,1832,5.18,5.21,3.24
0.52,"Ideal","F","SI2",61.5,55,1121,5.17,5.2,3.19
1.01,"Very Good","G","VS2",63,57,5919,6.35,6.42,4.02
0.38,"Premium","D","SI1",59.7,60,941,4.69,4.66,2.79
0.39,"Ideal","F","IF",61.9,57,1368,4.68,4.69,2.9
0.33,"Ideal","G","VVS2",61.6,54,730,4.44,4.49,2.75
0.3,"Ideal","F","IF",60.8,57,873,4.34,4.38,2.65
1.39,"Very Good","H","VS2",59.5,61,8951,7.27,7.33,4.34
1,"Premium","G","VS2",60,59,6451,6.54,6.46,3.9
0.32,"Good","H","SI1",63.1,54,449,4.36,4.42,2.77
0.33,"Ideal","D","VS2",61.9,56,1002,4.44,4.42,2.74
0.3,"Very Good","H","SI1",63.1,56,554,4.29,4.27,2.7
1.01,"Premium","D","SI2",62.2,60,4672,6.43,6.4,3.99
1.31,"Ideal","F","VS1",61.9,54,10957,7.03,7.06,4.35
0.74,"Very Good","J","VS2",60.8,58,2003,5.79,5.85,3.54
0.8,"Ideal","E","VS2",60.9,57,3930,6.01,6.05,3.67
1.77,"Premium","I","VS2",62.3,58,12378,7.74,7.68,4.8
0.31,"Good","I","VVS1",63.1,59,571,4.25,4.31,2.7
0.43,"Premium","D","SI1",61,58,774,4.83,4.88,2.96
0.32,"Ideal","G","VS2",61.8,55,720,4.42,4.41,2.73
0.41,"Premium","H","SI1",60.9,60,683,4.79,4.83,2.93
1.28,"Very Good","G","VVS1",60.3,59,11214,6.99,7.03,4.23
0.71,"Premium","F","SI1",59.8,62,2756,5.74,5.73,3.43
0.38,"Ideal","G","VS1",61.8,56,833,4.64,4.65,2.87
0.52,"Ideal","E","VS2",61.5,56,1760,5.16,5.18,3.18
0.53,"Ideal","F","VVS1",61.4,56,2618,5.21,5.25,3.21
0.39,"Ideal","F","VS2",60,57,1053,4.76,4.7,2.84
0.72,"Ideal","F","VS2",62.5,56,2546,5.73,5.76,3.59
0.71,"Premium","F","VS2",58,62,2803,5.85,5.81,3.38
0.7,"Ideal","G","SI1",61.9,56,2414,5.66,5.71,3.52
1.35,"Premium","H","VS2",61.5,58,7918,7.09,7.15,4.38
1.01,"Good","F","SI2",64,56,3768,6.25,6.32,4.02
1.51,"Very Good","I","IF",62.1,59,12291,7.25,7.31,4.52
0.41,"Premium","E","VS2",61.3,58,999,4.79,4.74,2.92
0.9,"Very Good","D","VS1",63.4,58,5511,6.15,6.09,3.88
1.21,"Premium","G","VS1",59.5,58,8305,6.97,7.01,4.16
0.5,"Very Good","D","VVS2",63.3,55,2310,5.08,5.06,3.21
0.72,"Premium","D","SI1",62.7,59,2782,5.73,5.69,3.58
0.58,"Premium","I","VVS1",62.6,59,1758,5.31,5.27,3.31
1.26,"Ideal","G","VVS2",60.9,57,10886,6.98,7.01,4.26
0.3,"Very Good","J","VS1",63.4,55,506,4.3,4.25,2.71
0.32,"Premium","H","VS2",61.7,59,505,4.35,4.4,2.7
0.51,"Premium","F","SI1",59.4,61,1349,5.26,5.21,3.11
1.26,"Ideal","E","VVS2",61.1,57,14429,7,6.98,4.27
1.2,"Ideal","I","SI2",63,57,4596,6.77,6.7,4.24
0.34,"Very Good","G","VVS2",62.3,59,740,4.45,4.48,2.78
0.33,"Ideal","E","SI1",62.5,55,579,4.42,4.45,2.77
1.52,"Fair","G","VS2",55.2,66,10623,7.72,7.67,4.26
0.4,"Premium","E","VS1",60.3,58,1053,4.8,4.82,2.9
0.35,"Premium","E","VS2",59.2,58,984,4.63,4.59,2.73
0.5,"Ideal","E","SI1",61.2,56,1555,5.12,5.15,3.14
1.16,"Fair","F","VS1",57.8,67,7094,6.97,6.84,3.99
0.92,"Ideal","D","SI1",62.2,56,4561,6.23,6.27,3.89
1.33,"Premium","G","VS2",58.6,61,9682,7.21,7.17,4.21
0.31,"Premium","E","VS1",60.5,59,734,4.36,4.37,2.64
0.3,"Ideal","D","VS2",61.4,58,670,4.29,4.31,2.64
1.03,"Ideal","G","SI1",60.1,59,5111,6.6,6.57,3.96
0.59,"Ideal","E","SI1",61.1,56,1790,5.38,5.44,3.31
1.23,"Premium","G","VS1",61.3,58,8759,6.87,6.89,4.22
0.4,"Premium","H","VS1",62.7,56,1035,4.73,4.71,2.96
0.44,"Very Good","D","VS2",62.8,58,850,4.79,4.86,3.03
1.12,"Ideal","H","SI1",61.9,57,5521,6.64,6.68,4.12
0.55,"Very Good","D","SI1",60.7,58,1692,5.24,5.3,3.2
0.31,"Ideal","E","VS1",61.7,53,800,4.36,4.39,2.7
0.37,"Premium","G","VVS2",62.2,58,787,4.56,4.6,2.85
0.54,"Very Good","F","VS1",60,61,1657,5.31,5.26,3.17
0.54,"Ideal","H","SI1",62.2,56,1154,5.19,5.26,3.25
0.7,"Good","E","SI2",57.5,58,2229,5.8,5.85,3.35
0.61,"Ideal","E","VVS2",61.3,54,2823,5.51,5.59,3.4
0.5,"Premium","H","SI1",59,59,1156,5.22,5.18,3.07
1.35,"Premium","H","SI1",62.4,58,7673,7.03,6.95,4.36
0.7,"Ideal","F","SI2",60.6,57.2,2237,5.75,5.77,3.49
0.32,"Ideal","E","VS2",62.1,55,900,4.42,4.4,2.74
1.31,"Premium","H","SI2",61.4,60,6236,7.04,7,4.31
1.12,"Very Good","H","SI2",60.9,60,4498,6.71,6.76,4.1
0.31,"Premium","D","VVS1",61.1,56,1060,4.42,4.35,2.68
2.02,"Ideal","H","SI1",62.4,58,17141,8.07,8.03,5.02
1.55,"Very Good","D","SI2",58.9,57,11284,7.59,7.63,4.48
1.05,"Good","H","SI1",63.1,60,4608,6.42,6.49,4.07
1.52,"Ideal","G","VVS2",60.6,57,15760,7.45,7.49,4.52
0.7,"Very Good","G","SI1",62.8,57,2276,5.62,5.66,3.54
2.02,"Premium","I","VS1",61.2,59,17153,8.13,8.05,4.95
0.4,"Ideal","F","VVS1",61.7,56,1263,4.72,4.75,2.92
0.4,"Premium","F","VS1",61.4,58,982,4.73,4.75,2.91
0.35,"Ideal","E","VS1",61.9,56,829,4.51,4.53,2.8
0.91,"Ideal","H","SI1",62.4,57,3635,6.18,6.23,3.87
2.38,"Premium","G","SI2",62.4,58,14648,8.59,8.47,5.32
1,"Premium","H","VVS2",60.3,59,6037,6.46,6.41,3.88
0.32,"Very Good","G","VVS1",58.1,59,842,4.49,4.53,2.62
0.71,"Very Good","G","SI1",61.7,59,2448,5.72,5.78,3.55
0.73,"Premium","F","SI1",62.1,58,2527,5.74,5.72,3.56
1.05,"Premium","E","I1",62.2,61,3293,6.51,6.48,4.04
1.52,"Ideal","E","SI1",62.2,53,11642,7.38,7.31,4.57
0.29,"Very Good","F","VVS1",62.3,58,664,4.22,4.25,2.64
0.34,"Ideal","E","SI1",61.7,56,765,4.52,4.49,2.78
0.31,"Premium","H","SI1",59,57,573,4.44,4.4,2.61
1.11,"Very Good","G","SI2",63.2,56,4848,6.61,6.56,4.16
1.23,"Premium","G","VS1",59.8,57,9574,6.99,6.96,4.17
0.5,"Premium","E","SI2",59.4,60,1181,5.21,5.16,3.08
0.63,"Ideal","G","SI1",61.7,54,1628,5.52,5.56,3.42
0.39,"Ideal","I","IF",60.8,56,865,4.73,4.75,2.88
1,"Very Good","G","VS2",60,55,5385,6.41,6.52,3.88
0.9,"Premium","E","SI1",62.8,58,4677,6.13,6.09,3.84
0.31,"Ideal","D","VS2",60.7,56,942,4.38,4.35,2.65
0.34,"Ideal","D","SI1",60.9,56,596,4.53,4.56,2.76
0.55,"Ideal","E","VS1",62.2,55,2079,5.26,5.22,3.26
1.35,"Ideal","G","VS1",62.7,57,10850,7.07,7.02,4.42
1,"Very Good","F","SI2",63.3,58,4269,6.26,6.29,3.97
1.01,"Very Good","F","SI2",63.4,54,4270,6.42,6.39,4.06
0.65,"Premium","F","VS2",59,62,1853,5.68,5.65,3.34
1.53,"Very Good","G","SI1",62.5,56,9971,7.32,7.36,4.59
1.01,"Premium","G","VS2",61.5,60,6108,6.45,6.42,3.96
2.06,"Premium","I","SI2",62.2,60,11190,8.14,8.1,5.05
0.31,"Premium","J","SI1",58.1,62,453,4.47,4.44,2.59
0.42,"Premium","E","SI1",61.6,59,773,4.83,4.85,2.98
1,"Good","G","VVS2",63.1,58,7453,6.33,6.37,4.01
1.1,"Ideal","E","SI1",61.3,56,6743,6.65,6.7,4.09
1.01,"Premium","F","VS2",61.7,58,7240,6.47,6.43,3.98
0.41,"Ideal","G","VS2",62.2,57,1061,4.74,4.71,2.94
0.34,"Very Good","G","VVS1",59,62,835,4.56,4.6,2.7
0.27,"Very Good","D","VVS2",61.6,59,620,4.15,4.16,2.56
0.76,"Ideal","E","SI1",61.7,57,2949,5.84,5.89,3.62
0.7,"Ideal","H","VVS1",61.5,57,3517,5.69,5.73,3.51
0.32,"Ideal","H","VS2",62.8,55,648,4.41,4.38,2.76
0.35,"Ideal","F","VVS2",61.2,56,872,4.56,4.58,2.8
2,"Good","G","SI2",64.3,56,12654,7.93,7.89,5.09
0.91,"Very Good","H","SI1",62.2,60,3734,6.16,6.22,3.85
1.01,"Premium","F","SI2",61,60,4197,6.48,6.44,3.94
0.4,"Very Good","E","SI1",62.2,62,687,4.66,4.69,2.91
0.73,"Ideal","J","VS2",62.3,55,2101,5.74,5.78,3.59
0.53,"Ideal","I","VS2",60.3,60,1279,5.25,5.22,3.16
0.32,"Premium","D","SI1",62.3,55,756,4.42,4.38,2.74
1.01,"Premium","I","SI1",61.8,58,4185,6.45,6.37,3.96
0.5,"Premium","F","VVS2",60.6,58,1814,5.2,5.1,3.12
0.4,"Ideal","E","VVS2",62.2,56,1158,4.71,4.78,2.95
0.4,"Premium","E","VS1",62.8,59,1125,4.67,4.63,2.92
0.35,"Premium","G","SI1",60.6,58,669,4.6,4.58,2.78
0.34,"Very Good","H","VS2",60,58,521,4.52,4.56,2.72
0.7,"Very Good","H","SI2",63.8,59,1807,5.6,5.63,3.58
1.01,"Good","G","SI1",58.4,61,5051,6.51,6.61,3.83
0.57,"Very Good","D","VS2",61.4,56,1998,5.34,5.37,3.29
0.5,"Premium","G","VS1",60.3,60,1629,5.1,5.08,3.07
1.09,"Good","F","SI1",61,64,4230,6.63,6.58,4.03
0.35,"Ideal","D","VVS1",60.8,55,1330,4.58,4.6,2.79
0.74,"Ideal","H","VS2",62.5,54,2497,5.76,5.82,3.62
1.3,"Premium","F","VS1",61,59,10930,7.05,7.08,4.31
0.3,"Very Good","D","VS1",62,55,863,4.31,4.35,2.68
0.3,"Ideal","D","VS2",60.9,57,911,4.35,4.32,2.64
0.4,"Good","E","SI1",63.6,57,687,4.65,4.69,2.97
0.8,"Good","E","VS2",63.3,59,3365,5.82,5.87,3.7
0.35,"Ideal","F","VS2",61.4,56,906,4.56,4.53,2.79
1.21,"Ideal","H","VS2",62.4,59,7236,6.81,6.79,4.24
1.2,"Very Good","H","VVS1",63.3,56,6672,6.75,6.7,4.26
0.9,"Very Good","I","SI1",61.4,55,3271,6.19,6.28,3.83
0.7,"Very Good","D","VS1",63.4,59,3001,5.58,5.55,3.53
0.57,"Ideal","F","SI1",61.6,56,1397,5.36,5.33,3.29
0.41,"Premium","G","VS2",61.8,58,1061,4.77,4.75,2.94
1.07,"Ideal","E","VVS2",61.4,56,10043,6.65,6.55,4.05
1.01,"Good","F","SI2",63.9,54,4416,6.33,6.44,4.08
1.02,"Ideal","G","VVS1",61.5,57,8317,6.47,6.44,3.97
1.03,"Premium","F","SI1",58.6,62,5087,6.65,6.6,3.88
0.31,"Premium","E","VS2",60.8,58,872,4.37,4.35,2.65
1,"Very Good","J","SI2",62.8,63,3293,6.26,6.19,3.19
1,"Very Good","F","VVS1",61.1,57,9870,6.36,6.51,3.93
0.7,"Fair","D","SI1",66.5,55,2339,5.51,5.47,3.65
1.21,"Premium","H","VS1",61.9,60,6607,6.88,6.78,4.23
0.72,"Good","J","SI1",60.1,64,1663,5.83,5.75,3.48
0.56,"Ideal","D","VS2",61.6,56,2066,5.31,5.27,3.26
0.31,"Fair","E","SI1",56.9,66,579,4.53,4.47,2.56
1.22,"Premium","H","VS2",61.4,62,5944,6.92,6.76,4.22
1.21,"Very Good","F","SI1",60.2,60,7877,6.92,6.96,4.18
0.43,"Ideal","G","VS1",61.9,55,1008,4.86,4.84,3
0.31,"Ideal","H","VVS2",62.3,54,630,4.36,4.38,2.72
1.53,"Premium","F","VS1",60.3,58,15217,7.51,7.48,4.52
0.23,"Good","G","VVS1",56.2,60,395,4.14,4.19,2.34
1.39,"Very Good","E","VS1",60.9,61,12614,7.15,7.19,4.37
1.13,"Ideal","F","VS2",62.1,56,7369,6.65,6.71,4.15
1.31,"Ideal","J","SI1",62.5,56,6337,6.95,7.04,4.37
0.46,"Good","F","VS1",59.9,61.9,1168,5.02,5.06,3.01
0.5,"Ideal","E","VS2",61.8,55,1746,5.11,5.06,3.14
0.38,"Ideal","I","VS1",61.6,55,700,4.68,4.73,2.9
1.53,"Premium","J","VS2",62.9,59,7554,7.34,7.31,4.61
1,"Good","G","VVS2",62.4,61,6748,6.32,6.3,3.94
1.21,"Very Good","F","VS2",62.9,54,8403,6.78,6.82,4.28
0.63,"Premium","E","VS1",61.8,60,2064,5.51,5.49,3.4
0.4,"Very Good","D","SI2",61.6,59,666,4.68,4.74,2.9
1.06,"Premium","I","SI2",61.5,57,2968,6.57,6.49,4.02
0.3,"Very Good","H","SI1",63,54,421,4.27,4.3,2.7
1.01,"Very Good","F","VS2",63.7,56,6289,6.29,6.34,4.02
1.07,"Premium","I","SI1",58.4,60,4075,6.78,6.68,3.93
0.6,"Very Good","J","SI2",62.9,60,1022,5.34,5.38,3.37
0.75,"Premium","F","SI2",60.5,58,2394,5.91,5.86,3.56
0.7,"Very Good","G","VS2",63.1,55,2657,5.64,5.61,3.55
0.3,"Ideal","I","VS2",61.5,58,438,4.28,4.31,2.64
0.31,"Good","D","SI2",63.6,54,462,4.31,4.34,2.75
2,"Premium","D","SI2",61.9,59,13098,8.02,8,4.98
0.76,"Very Good","G","SI1",63.7,58,2579,5.75,5.8,3.68
0.74,"Ideal","G","SI2",61.7,56,2690,5.8,5.87,3.6
0.3,"Premium","F","VVS2",61.1,59,737,4.29,4.32,2.63
0.33,"Premium","E","SI1",61.1,58,579,4.43,4.47,2.72
0.3,"Premium","E","VS2",60.4,58,658,4.3,4.34,2.61
0.32,"Ideal","G","VVS1",61.1,53,1080,4.44,4.4,2.7
1.1,"Premium","D","VVS2",61.7,56,11233,6.65,6.64,4.1
0.54,"Ideal","D","SI2",61.3,57,1247,5.27,5.24,3.22
1.23,"Ideal","F","SI2",62.3,58,5894,6.8,6.84,4.25
2.72,"Fair","J","I1",68.2,56,6870,8.46,8.43,5.76
0.73,"Very Good","E","VVS2",63.4,58,3511,5.68,5.7,3.61
0.43,"Ideal","F","SI1",61.6,57,1016,4.85,4.8,2.97
0.6,"Fair","G","SI1",65.7,55,1197,5.31,5.23,3.46
2,"Very Good","J","SI2",60.9,54,10907,8.12,8.17,4.96
0.59,"Good","J","IF",63.7,59,2053,5.3,5.28,3.37
1.54,"Fair","F","SI2",64.4,60,7848,7.26,7.16,4.64
1,"Good","G","VS1",63.9,55,5920,6.28,6.34,4.03
1.27,"Very Good","G","VVS2",61.5,58,10321,6.9,6.96,4.26
0.39,"Very Good","F","SI1",61.3,62,670,4.68,4.71,2.88
1.13,"Ideal","I","SI2",62,55,5378,6.68,6.7,4.15
0.61,"Very Good","E","VS2",60.1,60,1884,5.5,5.54,3.32
1.02,"Ideal","F","I1",61,56,3599,6.53,6.51,3.98
0.54,"Ideal","F","VVS2",62.1,54,2180,5.24,5.26,3.26
1.01,"Ideal","G","VS2",62.6,56,6964,6.41,6.44,4.02
0.53,"Ideal","E","VS2",61.3,55,1739,5.22,5.25,3.21
0.71,"Ideal","G","SI1",60.5,56.4,2751,5.76,5.8,3.5
2.19,"Ideal","H","SI1",60.6,57,18475,8.39,8.35,5.07
0.61,"Ideal","E","VS2",62.2,54,2278,5.51,5.49,3.42
0.91,"Premium","H","VVS1",62.5,59,4944,6.19,6.16,3.86
0.38,"Ideal","G","VS1",61.3,55.8,832,4.65,4.71,2.87
0.54,"Premium","D","SI1",62,55,1786,5.24,5.21,3.24
0.55,"Ideal","F","VS1",61.3,57,1809,5.25,5.28,3.23
0.52,"Ideal","D","VVS2",59.9,57,2217,5.21,5.28,3.14
0.34,"Good","E","SI1",63.3,57,556,4.44,4.47,2.82
2.19,"Premium","H","SI1",61.6,58,17016,8.35,8.3,5.13
0.35,"Ideal","F","SI2",62.8,55,591,4.53,4.48,2.83
1.07,"Good","G","SI1",63.1,59,4861,6.45,6.49,4.08
1.04,"Premium","E","VS1",58.6,59,6765,6.68,6.64,3.9
1.22,"Premium","I","SI1",62.3,58,5233,6.77,6.81,4.23
2,"Fair","F","SI2",70.2,57,15351,7.63,7.59,5.34
1.5,"Ideal","I","VS1",60.5,56,9533,7.38,7.46,4.49
0.9,"Very Good","I","SI1",63.3,59,3251,6.14,6.05,3.86
1.15,"Premium","G","VVS2",58.4,59,8501,6.92,6.84,4.02
0.32,"Ideal","G","VS1",62.1,55,645,4.4,4.42,2.74
0.51,"Good","E","SI1",63.6,59,1241,5.13,5.06,3.24
1,"Good","J","SI1",63.9,60,3679,6.26,6.19,3.98
0.38,"Premium","E","SI2",59.9,56,596,4.79,4.72,2.85
1.3,"Ideal","I","SI1",62.3,58,6451,6.94,7,4.34
1.12,"Premium","H","VS2",60.6,59,6052,6.77,6.7,4.08
0.35,"Premium","H","VVS1",59.9,59,798,4.57,4.61,2.75
2.01,"Good","I","SI1",64.1,60,10184,7.92,7.88,5.06
0.53,"Very Good","G","SI1",61.2,55,1237,5.21,5.34,3.23
1.01,"Ideal","G","VS1",61.3,56,5294,6.49,6.44,3.96
1.06,"Premium","G","VS2",60.4,58,6296,6.64,6.68,4.02
0.31,"Ideal","H","VVS2",62.4,56,802,4.38,4.34,2.72
0.52,"Very Good","D","VS2",63.6,59,1664,5.09,5.13,3.25
1.01,"Premium","F","VS2",61.6,59,6587,6.39,6.43,3.95
0.55,"Ideal","F","VS2",62.1,55,1871,5.27,5.25,3.26
1.52,"Ideal","I","VVS1",61.9,56,11168,7.37,7.34,4.55
1.12,"Premium","I","VS2",62.8,57,4986,6.68,6.61,4.17
1.2,"Ideal","E","SI2",61.1,55,5494,6.9,6.87,4.21
1.24,"Ideal","I","SI1",61.3,56,5714,6.9,6.93,4.24
0.71,"Premium","F","SI1",61.6,57,2381,5.73,5.7,3.52
0.36,"Premium","E","SI2",58.5,59,475,4.67,4.63,2.72
1.21,"Premium","I","SI1",61.7,56,6098,6.87,6.82,4.22
1.53,"Premium","J","VVS1",61.6,58,9322,7.4,7.37,4.55
0.32,"Premium","H","VS2",62.4,58,648,4.36,4.33,2.71
0.43,"Very Good","G","IF",62.7,58,1286,4.8,4.84,3.02
1.07,"Ideal","E","SI2",62.4,57,4698,6.55,6.52,4.08
1.01,"Ideal","D","VS2",62.6,55,8279,6.42,6.46,4.03
0.54,"Very Good","D","VVS2",62.1,55,2318,5.21,5.26,3.25
0.3,"Ideal","D","VVS2",61.6,56,1041,4.32,4.35,2.67
1.15,"Premium","I","SI1",62.2,56,4637,6.77,6.67,4.18
0.8,"Very Good","H","VVS1",61.9,56,3737,5.93,5.96,3.69
1.52,"Premium","F","SI1",62.6,59,11637,7.27,7.36,4.58
1.51,"Good","J","VS2",62.8,59,7418,7.17,7.2,4.51
0.52,"Ideal","D","VS2",61.4,56,1664,5.16,5.19,3.18
1,"Ideal","I","SI2",58.8,55,3629,6.53,6.46,3.82
0.3,"Ideal","F","IF",61.6,58,886,4.28,4.32,2.65
0.31,"Ideal","G","IF",61.9,56,988,4.39,4.36,2.71
1.07,"Premium","G","VS2",61.9,60,6213,6.55,6.48,4.03
1,"Very Good","H","VS2",60.7,60,4978,6.55,6.49,3.96
0.56,"Ideal","D","VS2",62.2,56,1963,5.24,5.28,3.27
0.4,"Ideal","I","VVS2",62,56,1035,4.77,4.74,2.95
1.2,"Premium","H","SI2",62.3,59,5846,6.82,6.75,4.23
1.51,"Very Good","I","VS1",60.7,60,9979,7.43,7.49,4.53
0.74,"Ideal","J","VS1",61.6,57,2154,5.77,5.83,3.57
0.31,"Ideal","E","SI1",62.7,57,544,4.29,4.32,2.7
0.54,"Premium","D","VS1",61.1,58,1994,5.24,5.3,3.22
0.7,"Premium","D","SI2",59.3,59,2562,5.79,5.74,3.42
1.2,"Premium","J","SI2",61.8,56,4177,6.85,6.81,4.22
0.32,"Premium","I","SI1",61.6,61,540,4.4,4.36,2.7
0.35,"Very Good","G","IF",62.1,56,833,4.54,4.57,2.82
1.22,"Premium","G","SI1",63,57,6695,6.84,6.74,4.28
0.7,"Premium","G","SI1",59,62,2352,5.77,5.75,3.4
0.5,"Good","F","VS1",56.4,62,1390,5.31,5.22,2.97
1,"Very Good","H","VS2",64.7,56,5883,6.23,6.29,4.05
2.04,"Premium","I","VS2",62.5,58,17028,8.22,8.09,5.1
0.39,"Premium","G","VS1",62.4,57,1097,4.68,4.62,2.9
0.73,"Fair","D","VS1",66,54,3047,5.56,5.66,3.7
0.34,"Good","G","SI1",63.9,58,650,4.43,4.4,2.82
2.1,"Premium","I","SI1",61.5,59,15818,8.28,8.24,5.08
1.17,"Ideal","G","VS2",62,56,7413,6.71,6.74,4.17
0.75,"Ideal","E","VS1",62,55,3402,5.88,5.83,3.66
2.2,"Premium","H","SI2",62.7,58,17634,8.33,8.27,5.2
0.71,"Very Good","I","SI1",58.9,59,2141,5.78,5.84,3.42
0.44,"Premium","F","SI1",60.9,58,1023,4.96,4.92,3.01
0.65,"Ideal","E","SI1",62.7,54,1989,5.58,5.56,3.49
0.3,"Ideal","H","SI1",62.9,57,540,4.31,4.28,2.7
0.51,"Ideal","H","VS2",61.3,57,1385,5.14,5.16,3.16
0.5,"Good","F","VS2",60.9,60.4,1565,5.13,5.2,3.14
0.41,"Premium","E","VS1",59.8,61,1153,4.85,4.79,2.88
0.24,"Ideal","G","VS1",61.8,56,442,3.99,4.04,2.48
1.87,"Ideal","J","SI1",62.3,57,10137,7.88,7.82,4.89
0.76,"Ideal","E","SI1",61.5,56,3003,5.89,5.91,3.63
0.35,"Ideal","D","VS2",60.5,56,907,4.63,4.6,2.79
0.33,"Very Good","G","VS1",59.7,61,666,4.44,4.47,2.66
0.33,"Very Good","I","VVS1",61.7,61,608,4.43,4.45,2.74
1.65,"Ideal","I","SI1",61.7,55,10365,7.6,7.63,4.7
0.76,"Ideal","I","SI1",61.6,54,2399,5.86,5.92,3.63
1.17,"Good","D","SI2",60.4,65,5567,6.81,6.77,4.1
0.61,"Premium","F","VVS1",61.8,59,2753,5.48,5.4,3.36
1.3,"Premium","H","VS1",61.5,58,7714,6.96,6.98,4.29
1.07,"Ideal","H","SI1",62,57,4830,6.51,6.56,4.05
1.5,"Premium","H","VS2",61.8,59,11464,7.35,7.3,4.53
1.44,"Premium","I","VS1",62.6,59,8426,7.08,7.14,4.45
1.27,"Ideal","I","SI2",62.1,56,5249,6.96,6.92,4.31
0.33,"Ideal","D","VS2",61.1,56,822,4.5,4.54,2.76
0.73,"Ideal","D","VS2",62,56,3440,5.74,5.78,3.57
1.01,"Very Good","E","VS2",60.4,57,6577,6.45,6.49,3.91
0.52,"Ideal","G","VS1",62.7,56,1689,5.14,5.16,3.23
0.5,"Very Good","E","SI1",62.6,56,1222,5.06,5.07,3.17
2,"Premium","H","SI2",61.5,61,13134,8.13,8.1,4.99
0.77,"Ideal","D","SI1",62.5,56,3345,5.86,5.91,3.68
0.4,"Premium","E","VS2",62.2,59,975,4.74,4.71,2.94
1.52,"Premium","H","VS1",61.4,58,11621,7.44,7.3,4.55
1.01,"Ideal","J","SI1",62.1,54,3207,6.48,6.4,4
0.71,"Ideal","E","VS2",61.8,57,2630,5.7,5.73,3.53
1.25,"Premium","G","SI2",61.1,58,4340,6.96,6.91,4.24
1.01,"Good","J","SI1",58.8,57,3853,6.57,6.63,3.88
0.71,"Very Good","D","VS1",63.4,55,2841,5.69,5.61,3.58
0.31,"Ideal","D","SI2",62.3,56,593,4.38,4.35,2.72
0.76,"Ideal","G","VVS2",62,56,3927,5.86,5.88,3.64
0.32,"Ideal","G","VS1",61.6,57,645,4.38,4.42,2.71
0.65,"Good","G","VS1",60,60.4,2241,5.6,5.7,3.39
0.46,"Ideal","I","VS2",62.3,59,952,4.95,4.91,3.07
0.41,"Ideal","E","VS2",62,56,999,4.79,4.72,2.95
0.7,"Very Good","I","VVS2",63.1,57,2398,5.63,5.68,3.57
0.31,"Ideal","F","IF",60.8,56,888,4.43,4.45,2.7
0.4,"Ideal","D","SI2",61.3,56,798,4.77,4.72,2.91
0.56,"Premium","E","VS2",61.1,59,1668,5.34,5.27,3.24
1.6,"Ideal","E","SI2",62.7,53.9,10798,7.43,7.49,4.68
0.33,"Premium","G","SI2",59.4,59,557,4.52,4.5,2.68
0.5,"Good","D","SI1",64.1,56,1235,5.03,4.98,3.21
0.32,"Ideal","F","VVS1",62.5,53,854,4.4,4.43,2.76
0.5,"Ideal","G","VVS2",61.4,57,1838,5.1,5.13,3.14
0.31,"Ideal","F","VS2",62.2,56,583,4.36,4.39,2.72
0.4,"Good","D","SI2",63.1,57,622,4.72,4.75,2.99
1.28,"Very Good","H","SI2",60.4,61,6766,7.08,7.03,4.26
0.26,"Premium","G","VS1",61.3,60,382,4.07,4.12,2.51
1.01,"Very Good","H","SI1",62.9,56,5433,6.34,6.41,4.01
0.72,"Very Good","G","SI2",60.6,57,2114,5.79,5.86,3.53
1.51,"Good","F","VS2",64,59,8794,7.16,7.08,4.56
0.3,"Good","F","SI1",57.2,62,641,4.45,4.39,2.53
0.7,"Premium","F","SI2",59.6,58,2234,5.79,5.72,3.43
0.34,"Ideal","H","VS1",62.5,57,596,4.43,4.46,2.78
0.34,"Ideal","F","VS2",62.1,55,880,4.51,4.47,2.79
0.41,"Ideal","E","VS2",62,56,935,4.72,4.79,2.95
1.5,"Very Good","I","SI2",62.7,57,7392,7.28,7.35,4.59
0.3,"Very Good","D","VS1",63,56,645,4.27,4.33,2.71
0.5,"Ideal","D","VVS2",61.4,55,2482,5.13,5.16,3.16
0.43,"Premium","F","VVS1",61.5,56,1422,4.9,4.86,3
1.2,"Very Good","I","VS2",60.5,60,5941,6.86,6.93,4.17
1.03,"Ideal","G","VS1",62.2,59,7211,6.48,6.42,4.01
0.52,"Ideal","G","VS1",61.2,56,1803,5.19,5.23,3.19
1.72,"Good","J","SI2",63.2,57,7741,7.56,7.6,4.79
0.36,"Premium","G","SI2",60.8,58,608,4.61,4.57,2.79
0.9,"Good","F","SI1",59.3,56,4016,6.27,6.32,3.73
0.26,"Very Good","E","VS2",62.8,58,601,4,4.06,2.53
0.4,"Ideal","E","VVS2",61.8,56,1158,4.74,4.77,2.94
0.31,"Very Good","I","VVS2",62.2,57,544,4.34,4.37,2.71
1.51,"Ideal","G","VS1",62.1,55,13995,7.38,7.33,4.57
1.2,"Fair","H","SI2",64.8,60,4916,6.55,6.59,4.26
1.01,"Ideal","F","VS2",62.6,57,6501,6.39,6.43,4.01
0.71,"Ideal","D","VS2",61.2,56,3135,5.76,5.78,3.53
1.19,"Very Good","I","VS1",59.9,61,5644,6.85,6.91,4.12
0.36,"Ideal","E","SI1",61.4,57,631,4.56,4.59,2.81
1.23,"Ideal","I","VVS2",62,55,7299,6.86,6.89,4.26
1.12,"Ideal","F","SI1",61.7,56,7812,6.64,6.68,4.11
2.02,"Good","I","VS2",57.9,62,16789,8.25,8.3,4.79
0.52,"Ideal","F","VS2",61.2,56,1625,5.19,5.37,3.2
1.66,"Ideal","I","VS2",62.3,54,11156,7.58,7.61,4.73
1.5,"Very Good","J","VVS2",63.3,56,8391,7.18,7.29,4.58
0.71,"Very Good","G","SI2",63.4,56,2086,5.68,5.62,3.58
1.04,"Good","F","SI1",63.6,59,5871,6.4,6.36,4.06
0.9,"Very Good","F","SI2",61,61,4441,6.14,6.18,3.76
0.32,"Good","E","VS2",58.8,63,801,4.48,4.54,2.65
1,"Ideal","G","VVS2",61.2,56,8239,6.47,6.5,3.97
0.32,"Premium","D","SI1",63,58,756,4.4,4.36,2.76
0.45,"Very Good","D","VS2",62.9,58.4,1311,4.83,4.86,3.04
0.71,"Premium","F","VS2",62.6,58,2853,5.67,5.7,3.56
0.46,"Ideal","E","VVS2",62.6,55,1657,4.92,4.95,3.09
0.52,"Good","E","VS2",61.5,61,1660,5.16,5.09,3.15
1.34,"Ideal","I","VVS2",61.4,56,8079,7.07,7.09,4.35
0.46,"Very Good","H","VVS1",62,56,1572,4.96,4.98,3.07
0.62,"Ideal","G","VVS2",62.6,57,2507,5.42,5.47,3.41
1.18,"Premium","G","VVS2",61,58,7881,6.79,6.84,4.16
0.97,"Ideal","G","SI2",62.7,57,4101,6.31,6.28,3.95
0.24,"Very Good","D","VVS2",58.8,58,521,4.05,4.08,2.39
0.51,"Ideal","J","VS2",62.5,57,1080,5.04,5.08,3.16
0.38,"Ideal","E","VS1",61.9,55.2,979,4.62,4.65,2.87
1.24,"Ideal","I","SI1",62.1,56,5797,6.84,6.88,4.26
0.34,"Premium","E","SI2",61.5,58,477,4.49,4.52,2.77
0.55,"Premium","D","SI1",61.6,56,1698,5.28,5.24,3.24
0.32,"Ideal","E","SI1",62.1,54,532,4.4,4.42,2.74
0.31,"Ideal","G","VVS2",61.4,56,907,4.38,4.35,2.68
0.5,"Good","F","VS1",61.4,61,1613,5.03,5.04,3.09
0.35,"Premium","G","VVS2",62.2,58,1024,4.54,4.49,2.81
0.55,"Ideal","E","VS1",61.2,57,2001,5.28,5.3,3.24
0.53,"Ideal","D","SI2",61.9,55,1314,5.19,5.24,3.23
0.7,"Good","E","SI2",61,64,2116,5.63,5.69,3.45
0.5,"Very Good","D","SI1",61.9,61,1436,5.09,5.12,3.16
1.03,"Premium","E","SI2",62,59,4974,6.49,6.42,4
1.05,"Very Good","H","SI1",60.5,58,5406,6.55,6.6,3.98
1.5,"Very Good","I","VS2",59.4,61,9342,7.41,7.45,4.41
1.21,"Good","I","SI1",62.7,59,5252,6.63,6.71,4.18
0.3,"Good","G","SI1",63.2,55,417,4.26,4.29,2.7
1,"Very Good","E","SI2",63.3,58,4579,6.35,6.32,4.01
0.99,"Ideal","F","SI1",62.8,57,5728,6.3,6.38,3.98
0.57,"Premium","E","VS2",61.4,58,1851,5.32,5.37,3.28
1.03,"Ideal","H","VS1",61.5,57,4874,6.49,6.45,3.98
1,"Good","E","SI1",63.2,57,5299,6.36,6.39,4.03
2.01,"Ideal","F","SI2",61.3,60,17798,8.05,8.1,4.95
0.36,"Premium","I","VS1",60.9,61,729,4.61,4.58,2.8
0.3,"Premium","I","VS1",62,58,608,4.3,4.25,2.65
1.04,"Fair","G","SI2",66.1,60,3564,6.32,6.23,4.15
1,"Premium","H","SI1",62.7,58,4724,6.41,6.32,3.99
1.23,"Very Good","G","SI2",63.4,58,5550,6.8,6.77,4.3
0.31,"Good","D","SI2",63.7,55,593,4.35,4.32,2.76
0.59,"Ideal","F","SI1",61.7,56,1652,5.36,5.4,3.32
0.9,"Premium","H","VS2",61.2,61,4355,6.18,6.08,3.75
0.57,"Ideal","G","VS1",61.6,55,1815,5.34,5.38,3.3
1.13,"Ideal","G","VVS2",60.7,57,8192,6.74,6.81,4.11
1,"Very Good","I","VS1",63.3,55,4641,6.39,6.34,4.03
0.94,"Premium","G","SI1",61.9,57,4106,6.29,6.24,3.88
0.53,"Ideal","F","SI2",61.7,55,1421,5.22,5.25,3.23
0.4,"Premium","H","SI1",62.7,58,855,4.69,4.65,2.93
0.76,"Ideal","E","SI1",61.2,56,3401,5.88,5.91,3.61
2.44,"Very Good","J","VS2",58.1,60,18430,8.89,8.93,5.18
0.53,"Premium","E","SI1",60,60,1607,5.27,5.24,3.21
1.03,"Ideal","J","SI1",61.7,56,4395,6.49,6.53,4.02
0.37,"Ideal","G","VS2",62.2,57,833,4.64,4.59,2.87
1.51,"Premium","G","VS2",62.7,58,12756,7.2,7.31,4.55
0.82,"Good","J","SI1",57.4,59,2033,6.19,6.25,3.57
1.58,"Ideal","I","SI1",62.3,55,9457,7.42,7.49,4.64
2,"Good","I","VS2",63.6,60,16439,8.03,7.95,5.08
0.25,"Very Good","E","VVS2",63.2,59,548,3.98,4,2.52
1.11,"Ideal","G","VVS2",61.6,57,9507,6.7,6.74,4.14
0.73,"Ideal","G","SI1",61.7,60,2377,5.77,5.8,3.57
0.31,"Ideal","G","VS2",61.6,54,544,4.39,4.41,2.71
0.76,"Ideal","G","SI2",62.1,59,2389,5.81,5.84,3.62
0.32,"Premium","E","IF",60,61,967,4.5,4.46,2.69
1.01,"Ideal","E","SI1",61.9,56,5571,6.43,6.47,3.99
1.23,"Ideal","H","IF",61.3,57,8431,6.87,6.92,4.23
2.56,"Premium","J","SI1",61.4,58,17186,8.76,8.73,5.37
0.28,"Ideal","H","VS1",62.3,55,481,4.21,4.24,2.63
1.14,"Very Good","H","SI1",62.9,59,5367,6.62,6.64,4.17
2.02,"Very Good","H","SI2",62.7,59,15666,8.04,7.98,5.02
0.94,"Premium","H","VS2",60.1,59,4548,6.35,6.32,3.81
0.31,"Very Good","H","VVS2",61.4,58,625,4.32,4.37,2.67
1.01,"Premium","H","SI2",60.7,58,3790,6.52,6.49,3.95
1.64,"Premium","H","SI2",61.9,58,9224,7.58,7.54,4.68
1.28,"Ideal","F","VVS2",62.2,56,12841,6.95,6.91,4.32
1.21,"Good","I","VS2",63.4,57,5290,6.72,6.79,4.28
0.53,"Ideal","G","VS1",61.6,55.7,1772,5.21,5.24,3.22
0.71,"Premium","D","VVS1",59.7,59,4482,5.81,5.88,3.49
1,"Very Good","D","VS2",62.6,58,6762,6.31,6.38,3.97
1.11,"Ideal","E","VS2",62.1,53,8698,6.67,6.69,4.14
1.1,"Ideal","G","VVS2",61.6,56,9051,6.62,6.69,4.1
0.3,"Good","F","VVS2",66,55,613,4.19,4.21,2.77
0.4,"Ideal","E","VVS2",61.7,55,1238,4.76,4.74,2.93
0.44,"Premium","F","VS2",62.2,58,926,4.83,4.88,3.02
1.5,"Ideal","E","VS2",63.4,54,14618,7.22,7.25,4.59
1.05,"Ideal","F","VVS2",60.5,55,10011,6.67,6.58,4.01
1.02,"Very Good","H","SI1",63,58,4617,6.34,6.4,4.01
0.25,"Ideal","H","VS1",62.6,53,445,4.04,4.08,2.54
1.01,"Premium","J","VS2",62.4,60,3296,6.45,6.35,3.99
0.4,"Good","I","SI1",63.9,57,765,4.7,4.66,2.99
1.12,"Premium","H","SI1",62.4,56,4994,6.74,6.63,4.17
0.31,"Very Good","H","VVS1",61.2,56,651,4.37,4.39,2.68
0.31,"Ideal","I","VS2",62.3,53.8,447,4.32,4.36,2.7
0.83,"Premium","E","SI1",62.2,59,2913,6.05,5.97,3.74
0.7,"Good","I","VS1",64.4,60,2271,5.51,5.58,3.57
1.01,"Good","D","SI1",61.7,62,5443,6.3,6.34,3.9
0.34,"Premium","E","VS2",60.9,60,956,4.51,4.49,2.74
0.58,"Ideal","F","VS2",61.8,57,2401,5.39,5.35,3.32
1.01,"Premium","F","SI2",62.5,61,4017,6.37,6.33,3.97
0.3,"Very Good","H","VS2",63.5,54,608,4.3,4.27,2.72
1.21,"Premium","F","SI2",61.8,59,4472,6.82,6.77,4.2
1.51,"Very Good","F","SI1",62.8,59,11560,7.28,7.31,4.58
1.51,"Very Good","G","SI1",59.6,60,10576,7.42,7.45,4.43
1.5,"Premium","J","VS1",62.8,59,9240,7.29,7.19,4.55
1.5,"Very Good","H","SI1",62.9,57,8931,7.24,7.28,4.57
0.41,"Good","F","VVS2",59.2,63,1150,4.82,4.87,2.87
1.01,"Premium","E","SI1",59.9,59,4991,6.49,6.46,3.88
0.3,"Premium","D","SI2",61.8,58,574,4.32,4.29,2.66
1.05,"Ideal","F","VVS2",61.9,57,8870,6.5,6.52,4.03
0.56,"Ideal","D","VS2",61.9,57,1963,5.26,5.3,3.27
0.31,"Ideal","E","VVS1",61.3,56,1064,4.39,4.43,2.7
1.01,"Ideal","G","VS2",61.5,57,6516,6.49,6.45,3.98
0.3,"Ideal","G","SI1",61.8,56,487,4.31,4.34,2.67
1.77,"Good","J","SI2",63.4,60,8109,7.61,7.65,4.84
0.38,"Ideal","E","SI1",61.7,58,658,4.71,4.63,2.88
0.33,"Ideal","E","VS1",60,57,802,4.5,4.47,2.69
0.31,"Ideal","F","VS2",61.3,57,802,4.34,4.3,2.65
1.86,"Premium","G","SI2",62.5,60,10572,7.9,7.8,4.91
0.33,"Ideal","F","VVS1",60.6,56,939,4.47,4.51,2.72
1.02,"Very Good","H","SI2",62.6,60,4229,6.3,6.38,3.97
0.7,"Good","F","SI2",63.6,56,1806,5.63,5.56,3.56
0.9,"Very Good","H","SI2",63.4,60,3105,6.08,6.03,3.84
0.32,"Premium","G","IF",59.9,58,954,4.42,4.43,2.65
0.42,"Premium","F","VVS2",59.6,59,1221,4.86,4.83,2.89
0.57,"Ideal","F","VS1",61.9,56,2052,5.39,5.3,3.31
1.01,"Ideal","F","VS1",62.2,57,7122,6.38,6.48,4
0.41,"Premium","D","SI2",62,58,876,4.78,4.74,2.95
1.06,"Ideal","E","VVS2",61,57,9712,6.63,6.54,4.02
1.02,"Ideal","D","SI2",62,58,5235,6.4,6.51,4
0.3,"Ideal","D","VS2",61.4,54,710,4.33,4.34,2.66
0.9,"Very Good","E","SI1",60.1,58,4034,6.25,6.29,3.77
0.74,"Premium","E","SI1",61.4,57,2042,5.83,5.79,3.57
1.75,"Premium","J","VS1",62.2,59,10429,7.7,7.74,4.8
0.56,"Ideal","E","SI1",62.8,58,1784,5.31,5.26,3.32
0.9,"Good","G","VS2",64.9,61,4124,5.91,5.99,3.86
0.3,"Ideal","G","IF",61.9,57,863,4.27,4.29,2.65
0.36,"Very Good","G","SI1",61.8,60,537,4.53,4.57,2.81
0.3,"Very Good","E","VVS2",62.4,57,743,4.26,4.27,2.66
2.21,"Very Good","G","SI2",60.7,62,15825,8.42,8.48,5.13
2.31,"Premium","H","SI2",62.1,58,12269,8.55,8.47,5.29
0.7,"Good","E","VS1",59.4,61,3063,5.79,5.83,3.45
0.72,"Ideal","D","VS2",62.7,56,3219,5.71,5.78,3.6
0.51,"Very Good","E","SI1",62.9,57,1304,5.06,5.11,3.2
1.09,"Ideal","D","SI2",62.1,56,5258,6.59,6.56,4.08
0.31,"Ideal","G","VVS2",61.3,56,687,4.37,4.41,2.69
1,"Ideal","D","SI1",62.7,56,5755,6.39,6.43,4.02
0.7,"Ideal","F","SI1",59.8,55,2665,5.83,5.75,3.46
0.37,"Premium","F","VVS2",62.9,56,948,4.58,4.52,2.86
0.24,"Premium","H","VVS1",60.8,59,554,4.02,4,2.44
0.41,"Very Good","D","SI1",63.2,58,947,4.77,4.72,3
0.51,"Ideal","D","VS2",61.4,57,1716,5.13,5.16,3.16
0.73,"Ideal","G","VS1",60.2,56,3273,5.86,5.9,3.54
1.03,"Very Good","D","SI1",60.5,61,5313,6.43,6.47,3.9
0.32,"Very Good","I","SI1",63.5,57,540,4.33,4.3,2.74
1.05,"Ideal","F","VVS1",59,60,12315,6.62,6.67,3.92
1.7,"Premium","J","SI2",63,60,7650,7.59,7.53,4.76
2.03,"Very Good","I","SI2",62.8,60,13063,7.99,8.05,5.04
2.1,"Very Good","H","SI1",62.9,57,18480,8.12,8.19,5.13
0.31,"Premium","G","VS2",59.9,59,698,4.4,4.38,2.63
1.04,"Ideal","F","VVS2",61.2,57,9169,6.53,6.5,3.99
1,"Fair","I","SI1",66.3,61,2875,6.08,6.03,4.01
1.02,"Very Good","E","SI2",58.7,63,4414,6.61,6.55,3.86
2,"Very Good","H","SI2",63,59,15694,7.94,8.07,5.04
0.88,"Very Good","I","VS1",63.3,55,2996,6.11,6.06,3.85
0.33,"Ideal","I","IF",62,54,675,4.46,4.48,2.77
0.53,"Ideal","F","VS1",62.2,55,1908,5.22,5.17,3.23
1.01,"Very Good","F","VVS1",62.8,59,9474,6.37,6.43,4.02
0.9,"Good","F","SI1",64,59,3696,5.97,5.99,3.83
0.27,"Very Good","D","VVS2",59.9,59,620,4.23,4.28,2.55
0.61,"Ideal","G","VS1",62.6,55,2309,5.46,5.43,3.41
1.71,"Premium","I","VS1",60.3,62,10055,7.76,7.7,4.66
1.22,"Premium","G","VS1",62.2,59,8583,6.82,6.87,4.26
1.51,"Good","G","VVS2",63.8,59,13155,7.24,7.28,4.63
1.16,"Ideal","D","SI2",62.1,54,5793,6.74,6.79,4.2
0.35,"Ideal","D","VVS2",61,57,910,4.54,4.58,2.78
0.33,"Ideal","G","VS2",62.6,57,579,4.45,4.47,2.79
0.61,"Ideal","F","SI1",61.4,56,1681,5.46,5.42,3.34
0.73,"Ideal","H","SI1",62,55,2656,5.76,5.85,3.6
0.71,"Very Good","F","SI2",61.4,56,3075,5.71,5.73,3.51
1.09,"Ideal","G","VS2",62.2,55,7961,6.61,6.65,4.13
0.41,"Ideal","E","VVS2",62.5,57,1082,4.76,4.71,2.96
1.1,"Premium","J","SI2",59.6,59,3726,6.74,6.72,4.01
1.02,"Very Good","E","SI2",62.8,55,4398,6.4,6.43,4.03
0.41,"Ideal","G","VVS1",62.4,55,1068,4.74,4.78,2.97
0.41,"Very Good","D","SI1",63.4,55,947,4.72,4.68,2.98
0.41,"Very Good","E","SI2",61.3,57,683,4.79,4.83,2.95
0.34,"Ideal","G","VS2",62.9,55,765,4.52,4.45,2.82
0.57,"Premium","E","SI2",62.5,54,1058,5.35,5.3,3.33
0.96,"Good","G","SI1",57.6,59,4234,6.53,6.56,3.77
1.23,"Ideal","G","VVS1",63.2,56,10113,6.78,6.83,4.3
0.32,"Ideal","G","VVS1",61.3,55,733,4.46,4.38,2.71
0.5,"Good","D","SI1",64.1,56,1190,5.03,4.98,3.21
0.75,"Very Good","J","SI1",62.4,56,2083,5.78,5.82,3.62
1.03,"Premium","H","VS2",61.6,61,5364,6.51,6.44,3.99
1.23,"Premium","G","SI2",62.8,59,4426,6.76,6.72,4.23
0.71,"Ideal","G","SI2",61.1,56,2264,5.75,5.77,3.52
1.06,"Premium","I","SI1",61.9,57,4452,6.61,6.51,4.06
0.34,"Premium","H","VS2",61.3,60,537,4.47,4.53,2.76
0.61,"Good","E","VS2",60.8,59,2124,5.41,5.48,3.31
0.32,"Premium","G","VS2",61.1,58,720,4.45,4.42,2.71
0.54,"Ideal","E","VS2",60.8,57,1754,5.24,5.29,3.2
0.7,"Ideal","D","VS2",62.4,57,2867,5.68,5.61,3.52
1,"Good","E","SI2",61.5,61,4258,6.35,6.43,3.93
1.51,"Very Good","J","VS1",63.7,55,7953,7.16,7.28,4.6
1.71,"Ideal","H","SI1",62.2,56,12641,7.74,7.7,4.8
1,"Very Good","F","VVS1",62.5,57,9201,6.31,6.36,3.96
0.71,"Ideal","F","SI1",60.7,56,2770,5.77,5.8,3.51
0.4,"Very Good","E","VVS2",62.8,58,1066,4.68,4.71,2.95
0.7,"Good","E","VVS2",60.1,63,2857,5.68,5.71,3.42
0.26,"Ideal","H","VS1",62.6,56,448,4.07,4.09,2.55
1.01,"Ideal","E","VS2",61.9,57,7013,6.43,6.37,3.96
0.23,"Ideal","F","VS1",61.9,56,493,3.94,3.96,2.44
0.9,"Good","D","SI1",63.8,57,4178,6.12,6.07,3.89
0.72,"Good","I","VS2",63.3,59,2068,5.62,5.66,3.57
0.39,"Ideal","D","VS1",61.9,57,1170,4.71,4.69,2.91
1.01,"Very Good","G","VS2",62.9,54,6773,6.35,6.4,4
0.32,"Ideal","H","SI1",61.2,56,430,4.43,4.46,2.72
0.41,"Very Good","G","VVS1",60,59,1151,4.83,4.84,2.9
0.5,"Premium","E","VS2",61.3,56,1629,5.16,5.11,3.15
0.48,"Premium","F","SI1",61.1,61,1170,5.05,5,3.07
0.49,"Premium","G","SI1",60.6,60,1026,5.1,5.06,3.08
1.08,"Good","E","SI1",58.4,60,5575,6.71,6.74,3.93
0.4,"Very Good","F","SI1",62.1,60,756,4.66,4.7,2.91
1.76,"Premium","J","VS1",62,58,11177,7.74,7.7,4.79
0.73,"Ideal","D","SI1",61.3,57,3615,5.81,5.83,3.57
0.33,"Very Good","D","VS2",62.8,54,781,4.43,4.46,2.79
1.2,"Ideal","H","SI1",61.1,56,6968,6.92,6.87,4.21
0.78,"Ideal","D","SI1",61.1,57,3214,5.95,5.97,3.64
1.1,"Good","D","SI2",57,62,4361,6.91,6.84,3.92
0.37,"Premium","D","VVS1",61.4,58,1142,4.65,4.63,2.85
1.71,"Premium","G","VS1",62.3,58,17041,7.61,7.65,4.75
1.06,"Ideal","F","I1",62.1,55,3544,6.54,6.57,4.07
0.32,"Premium","H","VS2",61,60,505,4.35,4.41,2.67
0.9,"Fair","E","SI2",65,58,2930,6.08,6.04,3.94
0.7,"Premium","H","VVS2",59.6,59,2717,5.83,5.78,3.46
0.31,"Ideal","F","IF",61.2,57,1168,4.35,4.38,2.67
0.37,"Premium","H","VS1",60.9,60,833,4.63,4.6,2.81
0.9,"Very Good","E","SI1",62.9,55,3863,6.18,6.22,3.9
0.71,"Good","I","VS1",63.3,56,2306,5.65,5.69,3.59
0.73,"Premium","G","VS2",61.4,59,2770,5.83,5.76,3.56
0.3,"Very Good","D","SI1",61,60,552,4.3,4.35,2.64
0.53,"Premium","D","VS1",59.2,60,2147,5.37,5.31,3.16
1.54,"Ideal","G","SI1",61.5,55,11333,7.4,7.45,4.57
0.52,"Ideal","G","VS1",62.1,54,1743,5.17,5.14,3.2
1.02,"Ideal","H","SI2",60.7,57,4319,6.51,6.54,3.96
0.53,"Very Good","F","SI2",60.5,60,1132,5.19,5.23,3.15
1.16,"Ideal","I","SI1",62.4,57,5107,6.71,6.75,4.2
0.74,"Ideal","F","SI1",60.4,56,2379,5.86,5.83,3.53
2,"Fair","H","VS2",65.2,56,12765,7.92,7.87,5.15
0.56,"Ideal","F","VS1",61.7,54,1915,5.28,5.32,3.27
2.07,"Ideal","J","VVS2",62.7,54,16769,8.17,8.12,5.11
0.7,"Good","F","VVS1",63.3,56,3310,5.64,5.7,3.59
0.3,"Ideal","F","VVS1",61.9,58,814,4.26,4.3,2.65
0.78,"Very Good","G","VS1",61.5,55,3472,5.92,5.97,3.66
0.32,"Very Good","G","SI2",62.3,58,421,4.37,4.42,2.74
0.9,"Premium","H","VS2",60.4,59,4321,6.24,6.27,3.78
1.29,"Premium","G","SI2",62,58,5996,7.03,6.97,4.34
0.32,"Ideal","G","SI1",61.5,55,647,4.4,4.44,2.72
0.28,"Very Good","E","VS1",60.9,59,487,4.19,4.22,2.56
0.74,"Ideal","F","VVS2",61.5,54,3101,5.84,5.86,3.6
0.72,"Premium","E","VVS1",62.9,59,3566,5.75,5.67,3.59
0.53,"Ideal","H","VS2",61.9,55.2,1435,5.21,5.24,3.24
1.52,"Premium","D","SI1",60.8,61,11220,7.39,7.26,4.45
1.51,"Ideal","H","IF",62.7,56,12437,7.26,7.38,4.59
0.38,"Good","D","VS2",64.1,55,809,4.58,4.62,2.95
1,"Premium","H","SI2",61,60,3472,6.42,6.36,3.9
2.05,"Premium","H","VS2",61.8,60,18318,8.19,8.14,5.05
0.7,"Very Good","F","VS2",61.7,57,2559,5.71,5.74,3.54
0.59,"Premium","D","SI2",61.2,60,1572,5.42,5.37,3.3
0.92,"Ideal","G","VS1",62,57,5243,6.24,6.28,3.88
0.3,"Premium","D","SI1",61.6,58,552,4.29,4.32,2.65
1.5,"Premium","H","SI1",61.4,56,7636,7.47,7.34,4.55
0.9,"Premium","G","VS2",60.9,58,4183,6.34,6.19,3.79
1.47,"Very Good","H","SI2",62.6,58,7438,7.17,7.24,4.51
0.71,"Ideal","E","SI1",60.5,56,3527,5.81,5.84,3.53
2.5,"Premium","I","SI2",59,60,18447,8.76,8.89,5.21
0.32,"Very Good","H","VVS1",62.9,58,730,4.34,4.37,2.74
1.07,"Premium","H","SI1",60,60,5123,6.65,6.61,3.98
1,"Good","E","SI1",63.1,64,4435,6.31,6.25,3.96
0.41,"Very Good","E","VS1",62.8,58,1079,4.7,4.72,2.96
0.53,"Premium","G","VS1",62.4,58,1721,5.16,5.2,3.23
0.32,"Ideal","E","VS2",62,57,702,4.39,4.41,2.73
0.9,"Good","G","VS2",63.7,60,4309,6.02,5.98,3.82
0.71,"Ideal","D","SI1",60.9,57,3262,5.75,5.79,3.51
0.27,"Ideal","D","VS2",60.2,57,470,4.19,4.21,2.53
2.06,"Premium","I","SI2",60.1,58,14982,8.32,8.26,4.98
0.54,"Ideal","G","VVS2",60.6,56,1985,5.26,5.27,3.19
1.15,"Fair","G","VS1",64.6,57,6530,6.6,6.5,4.23
0.53,"Ideal","H","VVS1",61.3,56,1781,5.22,5.24,3.21
1.01,"Ideal","E","SI2",63,56,4118,6.34,6.3,3.98
0.32,"Premium","F","VS2",62.1,59,645,4.35,4.41,2.72
0.6,"Good","G","VS2",59.8,61.9,1793,5.45,5.5,3.27
0.74,"Good","D","SI1",63.1,59,2753,5.71,5.74,3.61
0.7,"Very Good","G","VS1",61,57,2591,5.69,5.72,3.48
1.01,"Very Good","H","VS2",59.7,64,5911,6.45,6.48,3.86
0.32,"Very Good","D","VS2",62.9,59,657,4.36,4.39,2.75
0.35,"Premium","D","SI1",60.9,58,827,4.55,4.52,2.76
0.51,"Ideal","G","VVS2",62.6,57,1875,5.1,5.12,3.2
0.43,"Ideal","G","SI1",62.6,56,789,4.79,4.82,3.01
0.56,"Ideal","F","VVS2",61,56,2119,5.33,5.35,3.26
0.36,"Very Good","G","VVS2",61.9,58,821,4.54,4.6,2.83
1.16,"Very Good","H","SI2",62.8,59,5799,6.7,6.64,4.19
1.03,"Premium","G","SI2",59.9,60,4413,6.56,6.5,3.91
1,"Good","D","SI2",64,54,3304,6.29,6.24,4.01
1.13,"Ideal","H","SI2",62.5,57,4584,6.67,6.71,4.18
1.7,"Premium","G","VS2",62.6,61,15568,7.64,7.54,4.75
1.73,"Premium","I","VS1",61.8,58,13250,7.75,7.68,4.76
1.1,"Premium","E","SI2",60.9,60,4622,6.66,6.61,4.04
0.71,"Ideal","F","SI1",60.9,55,2669,5.74,5.88,3.54
2.13,"Premium","G","SI2",60.7,60,16778,8.27,8.37,5.05
1.27,"Ideal","D","SI1",62.1,55,8256,6.92,6.96,4.31
0.39,"Premium","G","IF",59,60,1300,4.75,4.78,2.81
0.7,"Fair","G","VS1",56.2,65,2384,5.93,5.88,3.32
0.34,"Ideal","G","VVS2",61.6,56,995,4.49,4.47,2.76
0.7,"Ideal","D","VS1",61.4,57,4323,5.71,5.76,3.52
0.34,"Ideal","H","VS2",61.7,57,689,4.48,4.46,2.76
0.8,"Premium","F","SI2",58.5,62,2371,6.08,6.05,3.55
0.56,"Ideal","H","VS1",61.1,57,1715,5.31,5.34,3.25
1.2,"Premium","E","VVS2",61.4,56,11435,6.94,6.83,4.23
0.45,"Fair","E","VS2",66.9,60,980,4.78,4.71,3.18
0.43,"Premium","F","SI2",60.2,60,871,4.91,4.85,2.94
0.95,"Premium","G","SI2",59.5,56,3724,6.41,6.36,3.8
0.67,"Premium","G","SI1",60.5,60,1914,5.69,5.65,3.43
0.52,"Premium","E","VS2",60.6,58,1622,5.23,5.2,3.16
1.53,"Ideal","E","SI2",61.2,57,10339,7.42,7.46,4.55
0.37,"Ideal","E","VVS1",61.5,56,1103,4.59,4.64,2.84
1.04,"Ideal","F","SI1",61.3,56,5495,6.51,6.55,4
0.71,"Good","I","SI1",63.6,63,1774,5.64,5.61,3.58
1.04,"Premium","J","SI1",60.2,56,4036,6.61,6.54,3.96
1.12,"Ideal","G","VS2",62.1,57,6209,6.6,6.63,4.11
0.42,"Good","F","SI1",63.1,56,722,4.79,4.82,3.03
0.91,"Very Good","F","SI2",60.9,58,4054,6.28,6.2,3.8
0.36,"Very Good","D","VS2",64,56,759,4.49,4.51,2.88
0.37,"Good","F","SI1",63.7,55,738,4.59,4.55,2.91
0.52,"Ideal","J","VS2",61.4,57,1151,5.17,5.21,3.19
1.01,"Very Good","J","VS2",60.6,59,4337,6.42,6.45,3.9
1.14,"Premium","H","SI2",60.6,59,4788,6.8,6.77,4.11
1.51,"Ideal","H","VS2",61.4,58,10861,7.36,7.42,4.54
0.3,"Good","H","VVS2",63.7,55,605,4.24,4.27,2.71
0.83,"Very Good","H","VS2",61.7,59,3249,5.95,6.02,3.69
0.5,"Very Good","G","VVS2",60,56,2260,5.18,5.21,3.12
0.32,"Ideal","G","VS1",62.9,57,828,4.4,4.37,2.76
2.12,"Premium","E","SI2",58.3,59,18120,8.48,8.41,4.92
0.5,"Premium","F","SI1",59.1,58,1286,5.23,5.19,3.08
0.57,"Ideal","I","IF",61,55,1779,5.38,5.41,3.29
1.09,"Ideal","I","VS2",61.8,57,5904,6.55,6.59,4.06
0.47,"Ideal","D","VS2",61.9,56,1319,4.99,5.03,3.1
0.29,"Ideal","G","VVS2",61.4,57,607,4.27,4.3,2.63
1,"Premium","G","SI1",60.1,61,3634,6.44,6.4,3.86
0.55,"Ideal","F","SI1",62.4,55,1410,5.23,5.28,3.28
0.7,"Good","I","SI1",58.2,61,2028,5.8,5.84,3.39
2,"Very Good","F","SI1",63.3,56,15851,8,7.93,5.04
0.3,"Ideal","E","VVS2",61.6,57,789,4.29,4.32,2.65
2,"Good","D","SI2",60.3,56,16425,8.08,8.11,4.88
0.42,"Ideal","G","VVS2",62.3,53,961,4.83,4.86,3.02
0.71,"Good","G","SI2",63.6,58,1816,5.6,5.54,3.55
1.01,"Premium","G","VVS2",61.9,60,6470,6.45,6.41,3.98
0.51,"Very Good","E","VS2",63.5,56,1662,5.08,5.06,3.22
1.17,"Very Good","G","VS2",63.2,57,7076,6.73,6.71,4.25
0.31,"Ideal","G","VVS2",62.2,55,565,4.32,4.36,2.7
1.03,"Premium","F","VS2",62.4,58,6307,6.47,6.42,4.02
0.57,"Ideal","E","VS2",61.8,55,1851,5.34,5.38,3.31
0.32,"Ideal","D","VVS2",60.3,58,804,4.43,4.46,2.68
0.7,"Ideal","I","VS2",62.1,54.6,2240,5.68,5.72,3.54
0.93,"Ideal","H","SI1",62,55,3844,6.32,6.29,3.91
0.92,"Very Good","F","SI1",62.2,55,4621,6.19,6.26,3.87
0.31,"Premium","G","SI1",60.7,60,593,4.36,4.34,2.64
1.09,"Ideal","H","SI2",62,57,4264,6.61,6.55,4.08
1.1,"Good","I","SI1",63.7,59,4497,6.56,6.5,4.16
0.31,"Ideal","D","VS2",61.2,55,734,4.35,4.38,2.67
1.01,"Premium","H","SI1",63,60,4642,6.36,6.33,4
1.01,"Premium","F","SI1",58.5,60,4989,6.6,6.57,3.85
0.41,"Ideal","E","VS2",61.8,54,999,4.79,4.76,2.95
1.53,"Ideal","G","VVS2",61.4,59,15275,7.4,7.42,4.55
1.01,"Premium","G","VS1",62.7,58,6618,6.41,6.38,4.01
0.7,"Very Good","G","VS2",63.5,57,2331,5.68,5.66,3.6
1.23,"Good","J","VS2",63.6,57,5386,6.79,6.74,4.3
1.12,"Very Good","G","SI2",63.4,57,3700,6.51,6.47,4.12
0.52,"Premium","H","VVS2",61.1,59,2246,5.21,5.17,3.17
0.41,"Ideal","E","VVS1",61.9,58,1442,4.77,4.8,2.96
1.01,"Very Good","F","VVS1",62.8,60,9667,6.4,6.34,4
0.41,"Premium","D","SI1",61.4,58,1015,4.78,4.76,2.93
1.04,"Premium","H","SI2",62.4,58,3611,6.49,6.4,4.02
1.05,"Premium","F","SI1",61.8,56,5557,6.55,6.45,4.02
0.51,"Ideal","E","SI1",61.5,55,1438,5.16,5.18,3.18
1.2,"Ideal","F","VS2",62.3,55,8486,6.83,6.79,4.24
0.51,"Ideal","G","VVS2",61.8,56,1875,5.1,5.16,3.17
0.71,"Very Good","H","VS1",62.8,58,2277,5.67,5.7,3.57
0.72,"Ideal","H","VS1",61.4,56,2998,5.79,5.81,3.56
0.23,"Premium","D","VVS2",59.6,61,640,4.03,3.99,2.39
0.39,"Ideal","G","VS1",62.2,54.3,853,4.66,4.69,2.91
0.3,"Very Good","G","VVS2",63,57,684,4.28,4.32,2.71
0.42,"Very Good","I","VS1",62.1,57,777,4.78,4.8,2.98
0.3,"Good","G","VVS1",63.1,58,789,4.28,4.31,2.71
0.29,"Ideal","G","VVS1",62.4,56,673,4.22,4.24,2.64
0.25,"Very Good","E","VS2",63.3,56,436,4.01,4.05,2.55
0.71,"Very Good","H","VVS2",61.8,56,2960,5.7,5.73,3.53
1.15,"Very Good","H","SI2",61.9,57,4654,6.68,6.72,4.15
1.12,"Very Good","G","IF",60.9,57,8962,6.68,6.79,4.1
0.34,"Premium","G","VS2",59.6,62,714,4.56,4.54,2.71
0.52,"Ideal","H","SI2",60.5,56,956,5.25,5.23,3.17
0.3,"Very Good","G","VVS2",61.3,58,684,4.28,4.34,2.64
2,"Very Good","J","VVS2",63,59,15076,7.97,8,5.03
0.78,"Very Good","I","SI1",63.5,57,2348,5.79,5.86,3.7
1.18,"Ideal","F","VVS1",61.5,55.6,13257,6.79,6.83,4.19
1.5,"Premium","F","SI1",62.8,56,11154,7.36,7.3,4.6
2,"Very Good","E","SI2",60.5,60,16064,8.03,8.08,4.87
0.43,"Premium","F","SI1",62.6,58,1016,4.81,4.77,3
0.3,"Very Good","D","VS1",61.2,55,610,4.32,4.34,2.65
1.61,"Ideal","G","SI1",61.2,55,11192,7.57,7.62,4.65
0.58,"Very Good","I","VS2",61.7,54.1,1408,5.37,5.4,3.32
0.7,"Ideal","H","SI2",59.9,57,2142,5.77,5.74,3.45
1.03,"Ideal","G","SI2",62.1,56,4407,6.44,6.48,4.01
1.25,"Premium","I","VS1",60.4,59,6545,6.94,7.01,4.21
2,"Premium","J","SI2",59.8,60,11899,8.13,8.09,4.85
0.73,"Very Good","I","VS2",59,61,2329,5.84,5.88,3.46
1.16,"Ideal","F","VVS2",61.8,56.7,10439,6.7,6.78,4.16
1.5,"Fair","D","SI2",68.8,57,7469,6.9,6.86,4.73
0.41,"Ideal","D","VS2",61.7,56,1076,4.81,4.78,2.96
1.01,"Good","E","VS1",63.8,60,7127,6.25,6.23,3.98
0.23,"Very Good","F","VS2",59.1,59,402,4.02,4.07,2.39
0.77,"Premium","H","VS1",61.3,60,2789,5.9,5.88,3.61
0.57,"Ideal","I","VS2",61.6,54,1258,5.35,5.4,3.31
0.7,"Fair","G","VVS2",64.5,61,2595,5.43,5.52,3.53
1.25,"Premium","H","VS1",59.3,57,7560,7.11,7.05,4.2
0.9,"Fair","F","SI2",65.7,63,3062,6.01,5.96,3.93
0.35,"Ideal","I","IF",61.8,55,715,4.55,4.57,2.82
2.13,"Premium","G","SI2",60.7,60,16931,8.37,8.27,5.05
0.38,"Premium","D","VS1",62.4,59,1140,4.63,4.6,2.88
0.4,"Very Good","E","SI1",62.2,56,694,4.71,4.74,2.94
0.41,"Ideal","E","VS2",61.8,56,999,4.78,4.74,2.94
0.3,"Good","I","VVS1",63.8,56,709,4.26,4.23,2.71
1.01,"Ideal","G","IF",60.8,59,8869,6.47,6.5,3.94
0.3,"Ideal","G","VVS1",61.9,54,764,4.33,4.36,2.69
0.41,"Ideal","G","VS1",61.5,56,899,4.77,4.79,2.94
0.54,"Ideal","G","VVS2",61.4,55,1985,5.22,5.3,3.23
0.41,"Premium","H","VVS2",59.8,60,999,4.86,4.79,2.88
1.53,"Very Good","H","SI1",61.3,56,10446,7.42,7.44,4.56
0.7,"Good","G","VS1",64.3,57,2625,5.59,5.64,3.61
1.2,"Very Good","D","SI2",62.9,59,6602,6.7,6.75,4.23
1.02,"Very Good","E","SI1",60.5,63,4813,6.48,6.54,3.94
0.7,"Ideal","G","VS1",61.7,56,2972,5.64,5.71,3.5
2.15,"Very Good","I","SI2",63.4,56,12100,8.2,8.15,5.18
0.56,"Ideal","D","VS1",60.4,56,2026,5.36,5.33,3.23
1,"Premium","F","VS1",62.3,61,7336,6.38,6.33,3.96
1.42,"Premium","H","SI1",62.3,58,8102,7.15,7.19,4.47
1,"Ideal","F","VS2",62.8,57,6209,6.35,6.3,3.97
0.42,"Very Good","H","SI1",62,59,700,4.76,4.79,2.96
2.2,"Very Good","H","SI2",63.3,57,11088,8.28,8.17,5.21
0.3,"Ideal","H","VS2",62,57,457,4.27,4.31,2.66
0.52,"Very Good","H","VS1",59.6,57,1320,5.25,5.34,3.15
0.51,"Ideal","F","VVS2",61.2,56,2093,5.17,5.19,3.17
0.35,"Premium","E","VS1",62.2,58,921,4.5,4.47,2.79
1,"Very Good","H","SI2",62.5,58,4042,6.27,6.36,3.95
0.9,"Premium","H","VVS2",62.4,58,4657,6.15,6.12,3.83
1.17,"Ideal","H","VS2",60.3,61,6324,6.84,6.8,4.11
1.03,"Very Good","D","SI1",63,59,5551,6.39,6.44,4.04
0.34,"Ideal","E","VVS1",62.2,56,1014,4.44,4.46,2.77
1,"Premium","G","SI2",59.4,62,4172,6.5,6.47,3.85
0.4,"Ideal","F","VVS1",61.5,56,1206,4.77,4.73,2.92
1.04,"Ideal","G","VS1",60.7,55,7655,6.57,6.61,4
0.73,"Very Good","E","SI2",63.2,60,2335,5.76,5.71,3.62
0.7,"Very Good","D","VS1",61.6,58,3477,5.67,5.73,3.51
1,"Good","H","SI1",61.2,62,4389,6.32,6.36,3.88
0.51,"Ideal","D","VS2",61.9,57,1787,5.11,5.13,3.17
0.41,"Premium","D","SI1",59.2,62,947,4.85,4.82,2.86
0.38,"Very Good","E","VS2",61.2,56,740,4.67,4.71,2.87
0.51,"Ideal","G","VS1",61.5,54.9,1708,5.13,5.25,3.17
0.73,"Ideal","D","SI2",61.8,57,2671,5.75,5.78,3.56
0.33,"Premium","D","VS2",60.7,58,1002,4.5,4.46,2.72
0.31,"Premium","G","VS1",62.1,58,802,4.35,4.31,2.69
0.3,"Ideal","E","VS2",62.8,56,844,4.32,4.28,2.7
0.71,"Good","E","SI2",62.2,56,2390,5.63,5.66,3.51
0.54,"Premium","D","SI1",60.4,60,1662,5.22,5.24,3.16
1.53,"Ideal","D","SI1",61.2,56,13714,7.48,7.45,4.57
1.01,"Good","H","SI1",60.6,61,4242,6.35,6.39,3.86
0.74,"Ideal","G","SI1",61.9,56,2654,5.8,5.83,3.6
0.62,"Ideal","I","VVS1",61.1,55,2207,5.52,5.57,3.39
0.3,"Ideal","G","IF",61,56,844,4.34,4.37,2.65
0.73,"Ideal","G","VVS2",62.2,55,3183,5.74,5.77,3.58
0.23,"Good","E","VVS2",63.4,61,485,3.85,3.91,2.46
1.99,"Good","J","VS2",62.9,61,13338,7.91,8.06,4.99
0.34,"Ideal","E","IF",62,56,1163,4.47,4.5,2.78
0.72,"Premium","F","SI1",59.5,62,2670,5.85,5.74,3.45
0.4,"Good","I","SI1",63.9,57,596,4.66,4.7,2.99
2.01,"Very Good","H","SI1",62.2,60,17434,8.05,8,4.99
1.22,"Ideal","E","SI2",62.7,57,6343,6.84,6.81,4.28
1.01,"Fair","H","VS1",66.1,55,4044,6.28,6.24,4.14
0.71,"Ideal","F","VS2",61.6,56,3516,5.74,5.77,3.54
1.56,"Ideal","F","SI1",61.2,57,11047,7.48,7.52,4.59
0.57,"Ideal","H","VS1",61.3,56,1554,5.36,5.38,3.29
0.73,"Very Good","E","SI1",57.7,61,2844,5.92,5.96,3.43
0.38,"Premium","D","VS2",58.8,61,1117,4.74,4.71,2.78
0.51,"Very Good","E","SI1",61.6,53,1315,5.16,5.19,3.19
0.37,"Premium","D","VVS1",61.4,58,1069,4.63,4.65,2.85
1.02,"Ideal","I","SI2",62.7,57,3913,6.43,6.4,4.02
1.02,"Very Good","E","IF",58.1,59,11420,6.71,6.75,3.91
0.33,"Very Good","G","SI2",62.9,55,434,4.41,4.46,2.79
0.7,"Ideal","G","VS2",61.5,57,3253,5.7,5.74,3.52
1.62,"Ideal","F","VS1",61.3,56,16790,7.54,7.63,4.65
0.8,"Very Good","H","SI1",62.3,59,2670,5.95,6,3.72
0.34,"Ideal","I","SI1",61.9,57,459,4.49,4.52,2.79
0.76,"Ideal","E","VS1",60.5,56,3649,5.94,5.99,3.61
0.3,"Ideal","F","VVS1",62.6,55,814,4.28,4.31,2.69
1.2,"Premium","I","VS2",62.6,58,5699,6.77,6.72,4.22
0.91,"Very Good","G","SI2",62.9,54,3615,6.14,6.22,3.89
0.7,"Very Good","H","VS2",57.9,62,2508,5.8,5.9,3.39
1.72,"Premium","H","VS2",61.3,59,13486,7.69,7.72,4.72
0.3,"Very Good","G","IF",63.5,55,956,4.28,4.26,2.71
0.72,"Premium","G","SI2",59.1,61,1764,5.89,5.85,3.47
0.91,"Good","G","VVS2",64.1,58,4464,6.1,6.06,3.9
0.74,"Very Good","H","VS2",62.9,57,2451,5.73,5.78,3.62
0.5,"Very Good","E","SI2",59.9,57,1097,5.12,5.16,3.08
1.69,"Premium","I","I1",62.4,60,6320,7.56,7.59,4.73
0.31,"Ideal","G","VS2",61.4,56,544,4.34,4.36,2.67
0.31,"Good","I","SI1",63.8,55,523,4.34,4.31,2.76
0.71,"Premium","D","SI1",61.3,58,2797,5.73,5.75,3.52
0.9,"Good","E","SI2",64.1,57,3139,6.07,6.09,3.9
2.04,"Very Good","H","SI2",60.8,58,14810,8.14,8.23,4.98
1.11,"Premium","I","VS2",60.4,58,4942,6.79,6.73,4.08
0.5,"Ideal","E","VS2",62.1,55,1554,5.11,5.13,3.18
0.41,"Premium","D","SI1",60.5,60,1015,4.81,4.77,2.9
1.09,"Premium","H","VS1",60.2,59,5860,6.71,6.67,4.03
1,"Very Good","G","SI2",62.4,60,4142,6.31,6.36,3.95
0.9,"Good","E","VS2",64.2,59,4315,6.02,6.1,3.89
1.01,"Fair","E","VS2",66.6,55,4525,6.27,6.2,4.15
0.43,"Premium","F","SI1",62.6,58,792,4.77,4.81,3
0.31,"Ideal","E","VS2",61.8,55,680,4.37,4.4,2.71
0.44,"Ideal","E","VVS1",59.9,57,1438,4.93,4.97,2.96
0.57,"Very Good","D","SI2",62.1,58,1387,5.26,5.31,3.28
0.52,"Premium","E","VS2",62.5,56,1815,5.18,5.15,3.23
0.32,"Very Good","G","VVS2",61.9,57,672,4.39,4.41,2.73
1,"Premium","D","VS2",61.2,61,6303,6.39,6.35,3.9
0.54,"Ideal","H","SI2",61.2,56,1208,5.27,5.24,3.21
1.05,"Very Good","D","SI1",60.5,56,5821,6.59,6.7,4
0.51,"Ideal","G","VS1",61.9,56,1668,5.11,5.14,3.17
2.03,"Very Good","G","SI1",60.1,60,18630,8.09,8.18,4.89
0.32,"Ideal","E","VVS1",61.9,55,954,4.38,4.41,2.72
0.52,"Ideal","F","SI2",62.1,55,1191,5.14,5.17,3.2
0.4,"Ideal","I","VS1",61.9,55,919,4.74,4.77,2.94
0.56,"Ideal","F","VS1",61.7,56,1915,5.28,5.32,3.27
0.91,"Premium","E","SI1",62.6,58,4211,6.14,6.17,3.85
1.01,"Premium","D","VVS1",59.3,59,11480,6.56,6.53,3.88
0.9,"Good","H","SI2",64.3,58,3114,5.97,6.03,3.86
1.58,"Premium","H","SI1",61.5,59,10738,7.47,7.45,4.59
1.01,"Very Good","E","VVS1",63.1,59,10760,6.34,6.31,3.99
1.24,"Very Good","G","SI2",60.5,60,6354,6.93,7.01,4.22
0.35,"Ideal","I","VS2",61.4,55,509,4.54,4.58,2.8
1.07,"Premium","H","SI1",59.2,61,5237,6.67,6.65,3.94
0.72,"Very Good","F","SI2",63.1,58,2246,5.69,5.63,3.57
0.7,"Ideal","G","SI1",61.1,57,2312,5.72,5.77,3.51
0.31,"Ideal","D","VS2",60.7,56,734,4.35,4.38,2.65
1.03,"Premium","F","SI2",61.4,57,4586,6.6,6.53,4.03
0.75,"Ideal","E","SI1",61.1,57,2993,5.83,5.86,3.57
0.3,"Premium","E","VS2",62.1,59,844,4.29,4.27,2.66
1.11,"Very Good","F","SI1",60.1,61,5384,6.64,6.74,4.06
0.33,"Premium","F","VVS2",62.5,59,1040,4.47,4.4,2.77
0.4,"Ideal","G","VVS1",62.6,57,995,4.66,4.73,2.94
1.5,"Premium","I","VS2",61.4,58,11655,7.28,7.24,4.46
0.52,"Ideal","G","VS2",62,55,1577,5.19,5.13,3.2
1.32,"Premium","G","SI1",62.1,59,6542,7.03,6.99,4.35
0.36,"Premium","G","SI1",61.8,59,537,4.55,4.57,2.82
1.01,"Good","G","VS1",59.2,63,6407,6.5,6.48,3.84
0.3,"Premium","I","VS1",59.1,59,473,4.35,4.38,2.58
1.01,"Very Good","H","SI1",63.4,58,4642,6.38,6.34,4.03
2.11,"Premium","H","VS2",60.8,61,16395,8.32,8.28,5.05
0.52,"Ideal","F","SI1",60.4,56,1432,5.22,5.28,3.17
0.23,"Very Good","F","VS1",59.8,57,402,4.04,4.06,2.42
0.38,"Premium","G","VS2",60.1,61,983,4.66,4.63,2.79
1.22,"Premium","F","VS2",62.3,57,8731,6.84,6.8,4.25
0.32,"Ideal","G","VS1",62.4,56,679,4.37,4.38,2.73
0.35,"Ideal","G","VVS2",61.2,55,1092,4.62,4.59,2.82
1.31,"Premium","I","SI2",59.1,59,5744,7.2,7.15,4.24
0.53,"Premium","G","VVS2",60.8,58,1914,5.25,5.18,3.17
1.59,"Ideal","H","SI1",61.5,57,10832,7.53,7.59,4.65
1.06,"Ideal","G","VS2",62.2,56,6660,6.51,6.54,4.06
0.34,"Premium","D","VS2",62.1,58,805,4.45,4.5,2.78
0.7,"Fair","H","SI1",64.8,57,1808,5.49,5.59,3.59
0.59,"Ideal","E","VVS1",62,56,2829,5.36,5.38,3.33
0.28,"Ideal","F","VVS2",61.8,56,642,4.21,4.24,2.61
0.31,"Ideal","E","VS2",61.7,56,872,4.35,4.31,2.67
1.61,"Premium","H","SI2",60.3,60,9167,7.66,7.57,4.59
0.23,"Very Good","E","VVS2",64.1,58,505,3.85,3.89,2.48
0.78,"Very Good","J","SI1",58,61,2164,6.07,6.13,3.54
1.31,"Very Good","I","SI2",62.7,58,5916,6.88,6.94,4.33
1.06,"Ideal","I","SI1",62.8,56,4333,6.52,6.47,4.08
1.01,"Premium","E","SI1",59.2,60,5656,6.56,6.51,3.87
0.33,"Premium","F","VS2",62.2,58,666,4.43,4.44,2.76
1.41,"Premium","E","VS2",62.7,56,11644,7.18,7.1,4.48
0.4,"Very Good","H","SI1",62.6,58,666,4.68,4.72,2.94
1.01,"Premium","F","VS2",62.8,59,6533,6.41,6.33,4
1.02,"Premium","G","SI2",62.5,59,4370,6.42,6.37,4
0.9,"Premium","G","SI2",62.4,55,3478,6.17,6.13,3.84
0.93,"Very Good","F","VS2",62.7,58,4925,6.21,6.27,3.91
0.42,"Ideal","E","VS2",62.2,55,1024,4.83,4.79,2.99
1.2,"Very Good","J","SI1",61.4,59,4752,6.82,6.87,4.2
0.34,"Ideal","G","VS2",62.2,55,596,4.47,4.5,2.79
0.71,"Ideal","G","SI1",62.5,57,2215,5.72,5.64,3.55
1.1,"Ideal","F","VVS2",61.2,56,10487,6.66,6.74,4.1
1.01,"Good","F","VS2",60.6,62,6332,6.52,6.49,3.94
0.31,"Ideal","E","VS2",62,56,589,4.36,4.38,2.71
1.57,"Ideal","H","VS2",61.8,55,12004,7.45,7.49,4.62
1,"Very Good","G","VS2",61.5,58,5860,6.36,6.39,3.92
0.71,"Ideal","H","VS2",61.8,55,3080,5.75,5.78,3.56
1.01,"Very Good","E","VVS1",61.6,58,10693,6.45,6.57,4.01
0.34,"Premium","I","VS2",62.1,57,612,4.48,4.44,2.77
0.32,"Ideal","D","VS2",62.6,57,758,4.37,4.41,2.75
0.45,"Ideal","I","VS1",61.6,54,825,4.95,4.99,3.06
0.55,"Ideal","D","VS2",61.4,57,1928,5.27,5.31,3.25
0.71,"Ideal","E","VS2",62.1,57,3191,5.71,5.75,3.56
1.06,"Ideal","F","VVS2",61.1,57,8776,6.62,6.57,4.03
0.31,"Ideal","H","VS1",61.6,56,544,4.34,4.36,2.68
0.3,"Ideal","F","IF",61.4,56,886,4.32,4.34,2.66
0.33,"Ideal","G","VS1",61.6,57,699,4.46,4.49,2.75
0.75,"Ideal","H","SI1",62.1,57,2165,5.82,5.78,3.6
0.31,"Very Good","F","VVS2",62,55,754,4.34,4.38,2.7
0.76,"Ideal","E","SI1",60.6,57,2961,5.91,5.93,3.59
1.01,"Good","D","SI2",63.6,61,3959,6.35,6.33,4.03
1.2,"Ideal","G","VS1",62.4,57,8596,6.74,6.82,4.23
0.33,"Ideal","E","VS2",61.5,55,738,4.47,4.5,2.76
1.51,"Premium","G","SI1",62,58,10020,7.31,7.26,4.52
0.32,"Ideal","D","VS2",62.2,56,972,4.4,4.38,2.73
1.1,"Ideal","H","VS1",61.7,56,6630,6.61,6.65,4.09
1.03,"Premium","H","SI1",62.2,60,4932,6.43,6.4,3.99
0.55,"Ideal","F","VS2",61.7,56,1709,5.25,5.31,3.26
1.38,"Ideal","F","VVS1",62.9,56,15968,7.04,7.1,4.45
0.3,"Premium","I","SI1",60.5,62,506,4.37,4.33,2.63
0.56,"Ideal","E","VS2",62.8,57,1699,5.21,5.23,3.28
0.37,"Ideal","G","VVS2",60.7,55,1073,4.66,4.7,2.84
0.31,"Ideal","I","VS1",61.7,54.6,502,4.38,4.39,2.71
0.59,"Very Good","E","VS1",61.6,61,1993,5.34,5.37,3.3
0.73,"Premium","F","SI2",60.2,59,1971,5.87,5.82,3.52
1.05,"Ideal","G","VVS2",61.9,57,8645,6.51,6.54,4.04
0.51,"Premium","E","SI1",62.9,57,1402,5.11,5.06,3.2
1.83,"Very Good","E","SI2",62.8,56,13134,7.76,7.82,4.89
0.6,"Premium","G","SI1",61.9,61,1646,5.38,5.34,3.32
0.5,"Ideal","G","VS1",62.3,55,1746,5.11,5.07,3.17
0.45,"Ideal","G","VVS1",61.7,56,1297,4.93,4.96,3.05
0.25,"Premium","G","SI2",59,60,1186,5.33,5.28,3.12
0.35,"Very Good","G","VS1",61.2,56,706,4.53,4.56,2.78
0.32,"Premium","H","SI1",61.9,59,576,4.41,4.38,2.72
0.74,"Premium","E","VS1",61.1,58,3462,5.81,5.84,3.56
0.58,"Ideal","E","VVS2",61.8,57,2694,5.37,5.4,3.33
1.11,"Premium","E","VS2",62.2,58,7619,6.61,6.64,4.12
0.85,"Ideal","D","VVS1",62,56,7230,6.05,6.11,3.77
0.53,"Ideal","H","SI2",61.6,54,1020,5.22,5.26,3.23
0.3,"Premium","E","VS2",62.4,59,844,4.3,4.26,2.67
2.04,"Very Good","H","SI2",63.2,58,13790,8.1,8,5.09
0.71,"Fair","F","VS1",57.3,67,2707,5.96,5.76,3.36
1.01,"Ideal","E","SI2",61.2,54,4666,6.49,6.52,3.98
0.72,"Premium","F","VVS2",61.1,58,3250,5.78,5.84,3.55
0.52,"Premium","D","SI1",61.5,55,1651,5.21,5.19,3.2
1.02,"Very Good","F","VS2",61.8,57,6047,6.4,6.44,3.97
1.5,"Very Good","H","VS2",62.8,57,10959,7.25,7.3,4.57
0.58,"Very Good","E","SI1",59.6,57,1453,5.41,5.42,3.23
0.82,"Ideal","D","SI1",61.6,57,4135,6.02,6.06,3.72
1.01,"Fair","D","SI2",64.6,62,4538,6.26,6.21,4.03
0.52,"Ideal","G","SI1",62.2,54,1319,5.16,5.19,3.22
0.5,"Very Good","F","VVS2",62.8,55,2153,5,5.13,3.18
1.03,"Good","F","SI2",59,59,4414,6.55,6.6,3.88
1.73,"Premium","G","VS2",62.9,58,16960,7.65,7.58,4.79
2.11,"Premium","G","SI2",61.4,62,13069,8.25,8.21,5.05
0.71,"Ideal","D","SI2",61.6,55,2767,5.74,5.76,3.54
0.76,"Ideal","D","VS2",61.2,57,3384,5.91,5.89,3.61
0.9,"Ideal","G","SI1",61.9,55,4161,6.18,6.23,3.84
1.04,"Premium","G","SI2",62.9,58,4277,6.47,6.43,4.06
1.37,"Very Good","E","SI2",62.5,59,7365,6.98,7.04,4.38
1.21,"Fair","J","SI1",65,59,4147,6.64,6.57,4.29
0.34,"Very Good","H","VVS2",62.7,59,686,4.43,4.47,2.79
0.4,"Very Good","E","SI1",62,55,737,4.68,4.74,2.92
0.33,"Ideal","G","SI1",61.3,56,475,4.45,4.49,2.74
0.31,"Ideal","D","SI1",62.5,53,533,4.34,4.37,2.72
1.04,"Ideal","H","SI2",61.1,56,4368,6.66,6.6,4.05
1.5,"Very Good","I","SI2",60.8,58,7392,7.24,7.34,4.43
0.6,"Ideal","I","SI2",61.9,55,1182,5.43,5.46,3.37
1.26,"Ideal","G","SI1",59.6,57,6738,7.08,7.04,4.21
0.3,"Ideal","H","VS1",62.7,55,526,4.25,4.3,2.68
1.75,"Ideal","H","VS2",62.2,56.3,14033,7.66,7.71,4.79
0.31,"Ideal","F","VS2",62.3,55,802,4.37,4.33,2.71
0.91,"Premium","I","SI2",62,59,2913,6.18,6.23,3.85
0.82,"Premium","G","SI1",61.8,58,3674,6.02,5.98,3.71
1.06,"Very Good","E","SI2",61.7,62,4570,6.5,6.54,4.02
1,"Good","D","SI2",61.1,61,4727,6.37,6.43,3.91
1.01,"Good","D","IF",63.4,59,15081,6.26,6.39,4.01
1.53,"Premium","F","SI2",62.6,57,9716,7.37,7.33,4.6
1,"Premium","H","SI2",59.4,60,3080,6.49,6.4,3.83
0.4,"Very Good","E","VS1",60.3,58,980,4.8,4.82,2.9
0.47,"Ideal","H","VS2",62.7,55,989,4.95,5.08,3.15
0.41,"Very Good","H","VVS2",62,56,873,4.77,4.81,2.97
0.73,"Fair","E","VVS2",57.4,59,3813,5.99,5.95,3.43
2.01,"Premium","H","VS2",61.6,61,17191,8.14,8.07,4.99
1.5,"Ideal","F","SI1",60.9,56,8770,7.43,7.36,4.5
1.64,"Ideal","J","VS2",62.4,54.5,9251,7.53,7.57,4.71
1.63,"Premium","F","SI1",59.7,62,12394,7.73,7.65,4.59
0.43,"Ideal","F","SI1",61.6,57,792,4.8,4.85,2.97
0.31,"Very Good","E","VVS2",61.5,55,710,4.37,4.41,2.7
2.1,"Fair","G","I1",64.6,58,6597,8.05,8.01,5.19
0.7,"Very Good","H","VS2",61.8,58,2042,5.66,5.73,3.52
0.7,"Premium","F","SI2",62.6,58,2075,5.64,5.6,3.52
0.76,"Ideal","I","VS2",61.8,58,2551,5.84,5.87,3.62
0.7,"Ideal","F","VS1",62.4,56,2874,5.69,5.65,3.54
0.5,"Very Good","F","VS2",63,58,1436,5.05,5.08,3.19
0.5,"Fair","E","VS2",66.3,55,1397,4.98,4.94,3.29
0.43,"Ideal","G","IF",62.4,54,1318,4.84,4.87,3.03
0.3,"Premium","E","VS2",61.7,58,658,4.32,4.34,2.67
0.34,"Ideal","I","VS1",61.8,55,555,4.48,4.52,2.78
1.01,"Very Good","G","VS1",62.2,53,6613,6.48,6.54,4.05
1.23,"Premium","H","VS2",59.3,58,5979,7,6.94,4.13
0.5,"Premium","G","SI1",63,56,1138,5.07,5.02,3.18
0.78,"Ideal","H","VVS2",61.7,55,3015,5.9,5.94,3.65
0.38,"Ideal","H","VS1",62.1,55.4,714,4.63,4.68,2.89
1.14,"Fair","G","VS1",57.5,67,6381,0,0,0
0.6,"Very Good","F","VS2",59.5,57.8,1940,5.48,5.56,3.28
1.15,"Ideal","E","SI1",62.7,56,5526,6.73,6.7,4.21
0.41,"Very Good","G","VS1",60.5,56,823,4.83,4.85,2.93
0.35,"Ideal","G","VS1",62.6,54,706,4.52,4.56,2.84
0.71,"Very Good","H","VVS2",62.5,56,2594,5.65,5.68,3.54
0.26,"Premium","E","VS1",61.9,58,452,4.1,4.11,2.54
0.7,"Very Good","G","VVS1",62.8,56,3276,5.63,5.67,3.55
0.65,"Ideal","F","VS1",62.2,57,2340,5.6,5.53,3.46
0.32,"Ideal","G","IF",62.2,53,918,4.41,4.43,2.75
0.53,"Very Good","E","SI1",63.6,57,1432,5.12,5.16,3.27
1.02,"Premium","G","VS1",62,56,6683,6.5,6.43,4.01
0.34,"Ideal","G","VS2",62.1,57,765,4.5,4.46,2.78
0.75,"Ideal","F","VVS2",61.9,54,3710,5.83,5.84,3.61
0.65,"Premium","D","VS1",59.4,62,2387,5.72,5.66,3.38
0.4,"Ideal","D","SI1",62.1,56,990,4.74,4.7,2.93
0.5,"Premium","D","SI1",61.4,59,1363,5.12,5.08,3.13
0.5,"Ideal","F","SI1",61.3,56,1317,5.13,5.09,3.13
0.9,"Very Good","D","SI1",62.5,59,4466,6.13,6.19,3.85
2.17,"Premium","F","SI2",59.3,61,13084,8.6,8.53,5.08
1.14,"Premium","I","VS1",62.3,59,5291,6.69,6.64,4.15
1.7,"Premium","G","VVS2",61.5,60,17228,7.64,7.59,4.68
0.3,"Premium","H","VVS1",60.7,58,796,4.38,4.35,2.65
0.4,"Very Good","G","VVS2",61.1,58,1033,4.73,4.76,2.9
1.05,"Premium","D","SI2",58.9,58,5134,6.74,6.67,3.95
0.5,"Ideal","F","SI1",60.1,56,1232,5.19,5.22,3.13
0.41,"Premium","G","VS2",60.7,59,772,4.8,4.85,2.93
1.04,"Premium","D","SI2",61,59,4811,6.54,6.51,3.98
0.71,"Ideal","E","VS1",62,56,3516,5.72,5.74,3.55
0.55,"Ideal","E","SI1",61.6,56,1621,5.26,5.28,3.25
0.91,"Fair","H","SI2",61.3,67,2825,6.24,6.19,3.81
2.01,"Ideal","G","VS2",63,56,18172,8,7.93,5.02
0.32,"Ideal","H","VVS1",61.9,56,936,4.41,4.38,2.72
0.25,"Very Good","G","VVS1",61.8,56,525,4.03,4.06,2.5
0.72,"Premium","J","I1",62.9,59,945,5.8,5.63,3.58
1.36,"Good","F","SI1",57.5,60,7197,7.36,7.31,4.22
0.54,"Ideal","D","SI1",62.1,55,1607,5.18,5.23,3.23
1,"Ideal","I","SI1",61.5,57,4649,6.39,6.43,3.94
0.32,"Ideal","E","VS2",61.6,55,900,4.42,4.41,2.72
1.01,"Very Good","F","SI2",63.1,57,4072,6.37,6.3,4
1.01,"Good","F","VS2",64.1,59,6037,6.16,6.23,3.97
1.37,"Premium","J","SI2",60.7,60,5156,7.19,7.07,4.33
0.4,"Good","D","SI1",63.5,55,720,4.67,4.72,2.98
0.51,"Ideal","E","SI1",59.6,57,1438,5.2,5.24,3.11
2.3,"Ideal","I","SI2",61.8,57,16329,8.48,8.45,5.23
0.7,"Ideal","E","SI2",62.2,56,2560,5.67,5.64,3.52
0.3,"Good","J","VS1",63.6,52,506,4.29,4.27,2.72
1.02,"Very Good","G","VS2",60.9,56,6432,6.47,6.51,3.95
1.01,"Very Good","E","VS2",64,56,6771,6.22,6.37,4.03
1.16,"Good","H","SI1",64,58,5576,6.56,6.63,4.22
0.41,"Very Good","G","VS2",59.9,59,827,4.82,4.86,2.9
1.63,"Very Good","G","SI1",62.5,58,11990,7.48,7.44,4.66
0.43,"Ideal","H","VVS2",62.3,55,943,4.82,4.85,3.01
0.34,"Premium","G","VS2",60.2,58,765,4.55,4.52,2.73
1.01,"Ideal","F","SI2",62.4,56,3733,6.44,6.38,4
0.5,"Premium","E","VS2",61.4,58,1624,5.07,5.12,3.13
1,"Very Good","D","SI1",59.3,61,5987,6.45,6.5,3.84
0.23,"Very Good","F","VVS1",63.2,58,505,3.89,3.93,2.47
1.06,"Very Good","E","SI1",61.4,58,5090,6.53,6.62,4.04
0.9,"Good","E","SI1",63.5,55,3570,6.12,6.22,3.92
1.01,"Good","E","SI2",61.4,64,4285,6.29,6.42,3.9
1.11,"Ideal","I","SI2",61.9,57,4457,6.66,6.62,4.11
0.33,"Very Good","D","VVS2",61.9,56,856,4.44,4.48,2.76
0.9,"Very Good","E","SI1",61.8,60,4054,6.14,6.2,3.81
1.03,"Very Good","H","SI1",61.4,57,4879,6.45,6.54,3.99
1.54,"Premium","H","I1",62,60,4980,7.32,7.4,4.56
0.51,"Premium","E","VVS2",62.1,57,2185,5.18,5.15,3.21
0.52,"Premium","E","SI1",61.6,58,1605,5.17,5.12,3.17
0.3,"Very Good","F","SI1",60.3,61,471,4.31,4.34,2.61
0.6,"Premium","E","SI2",62,59,1426,5.41,5.37,3.34
0.3,"Premium","E","VS2",60.7,59,658,4.3,4.33,2.62
0.24,"Ideal","G","IF",61.8,55,559,3.99,4.02,2.47
0.43,"Premium","F","VS1",61,57,1129,4.89,4.84,2.97
1.01,"Premium","F","SI1",62.2,59,5345,6.41,6.36,3.97
0.34,"Ideal","F","SI1",63,54,727,4.5,4.48,2.83
0.97,"Good","J","VS2",64.3,58,3129,6.25,6.22,4.01
1.21,"Ideal","G","VVS2",59.4,59,9954,6.92,7.01,4.14
0.3,"Ideal","H","VVS1",61.1,56,650,4.33,4.37,2.66
0.66,"Ideal","H","SI1",60.9,55,1780,5.63,5.7,3.45
0.71,"Very Good","D","VS2",61.8,55,3084,5.72,5.74,3.54
0.33,"Ideal","E","VS1",62.6,57,1002,4.42,4.4,2.76
0.92,"Good","H","VS2",63.4,57,4247,6.11,6.17,3.89
0.9,"Good","H","SI1",63.1,63,3484,6.04,6.1,3.83
0.44,"Premium","F","VVS2",61.6,58,1253,4.89,4.85,3
0.34,"Ideal","E","SI1",62.2,54,714,4.5,4.47,2.79
0.32,"Ideal","G","VS2",61.5,57,720,4.41,4.4,2.71
0.5,"Good","J","SI1",63.3,60,877,4.97,4.99,3.15
0.55,"Ideal","F","VS2",61.7,57,1819,5.29,5.24,3.25
0.35,"Premium","E","VS2",61.6,58,984,4.57,4.52,2.8
0.41,"Ideal","F","VVS1",62.3,55,1295,4.74,4.79,2.97
0.8,"Good","G","SI1",65.3,57,2662,5.78,5.85,3.8
0.31,"Ideal","E","VVS1",59.7,60,853,4.41,4.43,2.64
0.33,"Ideal","G","VVS1",60.9,57,838,4.49,4.51,2.74
0.57,"Ideal","F","VVS2",61.5,57,2360,5.36,5.31,3.28
0.72,"Ideal","H","VVS1",61.8,55,3180,5.74,5.78,3.56
0.55,"Ideal","E","VS1",61.5,57,1857,5.27,5.23,3.23
0.7,"Very Good","H","VS1",63.3,59,2484,5.62,5.66,3.57
0.53,"Ideal","G","VVS1",61.6,57,2153,5.2,5.22,3.21
0.36,"Ideal","E","VS2",61.5,56.2,801,4.56,4.6,2.82
0.53,"Premium","E","SI2",62.2,57,984,5.2,5.16,3.22
0.31,"Ideal","D","IF",61.1,56,1310,4.42,4.39,2.69
1.01,"Ideal","G","VVS2",62.2,54,8104,6.41,6.48,4.01
0.71,"Ideal","D","VS1",60.4,60,3576,5.77,5.82,3.5
0.41,"Ideal","H","IF",61.8,55,1243,4.79,4.76,2.95
1.22,"Premium","D","SI2",61.8,58,5643,6.86,6.8,4.22
1.04,"Premium","G","VVS2",61.8,58,7953,6.47,6.51,4.01
0.69,"Good","E","VS2",58.7,64,2057,5.73,5.79,3.38
0.7,"Very Good","E","VS2",60.2,62,2843,5.71,5.75,3.45
0.41,"Ideal","G","VS1",59.8,57,899,4.81,4.86,2.89
0.92,"Very Good","H","VS1",62.9,58,4228,6.17,6.2,3.89
0.59,"Ideal","F","VVS1",62.4,56,2625,5.36,5.38,3.35
1.2,"Good","I","SI1",63.9,56,5211,6.62,6.69,4.25
1.51,"Very Good","G","SI1",62.9,58,9841,7.25,7.28,4.57
0.38,"Ideal","G","SI2",61.7,56,587,4.64,4.67,2.87
0.31,"Ideal","D","VS2",61.6,55,734,4.36,4.37,2.69
0.56,"Ideal","F","VS2",61.8,55,1950,5.3,5.34,3.29
0.41,"Very Good","J","VS2",63.4,56,784,4.73,4.7,2.99
0.91,"Good","H","VS2",63.1,59,3921,6.13,6.16,3.88
0.75,"Good","G","VVS1",58.4,56,3188,5.98,6.06,3.52
0.33,"Ideal","H","VS1",61.4,57,743,4.49,4.44,2.74
0.26,"Ideal","F","VS1",62.3,56,452,4.08,4.1,2.55
0.9,"Good","G","SI1",64.1,59.4,3816,6.04,6.08,3.88
1.13,"Ideal","E","VVS1",61.8,57,13485,6.66,6.71,4.13
0.7,"Premium","F","VS2",62.5,56,2648,5.67,5.63,3.53
1.52,"Very Good","H","SI1",62.5,58,10145,7.28,7.34,4.57
2.41,"Good","I","SI2",57.7,61,17923,8.87,8.83,5.11
0.37,"Ideal","J","VS1",62.4,55,624,4.64,4.59,2.88
0.33,"Ideal","D","SI2",62.4,56,492,4.41,4.44,2.76
0.31,"Ideal","G","IF",61.7,55,891,4.36,4.39,2.7
0.35,"Very Good","D","VVS2",60,56,1162,4.61,4.63,2.77
1.39,"Good","F","SI2",63.8,55,7096,7.08,7.05,4.51
0.91,"Ideal","F","SI2",62.4,57,3812,6.18,6.22,3.87
0.41,"Very Good","G","VS1",60.5,57,899,4.81,4.85,2.92
0.37,"Ideal","I","VS2",61.2,56,603,4.62,4.66,2.84
0.31,"Ideal","F","VVS1",60.7,56,878,4.4,4.37,2.66
0.51,"Very Good","D","SI1",63.2,55,1562,5.12,5.07,3.22
1.32,"Premium","J","SI2",61.2,59,4160,7.08,7.04,4.32
1.12,"Premium","H","SI1",61.2,59,4641,6.69,6.65,4.08
1.08,"Very Good","F","SI1",62.9,57,5014,6.53,6.54,4.11
0.26,"Ideal","H","VVS1",61.2,56,468,4.11,4.16,2.53
1.01,"Premium","H","SI1",61.2,59,4191,6.45,6.4,3.93
0.25,"Very Good","E","VVS2",63,55,575,4,4.03,2.53
0.37,"Ideal","F","SI2",60.9,56,572,4.65,4.68,2.84
0.33,"Ideal","G","VVS1",62.2,57,868,4.41,4.46,2.76
1.19,"Very Good","H","VS2",61.1,58,6086,6.81,6.83,4.17
0.3,"Premium","I","VS1",58.8,61,608,4.43,4.38,2.59
1.01,"Good","G","VVS1",63.1,59,7279,6.33,6.42,4.02
0.74,"Very Good","F","SI1",62.7,58,2715,5.71,5.78,3.6
0.81,"Premium","G","VS2",61.2,60,3084,6,5.99,3.67
1.28,"Ideal","H","VS2",62.3,56,7098,6.97,6.89,4.32
1,"Very Good","G","VS2",63.4,57,5806,6.31,6.27,3.99
1.01,"Very Good","I","SI1",62.1,58,4681,6.37,6.39,3.96
0.72,"Premium","F","VVS1",62.8,58,3689,5.75,5.68,3.59
0.34,"Premium","H","VS1",60.8,59,596,4.48,4.53,2.74
0.34,"Premium","E","SI1",59.6,57,765,4.61,4.52,2.72
0.42,"Very Good","F","SI1",60.6,61,722,4.83,4.87,2.94
0.78,"Premium","H","SI1",60,60,2489,5.93,5.92,3.62
0.36,"Ideal","G","VVS2",61.5,55,794,4.58,4.62,2.83
1.15,"Very Good","D","SI1",61.7,58,5932,6.69,6.76,4.15
0.55,"Ideal","H","IF",61.5,55,2120,5.25,5.29,3.25
0.28,"Ideal","E","VVS2",62.1,56,646,4.19,4.21,2.61
0.36,"Premium","E","SI1",60.8,59,810,4.59,4.56,2.78
0.38,"Ideal","E","SI2",61.8,56,628,4.62,4.66,2.87
0.51,"Ideal","D","SI2",62.5,55,1359,5.15,5.12,3.21
2.51,"Very Good","I","SI2",62.3,57,18090,8.69,8.76,5.44
0.31,"Good","F","VS2",63.7,59,583,4.26,4.31,2.73
0.34,"Ideal","G","VVS2",62.1,55,995,4.48,4.44,2.77
0.43,"Very Good","I","SI2",61.5,54,691,4.86,4.89,3
2.11,"Very Good","I","VS2",60.3,60.5,16363,8.22,8.29,4.98
0.7,"Very Good","F","VVS1",63.1,58,3622,5.6,5.66,3.55
0.31,"Ideal","H","VVS1",61.5,56,907,4.38,4.34,2.68
0.37,"Very Good","E","VVS2",61.2,55,779,4.63,4.68,2.85
0.38,"Good","H","VS1",64.4,57,721,4.54,4.59,2.94
0.72,"Ideal","H","VVS1",62.8,57,2907,5.68,5.72,3.58
1.14,"Ideal","D","SI2",61.4,56,5548,6.69,6.77,4.13
0.8,"Premium","D","SI1",59.4,55,3226,6.06,6.02,3.59
0.31,"Ideal","G","VS2",61.5,56,652,4.34,4.36,2.68
1.02,"Premium","G","SI1",61,59,4633,6.44,6.48,3.94
1.51,"Fair","D","VS2",66,57,15152,7.17,7.08,4.7
0.54,"Ideal","D","VS1",62.1,57,2004,5.19,5.22,3.23
0.93,"Premium","H","SI1",61.8,59,3750,6.27,6.23,3.86
1.5,"Good","I","SI1",64,60,8736,7.25,7.13,4.6
0.7,"Premium","E","SI2",61.8,58,2037,5.73,5.7,3.53
0.33,"Ideal","E","VS1",62.6,57,781,4.4,4.42,2.76
0.4,"Ideal","E","VVS1",61.3,56,1824,4.78,4.75,2.92
1.01,"Premium","F","VS2",60.9,58,6446,6.47,6.41,3.92
1.02,"Very Good","J","SI2",62.6,60,3534,6.39,6.42,4.01
1,"Ideal","G","VS2",58.9,60,6235,6.53,6.58,3.86
0.72,"Ideal","D","SI1",61.5,54,2804,5.77,5.8,3.56
1,"Premium","I","SI2",61.6,59,3780,6.41,6.34,3.93
0.3,"Premium","D","VS2",61.7,59,911,4.28,4.25,2.63
0.53,"Ideal","F","SI1",62.4,57,1268,5.18,5.21,3.24
1.62,"Good","H","VS2",61.5,60.8,12429,7.48,7.53,4.62
0.91,"Premium","D","SI2",61.1,60,4051,6.29,6.24,3.83
0.67,"Good","G","VS2",57.5,60.1,2131,5.78,5.83,3.34
1.5,"Premium","F","VS2",61.1,58,14199,7.36,7.33,4.49
0.41,"Premium","J","VS1",62.1,58,647,4.75,4.79,2.96
0.54,"Premium","F","VS2",59.5,58,1786,5.36,5.29,3.17
0.9,"Premium","J","VS2",59.8,62,2863,6.24,6.21,3.72
1,"Good","G","VS2",59.1,62,6369,6.42,6.45,3.8
0.31,"Good","F","VS1",63.9,55,607,4.27,4.3,2.74
2.32,"Very Good","I","SI1",63.2,59,18371,8.55,8.44,5.37
1.03,"Premium","F","VVS2",61.3,57,8527,6.53,6.49,3.99
1.27,"Very Good","H","VS2",59.2,58,7176,7.07,7.15,4.21
0.38,"Ideal","E","VS2",62,54.2,805,4.66,4.68,2.89
0.51,"Good","G","VVS2",63.1,58,1875,5.07,5.11,3.21
0.3,"Premium","G","VS1",62.9,58,776,4.32,4.27,2.7
0.3,"Good","J","VVS2",57.4,61,483,4.41,4.44,2.54
0.7,"Very Good","G","VS1",62.5,58,2437,5.63,5.69,3.54
1.14,"Very Good","F","SI2",62.9,59,4652,6.62,6.64,4.17
0.33,"Ideal","G","VS1",61.9,55,699,4.44,4.49,2.77
1,"Ideal","E","SI2",61.9,56,4766,6.39,6.43,3.97
1.55,"Ideal","J","VS2",61.7,57,7416,7.37,7.42,4.56
0.36,"Premium","I","IF",59.9,59,758,4.58,4.63,2.76
1.04,"Very Good","D","SI2",58.2,59,4252,6.62,6.67,3.87
0.75,"Very Good","G","VS2",63.4,56,2808,5.78,5.74,3.65
1.02,"Very Good","D","VS2",63.7,55,6830,6.42,6.45,4.1
0.91,"Good","I","SI2",57.9,60,3061,6.46,6.39,3.72
0.74,"Ideal","F","VS1",62,54,3694,5.85,5.81,3.62
1.24,"Premium","G","VS1",62,59,7660,6.88,6.92,4.28
0.36,"Ideal","I","IF",62,55,735,4.59,4.61,2.85
0.57,"Premium","G","VS2",59.7,59,1728,5.41,5.37,3.22
1.02,"Ideal","D","VVS2",61,56,11765,6.52,6.55,3.99
0.72,"Good","J","SI1",60.1,64,1547,5.75,5.83,3.48
0.55,"Ideal","F","SI2",62.4,56,1175,5.22,5.26,3.27
0.24,"Very Good","D","VVS1",59.2,59,478,4.04,4.1,2.41
1.51,"Very Good","G","VS2",64,56,13068,7.22,7.3,4.65
0.51,"Ideal","H","IF",59.6,59,2063,5.2,5.24,3.11
1.15,"Ideal","G","VS2",61.4,57,6492,6.78,6.74,4.15
0.31,"Ideal","E","VS2",60.8,54,680,4.39,4.4,2.67
0.63,"Ideal","I","VS2",62.1,54,1423,5.51,5.54,3.43
0.91,"Good","E","VS2",63.1,58,4345,6.13,6.19,3.89
1,"Very Good","E","VS1",61.2,57,7002,6.43,6.47,3.95
0.4,"Ideal","H","VS2",60.9,56,919,4.79,4.83,2.93
2,"Premium","E","SI2",61.8,56,18426,8.12,8.05,5
0.35,"Premium","F","SI1",62.3,58,583,4.49,4.53,2.81
0.31,"Ideal","G","VVS1",60.2,58,789,4.37,4.4,2.64
1.27,"Premium","I","SI1",60.9,59,5588,6.94,6.99,4.24
0.5,"Very Good","F","VS1",61.4,58,1849,5.05,5.14,3.13
0.58,"Ideal","E","VS2",61.6,55,2357,5.36,5.39,3.31
0.3,"Ideal","D","VS2",61.4,54,911,4.34,4.33,2.66
1.45,"Premium","H","VS2",58.4,59,9216,7.44,7.42,4.34
1,"Fair","J","VS2",65.3,61,3422,6.33,6.13,4.03
0.84,"Very Good","F","VVS2",60.4,62,4318,6.1,6.15,3.7
0.3,"Ideal","J","IF",61.5,56,489,4.32,4.33,2.66
0.27,"Very Good","D","VVS2",62.2,59,622,4.08,4.12,2.55
0.9,"Very Good","H","VS1",61.5,59,4136,6.13,6.19,3.79
1,"Very Good","E","I1",63,57,3300,6.32,6.35,3.99
0.7,"Very Good","E","VS2",62.8,57,2553,5.66,5.68,3.56
1.19,"Premium","H","SI1",62.7,56,5802,6.76,6.7,4.22
2.05,"Ideal","J","VVS2",62.7,56,17214,8.18,8.11,5.11
1.26,"Ideal","G","VS1",62.3,57,6604,6.93,6.87,4.3
0.31,"Ideal","D","VS1",60.6,57,713,4.36,4.39,2.65
0.9,"Premium","J","VS1",62.3,56,3175,6.23,6.19,3.87
1,"Good","G","VS2",59.9,57,5667,6.45,6.51,3.88
1.06,"Ideal","I","SI1",61.8,55,5697,6.54,6.57,4.04
0.31,"Premium","G","VVS1",60.2,59,1046,4.43,4.38,2.65
0.7,"Ideal","E","SI2",62.9,56,2100,5.66,5.6,3.54
1.6,"Ideal","H","SI2",62.1,56,9275,7.43,7.51,4.64
0.5,"Premium","F","VS1",60.6,59,1764,5.19,5.14,3.13
0.33,"Premium","G","VS1",62.2,58,666,4.39,4.42,2.74
1.05,"Very Good","E","SI2",63.2,59,4281,6.43,6.36,4.04
0.3,"Very Good","G","VS1",62.1,60,605,4.24,4.3,2.65
0.33,"Premium","E","SI1",60.4,59,743,4.47,4.43,2.69
0.38,"Ideal","H","SI1",61.2,56,834,4.68,4.63,2.85
0.51,"Ideal","G","VS1",60.4,59,1668,5.16,5.21,3.13
0.31,"Ideal","D","VS2",61.8,55,734,4.33,4.37,2.69
0.45,"Ideal","I","IF",62,54,1043,4.94,4.97,3.07
0.81,"Premium","E","SI2",62.5,59,2901,5.97,5.9,3.71
0.53,"Good","J","VS2",63.3,56,1023,5.12,5.18,3.26
1.06,"Very Good","H","SI2",62.4,54,4516,6.5,6.54,4.07
0.57,"Ideal","F","VS1",61.9,55,2189,5.34,5.32,3.3
1.17,"Ideal","G","VVS2",61.6,56,9630,6.77,6.83,4.18
1.04,"Premium","E","SI2",61.6,59,4240,6.57,6.55,4.04
0.38,"Ideal","E","IF",62.7,55,1433,4.61,4.67,2.91
2.01,"Fair","G","SI2",65.9,57,10887,7.85,7.78,5.15
0.42,"Ideal","H","VS2",62.5,57,992,4.81,4.76,2.99
0.57,"Ideal","F","VVS2",61.6,57,2322,5.32,5.36,3.29
0.43,"Ideal","E","SI1",62.6,56,760,4.79,4.82,3.01
1,"Very Good","H","SI1",62.3,60,4702,6.34,6.38,3.96
0.33,"Ideal","E","VS1",62.3,56,850,4.41,4.45,2.75
0.31,"Ideal","D","VS2",61.2,55,734,4.37,4.39,2.68
0.34,"Ideal","F","VS2",62.6,54,880,4.48,4.46,2.8
1.07,"Premium","F","SI2",61.7,58,4446,6.58,6.55,4.05
0.6,"Good","J","VS1",58.9,60.5,1306,5.5,5.57,3.26
1.07,"Ideal","F","SI1",62.3,53,6049,6.57,6.59,4.1
0.71,"Ideal","D","VS2",60.9,56,4029,5.76,5.79,3.52
0.71,"Premium","E","SI2",59,60,2410,5.9,5.87,3.47
0.74,"Ideal","G","SI1",61.6,55,2760,5.8,5.85,3.59
0.34,"Ideal","H","IF",60.8,56,988,4.56,4.55,2.77
1.12,"Premium","E","SI1",58.8,61,5547,6.8,6.74,3.98
1,"Very Good","E","SI2",63.5,54,4480,6.41,6.35,4.05
0.87,"Very Good","D","SI1",60.2,60,3664,6.12,6.17,3.7
0.7,"Ideal","H","VS1",61.7,55,3004,5.69,5.72,3.52
0.49,"Premium","E","VS1",58.1,62,1577,5.2,5.13,3
1.02,"Ideal","I","SI1",61.3,56,4455,6.52,6.47,3.98
0.24,"Ideal","F","VS1",62.7,54,572,3.99,4.02,2.51
1.51,"Premium","G","VVS2",60.9,58,15303,7.42,7.38,4.51
1.01,"Very Good","G","VVS2",60.8,59,7847,6.42,6.5,3.93
0.9,"Very Good","E","SI1",63.6,57,3863,6.08,6.12,3.88
0.78,"Premium","F","SI2",60.6,57,2340,5.98,5.94,3.61
1.17,"Ideal","G","VVS2",61.7,55,8947,6.74,6.77,4.17
1.52,"Premium","H","SI2",62,58,7764,7.37,7.34,4.56
1.01,"Ideal","D","VVS1",62.5,55,11767,6.44,6.39,4.01
0.41,"Very Good","H","SI1",58.1,61,778,4.91,4.97,2.87
0.51,"Very Good","G","VVS2",62.2,56,1762,5.1,5.13,3.18
2.39,"Premium","I","VS1",61.2,60,17642,8.63,8.6,5.27
0.5,"Good","F","VS1",61.5,61,1613,5.01,5.07,3.1
0.56,"Very Good","D","IF",60.7,56,4440,5.34,5.36,3.25
1.02,"Very Good","H","SI1",62.6,59,4604,6.38,6.43,4.01
0.42,"Ideal","F","VS1",61.4,57,1031,4.78,4.83,2.95
2.09,"Ideal","G","SI2",62.5,57,11119,8.21,8.14,5.11
1.02,"Premium","H","SI1",61.2,57,4819,6.54,6.5,3.99
1.01,"Very Good","F","VS2",61.6,57,6773,6.39,6.46,3.96
1.24,"Very Good","E","VS1",62,58,10185,6.9,6.96,4.3
1.25,"Premium","G","VS2",62.6,58,8820,6.87,6.8,4.28
0.41,"Ideal","F","VVS2",60.6,57,1192,4.86,4.81,2.93
0.91,"Very Good","F","VVS2",62.6,59,5733,6.1,6.16,3.84
0.3,"Ideal","E","VS2",61.5,56,844,4.33,4.29,2.65
0.67,"Premium","E","SI1",59.2,61,1910,5.74,5.72,3.39
0.71,"Very Good","G","VS2",63.1,54,2574,5.64,5.7,3.58
1.22,"Premium","F","VS2",62,58,8733,6.89,6.86,4.26
0.93,"Ideal","H","SI1",62.4,55,4635,6.2,6.24,3.88
0.52,"Very Good","F","VVS2",62.9,57,2035,5.11,5.13,3.22
0.33,"Very Good","E","VVS1",61.8,54,945,4.47,4.49,2.77
1.75,"Very Good","H","SI2",60.8,60,10727,7.72,7.8,4.72
0.33,"Ideal","G","VS1",61.9,54,666,4.44,4.48,2.76
0.55,"Ideal","E","VS1",61.9,55,2079,5.3,5.24,3.25
0.24,"Premium","E","VVS1",60.3,61,668,4.06,4.03,2.44
0.43,"Ideal","I","VVS1",61.6,54,848,4.88,4.92,3.02
0.56,"Ideal","E","VS2",61.6,57,1625,5.3,5.32,3.27
0.23,"Fair","G","VVS2",61.4,66,369,3.87,3.91,2.39
0.3,"Premium","F","VVS2",61.4,59,945,4.36,4.31,2.66
0.76,"Ideal","F","IF",59.6,58,4596,5.95,5.96,3.55
0.43,"Premium","D","VS2",60.2,59,1129,4.92,4.88,2.95
2,"Premium","G","SI2",61.1,60,13986,8.1,8.03,4.93
1.21,"Very Good","J","VS2",63,57,4691,6.73,6.77,4.25
1.01,"Premium","G","SI1",62.1,56,4805,6.42,6.36,3.97
1.17,"Premium","I","SI1",62.6,58,4914,6.71,6.64,4.18
0.41,"Ideal","G","VS2",62.5,54,1061,4.78,4.75,2.98
0.63,"Good","F","SI2",64.2,56,1240,5.4,5.34,3.45
0.32,"Very Good","H","VS1",61.7,61,561,4.38,4.43,2.72
1.03,"Ideal","F","SI2",61.6,55,4769,6.49,6.46,3.99
0.7,"Good","H","VVS2",64.3,60,2355,5.59,5.55,3.58
0.7,"Ideal","I","VS2",61.2,55,2249,5.75,5.77,3.53
0.48,"Ideal","I","SI1",62.5,54,841,5.04,5.07,3.16
0.3,"Premium","G","VVS1",59.8,62,945,4.36,4.33,2.6
1.11,"Ideal","F","VS2",61.7,55,7473,6.65,6.67,4.11
0.47,"Good","F","VS1",59,60.2,1243,5.04,5.09,2.99
0.23,"Very Good","E","VVS1",62.3,58,530,3.88,3.99,2.45
0.32,"Ideal","E","VS1",61.6,57,972,4.39,4.35,2.69
0.41,"Good","G","VS1",63.3,62,847,4.67,4.71,2.97
0.91,"Very Good","H","VS1",62.7,63,3881,6.1,6.03,3.8
0.3,"Very Good","I","SI1",60.5,62,394,4.33,4.37,2.63
1.1,"Ideal","F","VVS2",61.2,56,9343,6.71,6.64,4.08
0.75,"Very Good","F","SI2",59.8,56,2840,5.85,5.92,3.52
0.8,"Premium","G","VS2",59.6,59,3136,6.09,6,3.6
0.5,"Premium","F","VS2",62.8,61,1654,5.07,5.03,3.17
0.35,"Premium","H","VS1",62.6,58,788,4.52,4.49,2.82
2.56,"Good","J","SI2",63.6,62,15231,8.62,8.57,5.47
0.56,"Ideal","D","VS1",62.6,55,2057,5.25,5.29,3.3
0.3,"Very Good","H","VVS2",60.6,58,605,4.33,4.35,2.63
1,"Good","D","SI1",59.9,62,6568,6.41,6.45,3.85
0.3,"Premium","G","VS1",61.9,59,605,4.28,4.32,2.66
0.9,"Ideal","G","VVS1",62.8,56,5978,6.12,6.18,3.86
0.51,"Ideal","G","VVS2",62.1,58,1844,5.09,5.12,3.17
0.38,"Premium","F","VS1",60.2,58,1117,4.73,4.71,2.84
0.55,"Premium","F","VS1",61,59,1755,5.26,5.29,3.22
1,"Fair","F","SI1",66.7,57,3669,6.07,5.99,4.02
0.42,"Ideal","E","SI1",62.1,55,953,4.81,4.79,2.98
2.28,"Premium","H","SI2",61.9,61,16954,8.42,8.32,5.18
1.12,"Ideal","H","SI1",62.8,55,5863,6.66,6.61,4.17
1.21,"Very Good","F","VS2",63.3,58,7826,6.73,6.67,4.24
3.01,"Premium","F","I1",62.2,56,9925,9.24,9.13,5.73
0.32,"Ideal","G","VS2",61.8,57,720,4.4,4.37,2.71
0.71,"Very Good","H","SI1",60.1,63,2258,5.72,5.69,3.43
0.31,"Ideal","E","VS2",62.4,54,872,4.35,4.31,2.7
1.52,"Ideal","D","VS2",62.1,58,15922,7.36,7.4,4.58
1.52,"Very Good","H","SI2",62.7,57,8194,7.32,7.36,4.6
0.4,"Ideal","D","VS2",61.3,56,1050,4.79,4.74,2.92
1.24,"Ideal","F","VS1",61.5,54,10138,6.93,6.89,4.25
0.59,"Ideal","J","SI1",61.3,57,1228,5.37,5.4,3.3
0.9,"Premium","I","SI2",60.6,60,2948,6.28,6.23,3.79
1.35,"Premium","I","SI1",59.2,59,6577,7.24,7.18,4.27
0.31,"Ideal","G","IF",62.1,54,891,4.35,4.38,2.71
0.39,"Ideal","F","VVS1",61.8,55,1124,4.69,4.73,2.91
0.45,"Ideal","G","IF",62,53,1377,4.94,4.99,3.08
0.31,"Ideal","F","VS2",61.9,55,757,4.35,4.37,2.7
1.52,"Premium","E","VS1",60.1,59,16187,7.49,7.45,4.49
0.91,"Very Good","H","VS2",63.1,59,3853,6.16,6.13,3.88
1.02,"Very Good","D","SI2",60.3,58,4633,6.48,6.52,3.92
0.39,"Ideal","F","SI1",61.8,55,886,4.7,4.72,2.91
0.71,"Very Good","G","SI2",63,56,1993,5.62,5.65,3.55
1.22,"Premium","E","SI2",60.5,60,4974,6.93,6.89,4.18
0.35,"Ideal","F","VS2",62.2,55,906,4.53,4.48,2.8
0.32,"Premium","G","IF",61,59,952,4.41,4.38,2.68
0.45,"Very Good","E","SI2",63.2,54,731,4.94,4.82,3.09
0.32,"Good","D","SI1",63.7,55,706,4.33,4.31,2.75
1,"Premium","D","VVS2",61.3,58,9660,6.42,6.37,3.92
0.33,"Premium","G","VS1",61.3,58,854,4.46,4.42,2.72
0.37,"Premium","F","VS2",61.9,59,746,4.57,4.61,2.84
1.56,"Very Good","H","SI2",59.9,59,8317,7.47,7.52,4.49
0.32,"Ideal","E","VVS2",62.3,56,1080,4.4,4.37,2.73
0.3,"Ideal","F","IF",60.9,56,892,4.32,4.35,2.64
1,"Premium","E","SI2",60.4,60,4648,6.49,6.46,3.91
1.51,"Ideal","H","SI1",62.3,56,9218,7.29,7.34,4.56
1.06,"Very Good","H","SI1",60.2,59,4900,6.6,6.55,3.96
0.7,"Very Good","E","SI1",61.5,56,2239,5.74,5.8,3.55
0.3,"Ideal","I","SI1",61.9,57,422,4.28,4.31,2.66
0.41,"Premium","F","VVS2",61,59,1192,4.82,4.79,2.93
0.41,"Very Good","E","SI2",63.2,58,818,4.72,4.68,2.97
0.44,"Very Good","E","VVS2",60.7,57,1274,4.9,4.92,2.98
0.7,"Ideal","I","VS2",62.2,55,2154,5.69,5.73,3.55
1.73,"Premium","I","SI1",61.2,60,10957,7.67,7.65,4.69
1.22,"Ideal","I","VS2",62.5,57,5960,6.83,6.9,4.29
1.2,"Ideal","I","SI1",62.4,57,5535,6.75,6.8,4.23
0.7,"Premium","D","VS1",61,59,3501,5.79,5.72,3.51
2.15,"Ideal","H","SI1",61.5,60,18470,8.17,8.29,5.06
0.8,"Premium","E","SI2",60.2,57,2829,6.05,6.01,3.63
0.71,"Ideal","G","VS1",61.7,56,3431,5.72,5.75,3.53
1,"Premium","H","VS1",62.4,58,4950,6.43,6.4,4
2.02,"Very Good","G","SI2",63.1,57,12094,8.01,7.97,5.04
0.51,"Ideal","G","VS1",62.7,56,1781,5.1,5.08,3.19
0.67,"Very Good","E","SI2",63.1,58,1244,5.62,5.53,3.53
0.31,"Premium","F","VS2",61.2,58,802,4.37,4.35,2.67
0.55,"Ideal","F","SI2",61.7,55,1183,5.26,5.28,3.25
1.2,"Premium","H","VS2",62.4,57,6048,6.73,6.67,4.18
1.61,"Good","H","SI2",63.8,62,9005,7.35,7.38,4.7
0.42,"Ideal","D","VS1",61.5,54,1179,4.79,4.84,2.96
0.71,"Very Good","F","SI1",61.1,57,2333,5.71,5.74,3.5
0.46,"Ideal","H","VVS1",62.4,53.4,1338,4.95,5.01,3.1
0.71,"Premium","G","VS1",62.4,61,2803,5.7,5.65,3.54
0.31,"Ideal","D","SI1",62.2,55,732,4.37,4.34,2.71
0.52,"Very Good","I","VVS1",63.1,58,1577,5.13,5.1,3.23
1.56,"Ideal","I","VS2",62.5,57,9295,7.4,7.36,4.63
1.7,"Premium","I","VS2",61.3,59,9330,7.69,7.59,4.68
0.4,"Ideal","F","SI2",62.1,54,677,4.75,4.78,2.96
1.57,"Premium","I","SI2",62.2,60,6401,7.43,7.36,4.6
1.11,"Ideal","H","VS2",64,58,5632,6.52,6.46,4.16
1.52,"Very Good","D","VS2",61.9,56,14698,7.31,7.35,4.54
1.01,"Good","F","SI2",64.3,59,4197,6.33,6.26,4.05
2.2,"Ideal","I","SI1",61.7,55,18059,8.41,8.37,5.18
1.12,"Ideal","E","VVS1",61.5,56,14407,6.7,6.76,4.13
0.41,"Premium","F","VVS2",61,59,1115,4.77,4.83,2.93
0.31,"Ideal","G","SI1",61.6,55,563,4.34,4.37,2.68
0.37,"Ideal","I","IF",61.4,55,754,4.65,4.67,2.86
0.53,"Ideal","G","VVS1",61.3,56,2015,5.22,5.26,3.21
1,"Very Good","G","VVS1",62.3,56,7507,6.29,6.4,3.95
0.34,"Premium","D","SI1",59.7,59,626,4.54,4.57,2.72
0.42,"Very Good","F","SI1",63.4,56,926,4.8,4.76,3.03
0.33,"Ideal","D","VS2",62.5,56,781,4.43,4.46,2.78
0.5,"Ideal","E","VS2",62.2,55,1624,5.07,5.09,3.16
1.01,"Ideal","E","VS2",59.3,57,7240,6.57,6.51,3.88
1.06,"Premium","D","SI2",60.9,60,4155,6.55,6.52,3.98
0.3,"Premium","F","VS2",61.1,59,776,4.32,4.29,2.63
1.01,"Premium","F","VS2",60.3,59,6674,6.52,6.45,3.91
0.61,"Ideal","H","IF",59.4,59,2461,5.55,5.59,3.31
0.56,"Very Good","F","VS1",61.2,58,1929,5.32,5.33,3.26
1.09,"Ideal","E","VS2",60.6,58,7796,6.66,6.7,4.05
0.9,"Very Good","F","SI1",59.8,54,4054,6.25,6.32,3.76
1.75,"Premium","G","VS1",59.6,60,17191,7.9,7.76,4.67
0.9,"Good","E","SI2",61.3,61,3895,6.13,6.17,3.77
1.02,"Premium","E","VVS1",61.5,59,11163,6.46,6.41,3.96
0.58,"Ideal","F","VS1",61.9,54,1772,5.33,5.37,3.31
0.73,"Very Good","G","VS1",62.4,58.1,2999,5.71,5.75,3.58
1,"Ideal","J","SI1",62.7,58,3788,6.35,6.41,4
1.21,"Premium","H","VS2",58.8,59,6708,7.01,6.98,4.11
0.85,"Ideal","G","SI1",61.6,55,3023,6.09,6.11,3.76
0.33,"Ideal","J","VS1",62.1,55,557,4.44,4.41,2.75
1.11,"Ideal","I","SI1",62.4,55,4273,6.6,6.64,4.13
0.54,"Ideal","D","VS2",61.1,57,1993,5.29,5.19,3.2
0.3,"Ideal","H","VVS1",61.3,57,665,4.32,4.36,2.66
0.32,"Very Good","G","VS2",62.8,58,561,4.31,4.35,2.72
0.71,"Very Good","G","SI1",57.5,61,2644,5.91,5.96,3.41
0.4,"Good","F","SI1",63.6,57,945,4.7,4.67,2.98
0.74,"Ideal","D","VS2",61.4,58,3668,5.8,5.83,3.57
1.03,"Ideal","J","SI1",62.1,55,4221,6.46,6.51,4.03
0.41,"Ideal","D","VS1",61.9,56,1427,4.76,4.8,2.96
0.51,"Ideal","E","SI1",62.8,56,1546,5.15,5.07,3.21
0.77,"Very Good","D","VS2",61.2,59,3489,5.86,5.91,3.6
0.3,"Very Good","I","VS2",60.7,56,407,4.32,4.34,2.63
0.34,"Ideal","D","SI1",60.1,57,803,4.56,4.52,2.73
0.92,"Good","D","SI1",63.1,58,4158,6.11,6.16,3.87
1.02,"Very Good","D","SI1",63.3,60,5778,6.33,6.38,4.02
1.01,"Very Good","G","VS2",62.5,57,5679,6.37,6.4,3.99
1.01,"Premium","H","VS2",61.6,59,5166,6.45,6.47,3.98
0.9,"Premium","G","VS2",62,60,4137,6.19,6.14,3.82
0.73,"Ideal","H","VS2",62,54,2583,5.79,5.83,3.6
0.31,"Premium","E","VS1",61.9,56,816,4.37,4.32,2.69
0.92,"Premium","E","SI2",62.1,58,3941,6.22,6.18,3.85
1.18,"Good","G","SI1",58,59,6743,6.98,7.03,4.06
0.5,"Ideal","F","IF",61.2,57,2419,5.11,5.15,3.14
0.39,"Premium","J","VS2",61.3,60,581,4.65,4.68,2.86
0.57,"Ideal","E","VVS2",61,57,2507,5.37,5.36,3.27
0.71,"Premium","D","SI1",62.7,60,2797,5.67,5.71,3.57
0.7,"Ideal","F","SI1",61.9,55,3119,5.7,5.74,3.54
0.63,"Premium","E","VS1",60.5,57,3675,5.58,5.53,3.36
1.73,"Premium","G","VS1",61.6,60,11867,7.67,7.62,4.71
1.01,"Very Good","D","SI1",62.5,61,5832,6.34,6.4,3.98
0.27,"Ideal","H","VVS2",61.9,55,496,4.14,4.16,2.57
1,"Very Good","F","SI1",63.3,61,4798,6.31,6.29,3.99
0.58,"Ideal","G","SI1",62,58,1408,5.33,5.38,3.32
0.9,"Good","E","SI1",60.8,65,3625,6.31,6.18,3.8
1.11,"Ideal","G","SI2",61.7,57,5299,6.65,6.69,4.12
0.41,"Premium","D","VVS1",62.3,53,1582,4.78,4.75,2.97
0.33,"Ideal","E","VVS2",61.6,55,917,4.43,4.47,2.74
0.3,"Ideal","E","VS1",62.5,56,694,4.27,4.31,2.68
0.31,"Ideal","G","IF",61,57,891,4.36,4.39,2.67
0.44,"Ideal","E","SI2",62,54,691,4.9,4.94,3.05
1.74,"Premium","J","SI2",59.7,57,8690,7.88,7.8,4.68
0.34,"Ideal","E","VVS1",61.9,56,1084,4.51,4.47,2.78
1.02,"Premium","F","VVS2",62.9,59,9103,6.42,6.37,4.02
1,"Good","G","VS2",64.1,58,5002,6.22,6.32,4.02
0.77,"Very Good","D","SI1",62.1,58,3040,5.84,5.89,3.64
0.7,"Ideal","I","SI1",62.1,58,2083,5.68,5.72,3.54
0.3,"Ideal","D","SI1",61.9,57,524,4.28,4.32,2.66
0.71,"Ideal","J","SI1",60.6,57,2700,5.78,5.83,3.52
0.57,"Very Good","F","SI1",58.6,57,1364,5.37,5.59,3.21
0.67,"Good","J","VS1",64.2,55.6,1581,5.54,5.57,3.57
0.7,"Ideal","D","VVS2",60.9,59,3737,5.69,5.73,3.48
2.17,"Ideal","I","SI1",60.4,56,17381,8.43,8.36,5.07
0.3,"Ideal","D","VS1",60.7,56,885,4.38,4.41,2.67
0.61,"Ideal","E","VS2",61.9,53,2248,5.45,5.5,3.39
0.23,"Good","F","VVS1",58.1,52,458,4.03,4.1,2.36
2.01,"Premium","I","SI2",62,56,12338,8.01,7.87,4.92
0.3,"Good","G","VVS1",63.1,56,789,4.25,4.28,2.69
0.27,"Ideal","F","VS2",60.9,57,577,4.17,4.2,2.55
0.7,"Very Good","G","I1",61.5,63,1047,5.73,5.65,3.5
0.51,"Premium","E","VS2",61,60,1656,5.12,5.17,3.14
0.71,"Good","D","SI1",63.1,56,2719,5.68,5.73,3.6
1.1,"Very Good","I","VS1",61,59,4878,6.65,6.67,4.06
1.55,"Ideal","G","VVS2",62.5,57,15794,7.35,7.33,4.59
0.55,"Ideal","D","SI2",61.6,56,1364,5.28,5.31,3.26
1.5,"Ideal","H","SI1",62,55,10989,7.29,7.34,4.54
1,"Fair","G","VS1",63.1,68,4892,6.32,6.17,3.94
0.77,"Premium","G","VS2",61.2,58,2780,5.9,5.93,3.62
0.9,"Very Good","I","VS2",62,63,3338,6.13,6.03,3.77
1.23,"Very Good","E","VVS2",60.4,62,11175,6.88,6.93,4.17
2.03,"Good","I","SI2",63.8,63,9651,7.89,7.84,5.02
0.7,"Very Good","H","VS2",62.2,56,2074,5.69,5.75,3.56
0.52,"Premium","D","SI1",60.7,58,1376,5.23,5.18,3.16
0.75,"Ideal","I","VS1",63,57,2613,5.8,5.82,3.66
0.5,"Very Good","D","SI2",63.1,56,1015,5.05,4.96,3.16
0.41,"Ideal","E","SI1",62.9,57,969,4.76,4.72,2.98
1.5,"Premium","G","VS2",62.5,59,12787,7.27,7.23,4.53
1.5,"Fair","G","VS2",64.4,56,12787,7.16,7.09,4.59
1.26,"Very Good","H","SI2",62.2,57,5736,6.86,6.9,4.28
0.56,"Ideal","I","SI1",61.8,54,1212,5.28,5.31,3.27
1.07,"Ideal","G","VS2",61.7,55,7577,6.53,6.57,4.04
0.31,"Good","G","VS1",63.7,56,802,4.3,4.27,2.73
1.02,"Premium","G","SI2",62.5,58,3656,6.42,6.34,3.99
0.33,"Ideal","E","VVS2",61.7,57,868,4.41,4.44,2.73
0.7,"Premium","G","VS2",58.2,60,2328,5.84,5.78,3.38
0.58,"Very Good","D","VVS2",63,56,2400,5.28,5.35,3.35
0.84,"Premium","E","VS2",62.4,60,3528,6.04,5.98,3.75
0.64,"Ideal","H","VS2",62.3,54,1831,5.52,5.55,3.44
0.34,"Ideal","F","VS2",62.1,56,880,4.47,4.45,2.77
1,"Ideal","I","VS1",60.4,55,5385,6.49,6.52,3.93
0.76,"Ideal","H","VS2",62.7,57,2692,5.86,5.82,3.66
1.52,"Ideal","F","VS2",62.3,55,11405,7.37,7.33,4.58
1.33,"Premium","I","SI2",62.3,59,5765,7.01,6.98,4.36
0.61,"Very Good","F","VS2",62.9,58,1971,5.33,5.39,3.37
1.29,"Premium","I","SI1",62.2,58,6140,7.03,6.96,4.35
0.9,"Fair","F","VS2",59.5,67,4536,6.29,6.24,3.73
0.3,"Ideal","D","SI1",61,54,552,4.34,4.35,2.65
0.31,"Ideal","D","VS2",60.8,56,692,4.39,4.42,2.68
0.41,"Ideal","G","VVS2",61.8,56,1007,4.74,4.78,2.94
1.52,"Fair","I","SI1",64.6,58,7746,7.24,7.21,4.68
0.33,"Ideal","I","SI1",61,57,463,4.45,4.47,2.72
0.41,"Ideal","F","VS2",61.8,56,863,4.78,4.8,2.96
1,"Ideal","F","VVS2",61.7,53,8958,6.46,6.48,3.99
0.31,"Very Good","H","VS2",60.5,63,489,4.33,4.37,2.63
0.53,"Premium","H","VS2",59.4,59,1428,5.31,5.27,3.14
1.08,"Ideal","H","VS1",62,55,6562,6.56,6.6,4.08
0.41,"Premium","F","VVS2",60.6,58,1192,4.84,4.79,2.92
0.51,"Ideal","D","VS2",61.2,55,1787,5.13,5.17,3.15
0.38,"Premium","H","VS1",61.6,58,983,4.7,4.65,2.88
0.32,"Premium","D","VVS2",61.5,60,990,4.41,4.37,2.7
0.71,"Fair","D","SI1",65.1,59,2352,5.59,5.56,3.63
1.29,"Premium","F","VS1",60.9,58,10341,6.97,7.01,4.26
1.04,"Good","F","SI2",64.2,56,4321,6.39,6.36,4.09
0.72,"Premium","D","SI2",60.3,58,2484,5.81,5.76,3.49
1.05,"Ideal","F","VVS2",62.1,54,9092,6.52,6.55,4.06
0.35,"Premium","F","VS1",60.7,58,767,4.54,4.58,2.77
0.31,"Ideal","F","IF",62,56,1046,4.36,4.32,2.69
0.55,"Ideal","E","SI1",60.1,57,1621,5.36,5.38,3.22
1.6,"Very Good","D","SI2",60.6,58,10646,7.55,7.61,4.59
0.32,"Ideal","H","VS2",61.2,56,523,4.42,4.44,2.71
0.34,"Ideal","E","VS1",61.6,55,790,4.5,4.52,2.78
2.06,"Premium","I","SI1",61,58,15517,8.24,8.19,5.01
1.01,"Ideal","E","IF",61.4,57,12865,6.53,6.46,3.99
0.53,"Ideal","E","SI1",60.6,57,1607,5.27,5.23,3.18
1.71,"Ideal","H","VS2",63,57,10534,7.57,7.53,4.76
2.03,"Ideal","F","SI2",61.6,55,18578,8.19,8.14,5.03
1.22,"Ideal","F","SI2",62.5,56,6518,6.85,6.81,4.27
1.21,"Premium","E","SI1",62.9,58,6440,6.79,6.78,4.27
0.3,"Ideal","H","VVS1",63,56,878,4.27,4.24,2.68
1.52,"Premium","G","VS1",61.2,60,14424,7.4,7.37,4.52
0.55,"Ideal","E","SI1",61.7,57,1551,5.23,5.27,3.24
1.04,"Ideal","I","SI1",63,56,4135,6.49,6.39,4.06
0.38,"Ideal","F","VS2",62.2,57,800,4.6,4.63,2.87
0.54,"Ideal","F","VS1",60.9,56,1814,5.31,5.27,3.22
0.7,"Good","E","SI2",57.8,61,2239,5.89,5.85,3.39
1,"Good","F","SI1",63.7,58,4158,6.29,6.34,4.02
0.74,"Very Good","I","VVS2",61,59,2550,5.83,5.85,3.56
1.23,"Ideal","D","VS2",62.3,57,9836,6.86,6.82,4.26
0.41,"Ideal","G","VS1",59.8,57,961,4.86,4.81,2.89
0.32,"Ideal","D","VS2",61.7,55,1066,4.39,4.42,2.72
0.31,"Ideal","D","SI2",62.1,57,593,4.34,4.32,2.69
2.01,"Good","F","I1",64,56,6686,7.93,7.91,5.07
1.01,"Premium","F","VVS2",61.8,59,8319,6.46,6.42,3.98
0.41,"Ideal","E","VS1",60.4,55,1115,4.85,4.89,2.94
0.72,"Very Good","E","SI2",63.5,59,2376,5.66,5.61,3.58
1.01,"Fair","H","VS2",64.5,60,4751,6.3,6.25,4.05
0.71,"Fair","I","VS2",61.6,67,1840,5.76,5.61,3.5
0.27,"Premium","F","IF",61.7,57,820,4.21,4.12,2.57
0.33,"Ideal","G","SI1",61.3,56,492,4.46,4.51,2.75
1.6,"Premium","G","VS2",62.2,59,11489,7.45,7.48,4.64
0.31,"Ideal","D","VVS2",62,56,982,4.37,4.34,2.7
0.31,"Ideal","E","VS2",61.3,56,680,4.34,4.37,2.67
0.52,"Ideal","D","VS1",60.9,56,1991,5.19,5.22,3.17
2.32,"Very Good","H","SI2",60.6,58,18508,8.56,8.6,5.2
1.01,"Ideal","G","VS2",62.5,57,6019,6.43,6.4,4.01
1.18,"Premium","I","VS1",62.1,58,5921,6.76,6.7,4.18
0.7,"Very Good","I","SI1",63.2,59,1890,5.59,5.62,3.54
0.56,"Fair","E","VS2",64.7,60,1737,5.13,5.14,3.32
0.53,"Ideal","F","VS1",61.7,55,2046,5.18,5.22,3.21
1.01,"Very Good","I","VS2",61.3,56,4438,6.53,6.45,3.98
0.5,"Ideal","D","VS2",61.8,54,1628,5.13,5.16,3.18
0.51,"Good","D","SI1",58.7,58,1363,5.21,5.25,3.07
0.26,"Very Good","E","VVS2",63.1,59,769,4.08,4.04,2.56
1.01,"Premium","E","SI2",59.1,60,4412,6.57,6.55,3.88
1.01,"Good","H","VS1",63.8,59,5515,6.34,6.3,4.03
0.32,"Ideal","E","SI2",62.7,55,449,4.39,4.42,2.76
1.06,"Ideal","G","VVS2",61.4,57,8726,6.52,6.55,4.01
0.9,"Very Good","G","VS1",62.4,58,4297,6.14,6.16,3.84
0.3,"Fair","E","VS2",66.7,59,630,4.23,4.05,2.78
0.83,"Ideal","H","SI1",62.5,55,2816,6.04,6,3.76
0.59,"Ideal","D","IF",60.7,58,4161,5.45,5.49,3.32
1,"Fair","H","VS1",64.6,59,5242,6.3,6.26,4.06
1,"Ideal","G","SI1",61.9,56,5088,6.45,6.37,3.97
0.32,"Premium","F","VS2",61.4,60,645,4.38,4.42,2.7
0.31,"Ideal","E","VVS2",62.5,54,755,4.34,4.37,2.72
0.71,"Very Good","D","VVS2",62.7,59,3670,5.64,5.69,3.55
0.51,"Ideal","E","VVS2",62.8,56,2211,5.13,5.15,3.23
0.8,"Very Good","H","SI2",57,63,2487,6.09,6.18,3.5
0.42,"Very Good","D","SI1",61.5,58,756,4.8,4.83,2.96
1.14,"Fair","J","SI2",64.4,55,3403,6.56,6.54,4.22
0.3,"Ideal","H","VS1",62.3,55.1,539,4.29,4.32,2.68
0.78,"Ideal","E","SI1",60.4,57,3671,5.95,6,3.61
0.91,"Very Good","H","VVS2",63.6,56,4143,6.11,6.13,3.89
0.41,"Good","E","VVS1",63.5,57,1002,4.73,4.75,3.01
1.2,"Ideal","G","VVS2",62.2,56,9373,6.76,6.81,4.22
0.31,"Ideal","G","VS2",61.8,57,698,4.36,4.34,2.69
1.07,"Ideal","F","SI2",60.7,56.9,5027,6.62,6.65,4.02
0.7,"Very Good","E","VS2",62.7,58,2843,5.65,5.67,3.55
0.43,"Premium","E","SI2",60.8,58,919,4.88,4.86,2.96
1.2,"Premium","H","VS1",62.6,59,5678,6.78,6.74,4.23
0.7,"Good","H","SI2",61.5,63,1899,5.59,5.63,3.45
0.71,"Ideal","H","SI1",60.7,59,2328,5.75,5.81,3.51
0.56,"Ideal","F","VVS2",62.2,54.3,2260,5.26,5.29,3.28
1.18,"Fair","I","VS2",62,66,4553,6.75,6.63,4.16
2.13,"Ideal","H","SI1",62.2,55,18275,8.2,8.27,5.12
0.43,"Very Good","E","VVS1",60.3,58,1433,4.86,4.93,2.95
0.3,"Very Good","G","VVS2",62.1,59,684,4.23,4.27,2.64
0.75,"Good","D","SI2",57.6,56,2933,5.98,6.07,3.47
1.52,"Premium","H","SI1",62.5,58,10078,7.33,7.29,4.57
0.3,"Ideal","G","VVS2",61.5,56,684,4.31,4.34,2.66
0.7,"Premium","E","VVS1",61.7,59,3294,5.71,5.67,3.51
1.23,"Ideal","F","VVS2",61.8,56,11141,6.89,6.84,4.24
1.24,"Ideal","I","VS2",62,55,6076,6.9,6.87,4.27
0.42,"Premium","E","SI1",61.2,60,873,4.86,4.81,2.96
1.5,"Very Good","H","VS2",60,62,11220,7.38,7.41,4.44
0.3,"Ideal","G","IF",62.1,53,863,4.3,4.33,2.68
0.36,"Very Good","E","SI1",62.9,56,631,4.52,4.57,2.86
1.53,"Good","E","SI1",63.5,58,11303,7.29,7.35,4.65
0.77,"Very Good","F","VVS1",60.2,58,4399,5.93,5.97,3.58
0.71,"Very Good","D","VS2",61.9,59,3366,5.68,5.72,3.53
1.18,"Ideal","I","VVS1",59.7,54,6378,6.92,6.99,4.15
1.23,"Ideal","F","VVS2",63,55,10580,6.89,6.79,4.31
0.21,"Premium","D","VS2",61.6,59,386,3.82,3.78,2.34
0.71,"Very Good","F","VS2",61.3,61,2860,5.68,5.73,3.5
0.9,"Very Good","I","VS2",61.6,57,3581,6.13,6.17,3.79
0.43,"Ideal","E","SI1",62.3,57,792,4.78,4.82,2.99
0.4,"Ideal","H","VVS1",62.3,54,1017,4.74,4.77,2.96
0.57,"Ideal","F","VVS1",62.3,55,2555,5.31,5.32,3.31
0.7,"Premium","G","VS2",61.3,58,2596,5.74,5.68,3.5
0.7,"Very Good","D","SI1",62.1,56,2686,5.65,5.69,3.52
0.5,"Very Good","F","VS1",62.6,59,1738,5.03,5.06,3.16
0.5,"Premium","G","VS1",59.4,60,1746,5.17,5.13,3.06
0.31,"Ideal","G","IF",61.4,55,891,4.35,4.38,2.68
0.51,"Premium","D","VS2",58,60,1928,5.29,5.26,3.06
0.34,"Ideal","D","SI1",62.3,57,626,4.44,4.48,2.78
0.74,"Ideal","F","VVS2",61.4,56,3842,5.83,5.86,3.59
1.24,"Very Good","I","VS2",62.7,55,5836,6.82,6.87,4.29
0.53,"Ideal","I","VS2",62,55,1236,5.16,5.19,3.21
0.31,"Ideal","E","VS2",59.8,57,695,4.43,4.46,2.65
0.88,"Very Good","I","SI1",62.5,56,2699,6.06,6.19,3.83
0.3,"Good","H","VVS2",63.4,57,605,4.21,4.24,2.68
0.7,"Fair","F","VS1",65.8,59,2381,5.58,5.48,3.64
0.41,"Premium","G","VS1",62.1,60,899,4.72,4.78,2.95
0.31,"Good","G","SI1",63.1,59,462,4.29,4.33,2.72
1.01,"Premium","G","VS1",60.3,58,6787,6.56,6.5,3.94
1.01,"Ideal","E","VVS2",62,56,9483,6.43,6.35,4.01
2.03,"Ideal","G","SI2",62.5,56,16505,8.1,8.05,5.05
0.4,"Very Good","E","SI1",61.7,60,687,4.68,4.72,2.9
1.21,"Ideal","H","VS2",62.2,55,5882,6.84,6.79,4.24
0.43,"Premium","G","VS2",61.2,58,867,4.84,4.9,2.98
0.33,"Ideal","G","VS2",62.2,56,579,4.43,4.44,2.76
1,"Very Good","E","VS1",62.3,53,7528,6.35,6.39,3.97
0.34,"Good","H","VS2",63.7,57,537,4.42,4.44,2.82
0.26,"Very Good","F","VVS2",61.4,56,657,4.14,4.17,2.55
0.7,"Premium","D","SI2",61.8,55,2222,5.71,5.68,3.52
1.55,"Premium","I","SI1",62.5,60,9027,7.35,7.33,4.59
0.5,"Premium","E","VS2",61.8,59,1629,5.12,5.08,3.15
0.3,"Ideal","H","VVS2",62.8,57,776,4.25,4.22,2.66
1.12,"Premium","J","SI1",62.3,57,4064,6.72,6.61,4.15
0.24,"Very Good","E","VVS1",59.7,58,552,4.07,4.1,2.44
0.38,"Ideal","E","IF",61.4,55,1402,4.68,4.74,2.89
1.14,"Ideal","H","VS2",62.6,53,6753,6.67,6.72,4.19
0.5,"Fair","E","SI1",61.7,68,1238,5.09,5.03,3.12
0.7,"Very Good","D","VVS2",61.1,57,3622,5.7,5.75,3.5
1.05,"Very Good","G","IF",58.9,61,9013,6.64,6.67,3.92
0.31,"Premium","I","VS2",62.3,60,435,4.31,4.32,2.69
0.9,"Premium","G","VS2",61,58,4022,6.2,6.13,3.76
1.74,"Premium","H","SI1",62.1,59,7932,7.69,7.63,4.76
0.74,"Good","H","VS2",57.5,57,2369,5.94,6.01,3.44
0.3,"Very Good","J","SI1",63.4,54,450,4.29,4.23,2.7
0.37,"Very Good","E","VS1",63.5,59,784,4.55,4.59,2.9
0.9,"Premium","F","SI2",62.7,58,3780,6.16,6.09,3.84
0.52,"Ideal","H","VVS1",61,56,1748,5.17,5.21,3.17
0.9,"Very Good","I","VS2",63.2,56,3570,6.15,6.09,3.87
0.34,"Premium","D","SI2",60.6,60,507,4.48,4.53,2.73
0.31,"Very Good","H","VVS2",62.6,56,578,4.33,4.36,2.72
0.27,"Very Good","G","VVS2",61,56,504,4.19,4.22,2.56
0.51,"Premium","G","VS1",62,52,1781,5.37,5.05,3.23
0.3,"Ideal","H","VVS2",61.5,55,590,4.34,4.37,2.68
0.3,"Ideal","G","IF",63,53,956,4.3,4.24,2.69
1.11,"Very Good","F","VS1",60.7,55,8528,6.69,6.71,4.07
2.02,"Premium","H","SI1",62.1,61,17265,8.06,7.99,4.98
0.41,"Premium","H","SI2",60.9,60,649,4.84,4.81,2.94
0.27,"Very Good","E","VVS2",60.5,60,544,4.19,4.2,2.54
0.56,"Ideal","D","IF",61.9,57,4293,5.28,5.31,3.28
1.01,"Good","F","SI1",60.5,64,4989,6.48,6.45,3.91
0.8,"Ideal","I","VS1",60.7,59,3010,5.98,6.02,3.64
0.41,"Ideal","F","SI2",61.6,54,612,4.78,4.8,2.95
1.14,"Good","I","SI2",60,65,3735,6.8,6.75,4.06
0.37,"Premium","E","VS1",61.5,55,999,4.7,4.66,2.88
0.9,"Good","F","SI1",57.5,60,3950,6.33,6.37,3.65
0.33,"Ideal","D","VS1",61.3,55,1006,4.46,4.48,2.74
0.9,"Premium","I","SI1",63,60,3377,6.08,5.99,3.8
2.07,"Premium","J","VS2",61.5,59,13800,8.2,8.16,5.03
1.83,"Premium","I","VS2",60.5,60,10043,7.93,7.86,4.78
0.71,"Premium","I","VS2",60.4,60,2300,5.8,5.72,3.48
0.38,"Ideal","E","VS1",62.2,54.1,1133,4.63,4.65,2.89
0.3,"Ideal","G","VS1",62.6,57,605,4.27,4.29,2.68
0.25,"Good","F","VS1",63.6,57,558,4.04,4.01,2.56
1.25,"Premium","J","VS1",62,58,5500,6.89,6.92,4.28
1.08,"Ideal","E","VVS2",62.5,57,10300,6.52,6.57,4.09
0.41,"Good","G","SI1",64.3,54,836,4.72,4.68,3.02
0.31,"Premium","F","SI1",60.5,60,663,4.39,4.37,2.65
0.3,"Good","F","VS1",63.7,56,731,4.28,4.26,2.72
0.4,"Ideal","J","SI1",61.6,56,612,4.72,4.77,2.93
1.01,"Very Good","I","SI1",62.1,58,3888,6.38,6.44,3.98
0.9,"Very Good","E","SI1",63.5,55,3508,6.22,6.12,3.92
1.02,"Premium","H","I1",62.5,60,3199,6.41,6.39,4
0.55,"Very Good","G","VVS2",57.1,63,1879,5.39,5.47,3.1
0.9,"Premium","G","SI1",62.2,60,3984,6.14,6.07,3.8
0.9,"Good","H","I1",57.4,63,1939,6.38,6.33,3.65
0.41,"Premium","G","VS1",61.7,57,961,4.78,4.75,2.94
0.42,"Ideal","G","VVS2",62.1,57,1103,4.8,4.77,2.97
0.54,"Ideal","E","VS2",61.8,57,1590,5.23,5.26,3.24
0.5,"Very Good","D","VS1",62.3,57,1847,5.04,5.07,3.15
1.06,"Very Good","I","SI1",60.2,59,4507,6.62,6.67,4
1,"Premium","F","VS1",62.6,58,7244,6.4,6.37,4
1.2,"Ideal","F","VS2",62.3,56,8590,6.82,6.79,4.24
0.23,"Very Good","E","VVS2",62.4,59,530,3.91,3.94,2.45
1.03,"Very Good","E","SI1",61.3,60,5010,6.51,6.53,4
0.91,"Ideal","G","VS1",62.1,57,5795,6.17,6.2,3.84
0.42,"Very Good","H","VS2",59,57,843,4.92,4.95,2.91
1.07,"Ideal","G","SI2",61.7,57,4421,6.55,6.59,4.05
0.7,"Very Good","F","VS1",61.8,59,2895,5.66,5.76,3.53
0.25,"Very Good","E","VVS1",59.7,58,575,4.13,4.14,2.47
1.04,"Ideal","G","VS1",61.8,56,7467,6.5,6.52,4.02
0.8,"Ideal","F","SI1",60.1,60,3293,5.98,6.03,3.61
1.52,"Ideal","I","SI1",61.9,56,9124,7.37,7.42,4.58
0.3,"Very Good","H","VVS1",63,56,684,4.24,4.27,2.68
0.3,"Very Good","I","VS1",62,58,473,4.25,4.3,2.65
1.5,"Ideal","H","VVS1",61.2,57,14304,7.34,7.4,4.51
0.3,"Very Good","H","VS2",62.6,58,473,4.22,4.28,2.66
1.51,"Ideal","I","SI1",62.6,55,9344,7.37,7.26,4.58
0.74,"Ideal","D","VVS2",61.4,56,5841,5.82,5.87,3.58
0.54,"Ideal","F","SI2",61.1,56,1154,5.22,5.26,3.2
1.02,"Very Good","H","SI1",59.9,58,5131,6.57,6.66,3.96
0.32,"Ideal","E","VVS1",61.7,55,879,4.38,4.41,2.71
0.91,"Fair","J","VS2",65.4,60,2854,6.04,6,3.94
0.8,"Fair","G","SI2",64.6,55,2318,5.86,5.75,3.75
0.4,"Very Good","D","VS1",64.2,57,967,4.67,4.7,3.01
0.91,"Good","G","SI1",64.3,60,3344,6.04,6.12,3.91
0.7,"Very Good","H","SI1",63.3,58,2048,5.61,5.64,3.56
0.8,"Premium","H","VS1",62,60,2935,5.92,5.86,3.65
0.31,"Premium","G","VVS2",62.9,58,907,4.31,4.27,2.7
1.19,"Premium","G","VS2",58.9,61,7397,6.88,6.81,4.03
1.01,"Ideal","D","VVS2",62.3,53,11082,6.4,6.47,4.02
0.36,"Ideal","H","SI1",62.3,57,648,4.58,4.54,2.84
0.51,"Premium","F","SI2",61.1,59,1227,5.15,5.09,3.13
0.72,"Very Good","E","SI2",62.2,59,2401,5.72,5.79,3.58
0.54,"Ideal","H","VS1",61.5,56,1381,5.22,5.25,3.22
0.53,"Very Good","G","SI1",63.4,54,1161,5.09,5.13,3.24
0.38,"Ideal","I","VS1",62.3,53.4,703,4.65,4.69,2.91
1.52,"Premium","J","VS1",62.2,59,8426,7.32,7.38,4.57
0.51,"Very Good","E","VS1",60.4,59,1697,5.16,5.2,3.13
0.53,"Ideal","D","VS2",62.6,56,1956,5.18,5.14,3.23
0.33,"Premium","G","VVS1",61.9,59,868,4.38,4.41,2.72
0.5,"Premium","E","SI1",61.4,59,1155,5.09,5.01,3.1
0.38,"Ideal","E","VS1",60.7,56,933,4.7,4.72,2.86
1.16,"Ideal","D","SI1",62,56,5911,6.76,6.73,4.18
0.41,"Ideal","G","VS2",62.4,54,827,4.78,4.81,2.99
1,"Good","E","VVS1",63.4,59,8359,6.27,6.24,4
1.03,"Ideal","I","SI2",59.8,56,3530,6.64,6.58,3.95
0.71,"Very Good","J","VS1",63.3,57,2062,5.59,5.69,3.57
0.54,"Premium","H","SI1",61,58,1154,5.23,5.27,3.2
0.73,"Ideal","I","VVS1",61.7,53,2490,5.8,5.84,3.59
0.55,"Very Good","F","VS2",62.1,55.4,1777,5.25,5.27,3.26
0.35,"Premium","E","VS2",61.6,58,767,4.52,4.57,2.8
0.72,"Premium","D","SI1",60.4,59,2691,5.77,5.72,3.47
0.31,"Premium","E","VVS2",62.3,56,1107,4.34,4.3,2.69
1.04,"Very Good","D","SI2",63.1,58,3780,6.39,6.33,4.01
0.9,"Very Good","H","SI2",61.2,57,3481,6.21,6.27,3.82
0.3,"Premium","G","VS1",60.8,61,725,4.34,4.31,2.63
0.43,"Ideal","D","SI1",62.5,55,993,4.83,4.8,3.01
0.76,"Very Good","G","VVS2",62.3,57,3549,5.79,5.84,3.62
0.43,"Ideal","D","VS2",61.8,56,1129,4.83,4.81,2.98
0.39,"Premium","G","VVS1",59.9,59,1170,4.75,4.73,2.84
0.64,"Ideal","D","VVS1",61.8,54,4084,5.54,5.56,3.43
1.01,"Good","E","SI2",58.5,61,4506,6.51,6.55,3.82
0.39,"Premium","E","SI2",60.7,62,778,4.74,4.72,2.87
0.91,"Fair","F","SI1",64.9,57,2971,6.13,6.08,3.96
0.3,"Premium","E","VS2",61.9,61,844,4.32,4.28,2.66
0.38,"Very Good","G","VVS1",59.9,56,970,4.73,4.75,2.84
0.63,"Ideal","F","VS2",61.2,56,2182,5.56,5.51,3.39
0.72,"Ideal","E","SI2",61.7,57,2337,5.72,5.78,3.55
0.72,"Premium","F","VS2",62.7,59,2584,5.71,5.75,3.59
2,"Very Good","I","SI2",59.5,61,13892,8.16,8.18,4.86
0.25,"Ideal","E","VS2",62.1,57,535,4.01,4.05,2.5
0.77,"Very Good","J","VS2",62.1,62,1843,5.82,5.87,3.63
0.52,"Ideal","D","VS2",62.1,57,1774,5.13,5.17,3.2
0.4,"Ideal","G","VVS1",62.3,54,1043,4.75,4.76,2.96
0.75,"Very Good","J","SI1",63.1,57,1958,5.79,5.74,3.64
0.42,"Ideal","D","VS1",61.4,56,1350,4.86,4.82,2.97
1.1,"Premium","I","SI1",62.7,58,4435,6.58,6.54,4.11
0.31,"Good","D","SI1",63.9,54,732,4.3,4.27,2.74
0.39,"Ideal","G","VVS1",62.4,53.6,1008,4.65,4.7,2.92
2,"Premium","H","SI1",59.8,60,13986,8.04,8.01,4.8
0.41,"Premium","G","VS1",60.5,58,899,4.76,4.8,2.89
0.27,"Ideal","E","VS1",61.6,55,470,4.16,4.18,2.57
0.76,"Premium","F","SI2",61.8,58,2469,5.83,5.88,3.62
0.32,"Premium","H","VS1",62.8,58,720,4.37,4.35,2.74
0.7,"Very Good","G","SI1",60.7,58,2074,5.7,5.73,3.47
1.02,"Ideal","G","VS2",62.6,57,5816,6.41,6.43,4.02
1.5,"Premium","E","SI2",60.8,59,9157,7.34,7.36,4.47
0.52,"Ideal","D","SI1",62.2,57,1720,5.16,5.13,3.2
0.41,"Premium","G","VS2",61.8,58,827,4.75,4.77,2.94
0.9,"Premium","G","VS1",62.7,60,4460,6.13,6.06,3.82
1,"Premium","D","SI2",58.3,61,4626,6.59,6.54,3.83
1.06,"Ideal","I","SI2",62.4,57,3975,6.48,6.54,4.06
0.71,"Premium","D","VS1",58.1,62,3090,5.89,5.84,3.41
1.01,"Very Good","H","VVS1",60.6,56,6733,6.5,6.53,3.95
0.39,"Ideal","E","VS1",62.7,53.6,1004,4.67,4.69,2.93
0.3,"Ideal","G","VS2",61.2,55,545,4.35,4.38,2.67
1.11,"Ideal","E","SI2",62.8,55,5004,6.62,6.6,4.15
0.31,"Very Good","G","VVS2",60,62,707,4.4,4.44,2.65
0.58,"Ideal","E","VS2",61.9,56,1984,5.38,5.35,3.32
0.92,"Ideal","G","SI2",62.4,56,4068,6.21,6.23,3.88
1.23,"Good","H","SI1",63.7,59,5490,6.76,6.71,4.29
0.35,"Ideal","E","VVS1",61.7,54,1000,4.56,4.58,2.82
0.31,"Ideal","H","VS1",62,54,698,4.39,4.35,2.71
0.31,"Premium","G","VS1",59.6,61,802,4.38,4.35,2.6
0.31,"Premium","J","SI1",60.9,60,363,4.36,4.38,2.66
0.34,"Very Good","E","SI2",63.1,56,571,4.51,4.46,2.83
0.3,"Ideal","G","VS2",60.8,57,491,4.33,4.38,2.65
0.32,"Ideal","D","VS2",61.2,56,671,4.38,4.41,2.69
0.55,"Premium","F","VS2",59,58,1931,5.38,5.33,3.16
0.32,"Premium","E","SI2",62.4,58,576,4.4,4.35,2.73
0.4,"Very Good","D","VS2",59.1,57,982,4.81,4.87,2.86
1.21,"Premium","H","VS2",60.8,62,5461,6.82,6.78,4.13
2.09,"Very Good","F","SI2",63.4,55,18640,8.18,8.11,5.16
0.33,"Ideal","I","SI2",61.2,56,403,4.49,4.5,2.75
1.01,"Premium","G","SI1",62.5,60,4672,6.39,6.34,3.98
0.3,"Premium","G","VS2",61.8,60,630,4.29,4.25,2.64
0.5,"Premium","E","VS2",62.8,60,1676,5.08,5.02,3.17
0.7,"Fair","H","VVS2",65.8,58,2500,5.49,5.42,3.59
0.54,"Ideal","J","VS1",61,56.1,1240,5.25,5.28,3.21
0.51,"Ideal","G","VVS2",61.9,55,1974,5.19,5.15,3.2
1.01,"Good","F","SI1",63.5,59,4759,6.3,6.39,4.03
0.41,"Premium","E","SI2",62.9,58,876,4.75,4.72,2.98
0.3,"Premium","E","SI1",61.3,60,526,4.24,4.28,2.61
1.37,"Ideal","G","SI2",62.8,57,6730,7.12,7.06,4.45
1.94,"Premium","F","SI1",62.6,58,18735,7.91,7.87,4.94
1.33,"Ideal","D","VS2",62.8,56,11409,7.08,7.03,4.43
0.7,"Premium","G","VVS2",60.6,60,2999,5.77,5.69,3.47
1.21,"Premium","F","VS1",62.6,59,10018,6.81,6.76,4.25
0.59,"Ideal","G","VVS2",62.3,56,2155,5.34,5.39,3.34
1.5,"Ideal","F","VS2",62.6,57,14759,7.27,7.34,4.57
0.73,"Ideal","G","SI1",61.4,58,2630,5.77,5.79,3.55
0.76,"Fair","H","I1",64.5,57,1140,5.79,5.76,3.73
0.57,"Ideal","G","SI1",62.2,55,1441,5.33,5.35,3.32
0.26,"Ideal","I","VS1",61.9,56,358,4.08,4.16,2.55
1.62,"Ideal","I","VVS2",62.7,54,11587,7.47,7.52,4.7
0.9,"Very Good","H","SI2",61.7,60,3301,6.17,6.24,3.83
1.3,"Premium","I","SI1",58.1,59,6188,7.19,7.16,4.17
2.08,"Premium","H","SI2",60,60,11851,8.31,8.28,4.98
0.55,"Ideal","G","SI1",61.9,57,1605,5.23,5.27,3.25
0.31,"Ideal","D","SI1",61.8,57,732,4.36,4.32,2.68
0.33,"Ideal","E","IF",60.8,57,1079,4.44,4.47,2.71
1.04,"Ideal","H","VS1",62.7,57,5577,6.42,6.46,4.04
1.01,"Fair","G","VS2",64.4,58,4887,6.25,6.18,4
1.2,"Very Good","F","VVS2",63.8,58,10173,6.67,6.69,4.26
0.57,"Fair","F","VVS2",65.2,56.2,1902,5.19,5.23,3.4
0.5,"Fair","G","VS1",67,61,1280,4.97,4.91,3.31
0.71,"Ideal","D","SI2",61.6,56,2690,5.78,5.82,3.57
2.32,"Good","J","SI1",60.3,61,13654,8.56,8.52,5.15
1.29,"Very Good","G","VS1",62.3,58,9105,6.98,7.01,4.36
0.3,"Ideal","E","VS2",62,55,658,4.3,4.35,2.68
0.52,"Ideal","I","IF",60.2,56,1988,5.23,5.27,3.16
0.3,"Premium","G","VS2",61.1,62,630,4.33,4.28,2.63
0.3,"Ideal","D","SI1",61.6,57,552,4.28,4.32,2.65
1.16,"Very Good","F","VS2",60.2,63,7803,6.79,6.7,4.07
0.38,"Ideal","D","VVS2",61.3,56,1257,4.73,4.63,2.87
1.01,"Ideal","G","VS1",61.8,57,6499,6.4,6.45,3.97
1.07,"Ideal","H","SI2",59.2,57,4434,6.7,6.64,3.95
1.04,"Ideal","G","VS1",61.5,57,7457,6.5,6.54,4.01
1.05,"Premium","G","SI2",62.5,60,4318,6.5,6.45,4.05
0.7,"Very Good","I","VS2",62.2,59,1666,5.64,5.71,3.53
0.91,"Very Good","G","VVS2",62.1,60,4913,6.14,6.19,3.83
0.8,"Premium","J","SI1",61.4,57,1838,5.98,5.95,3.66
0.68,"Premium","G","VS2",61.6,59,2081,5.65,5.64,3.48
0.6,"Premium","E","VS2",62.7,58,1819,5.34,5.37,3.36
0.5,"Very Good","D","SI1",58.5,60,1436,5.13,5.19,3.02
0.5,"Premium","F","VS2",61.7,60,1323,5.06,5.02,3.11
1.1,"Ideal","H","SI1",62.2,55,5636,6.66,6.62,4.13
1.17,"Good","H","SI2",63.8,58,4914,6.73,6.57,4.24
1,"Fair","H","VS2",66.8,63,4166,6.19,6.08,4.1
0.36,"Ideal","E","VS2",61.2,56,1013,4.63,4.59,2.82
0.7,"Good","E","VS1",60.2,61,3018,5.71,5.75,3.45
0.72,"Very Good","E","SI1",61.6,58,2688,5.74,5.78,3.55
1.91,"Premium","I","SI1",60.9,53,13367,8.11,8.07,4.93
1.5,"Ideal","G","SI1",61.7,56,10219,7.36,7.32,4.53
1.24,"Ideal","G","IF",62,55,13178,6.93,6.89,4.29
0.44,"Very Good","E","VS1",62.2,58,1246,4.8,4.85,3
1.01,"Premium","G","SI1",59.2,59,4260,6.52,6.58,3.88
1.03,"Ideal","J","VS2",61.6,57,4283,6.52,6.47,4
0.52,"Good","D","VS2",63.4,56,1701,5.09,5.16,3.25
0.3,"Premium","H","VS1",61,58,675,4.31,4.28,2.62
0.71,"Very Good","H","VS1",62.8,59,2428,5.61,5.7,3.55
0.94,"Premium","E","SI1",62,58,4580,6.27,6.24,3.88
0.43,"Premium","F","SI2",61.8,57,871,4.88,4.83,3
1.03,"Premium","F","VS1",62.2,57,7365,6.51,6.47,4.04
0.9,"Very Good","H","VVS1",62.1,59,4664,6.17,6.19,3.84
0.56,"Premium","I","VVS1",60.6,59,1743,5.33,5.29,3.22
0.3,"Premium","E","SI1",60.6,58,675,4.34,4.3,2.62
0.33,"Very Good","F","VS2",63.2,56,854,4.41,4.39,2.78
0.32,"Premium","J","IF",61.2,59,533,4.41,4.44,2.71
1.51,"Ideal","F","SI1",62.3,57,12459,7.33,7.3,4.56
0.51,"Ideal","D","VS2",62.4,55,1882,5.14,5.11,3.2
0.3,"Very Good","D","SI1",62.3,57,524,4.26,4.31,2.67
1.31,"Premium","H","VS2",62.5,58,7277,6.97,6.94,4.35
0.5,"Good","E","VS1",61,61,1714,5.07,5.12,3.11
0.32,"Ideal","I","SI2",61,56,391,4.43,4.45,2.71
1.02,"Good","H","SI2",57.9,61,3770,6.75,6.68,3.89
0.31,"Very Good","E","VS2",62.6,56,680,4.3,4.33,2.7
1.5,"Ideal","I","I1",61.8,57,5412,7.31,7.39,4.54
0.41,"Ideal","D","VS2",62.2,54,1076,4.81,4.77,2.98
0.5,"Fair","G","I1",64.9,57,727,5.01,4.97,3.24
1.02,"Good","D","SI2",57.5,62,3909,6.62,6.6,3.8
0.33,"Ideal","G","VVS2",62.5,54,752,4.41,4.45,2.77
0.72,"Very Good","E","SI2",59.7,59,2655,5.77,5.82,3.46
0.4,"Ideal","D","SI1",63,57,924,4.7,4.66,2.95
0.75,"Very Good","E","SI1",62.4,57,2517,5.79,5.85,3.63
0.71,"Ideal","D","VS2",60.4,53,3020,5.81,5.85,3.52
0.41,"Premium","E","VS1",60.7,58,1079,4.79,4.83,2.92
0.32,"Premium","G","VS1",62.1,56,828,4.43,4.4,2.74
1.29,"Ideal","D","I1",61.3,56,5065,6.99,7.05,4.3
0.54,"Ideal","G","VVS1",61.7,56,2041,5.24,5.26,3.24
0.28,"Ideal","I","VS1",62.5,54,448,4.18,4.23,2.63
0.4,"Premium","D","SI1",60.8,59,772,4.77,4.8,2.91
0.58,"Premium","F","SI1",62.2,61,1634,5.33,5.25,3.29
1.5,"Fair","H","SI1",66.1,57,7832,7.06,6.98,4.64
1.03,"Ideal","G","VS1",61.3,56,7648,6.52,6.5,3.99
0.3,"Very Good","E","VVS1",62.1,57,862,4.27,4.3,2.66
1.55,"Ideal","I","VS2",62.6,56,9233,7.41,7.35,4.62
1.52,"Very Good","I","VS2",61.7,55,10130,7.39,7.32,4.54
0.7,"Premium","G","SI1",62.8,58,2352,5.66,5.62,3.54
0.59,"Premium","E","VS2",62.5,56,2578,5.4,5.36,3.36
1,"Very Good","F","SI1",63.3,58,5528,6.28,6.39,4.01
1.62,"Premium","E","SI2",61.8,59,9526,7.55,7.52,4.66
0.77,"Premium","E","SI2",60.8,58,2519,5.96,5.98,3.63
1.52,"Very Good","G","VS2",61.6,56,12730,7.37,7.43,4.56
2.01,"Very Good","I","VS2",59.6,60,16304,8.13,8.19,4.86
1.5,"Very Good","F","VS1",61.9,58,15508,7.34,7.4,4.56
0.27,"Very Good","E","VVS2",62.5,59,620,4.09,4.14,2.57
0.47,"Good","H","VS1",65.1,59,1031,4.81,4.87,3.15
1.01,"Good","E","VS2",58,60,6522,6.64,6.68,3.86
0.31,"Very Good","E","SI1",61.2,58,507,4.34,4.38,2.67
0.3,"Very Good","G","SI1",61.4,57,447,4.31,4.35,2.66
1.01,"Good","D","VS2",61.6,61,6429,6.43,6.45,3.97
1.01,"Premium","E","VS1",61.2,61,6670,6.41,6.33,3.9
0.91,"Good","G","VS1",63.6,60,4209,6.11,6.03,3.86
0.67,"Ideal","G","IF",61.6,55,3271,5.61,5.65,3.47
2,"Ideal","H","VS2",61.6,57,13531,8.11,8.08,4.99
0.42,"Premium","D","SI2",60.8,59,898,4.83,4.77,2.92
1.39,"Premium","F","SI1",62.4,59,8925,7.14,7.09,4.44
2.15,"Premium","G","SI2",61.2,58,11985,8.42,8.3,5.1
1.51,"Very Good","H","VS2",62.8,60,11166,7.25,7.28,4.56
1.02,"Very Good","D","SI2",58.6,63,4583,6.56,6.54,3.84
0.51,"Ideal","E","VS2",60.9,56,1656,5.15,5.2,3.15
0.26,"Ideal","H","VS2",62.1,55,434,4.08,4.1,2.54
0.53,"Ideal","F","SI2",62.4,54,1078,5.19,5.22,3.25
1.03,"Ideal","F","VVS1",62.6,57,9598,6.49,6.38,4.03
1.06,"Premium","I","SI2",58.4,58,4007,6.7,6.65,3.9
2.51,"Ideal","H","SI1",62.9,56,15324,8.65,8.61,5.43
1.04,"Very Good","G","SI2",60.6,57,4703,6.56,6.6,3.99
0.32,"Ideal","E","VS2",62.2,55,900,4.38,4.37,2.72
0.37,"Premium","G","VS1",59.5,58,746,4.67,4.71,2.79
0.4,"Very Good","G","SI1",63.4,58,840,4.71,4.66,2.97
0.56,"Ideal","E","VVS2",61,56,2404,5.32,5.36,3.26
0.72,"Ideal","H","SI2",61.3,55,2410,5.78,5.81,3.55
0.48,"Very Good","I","VS1",62.4,55,1053,4.99,5.03,3.12
1.5,"Very Good","F","VS1",60.5,55,15585,7.39,7.48,4.5
1.26,"Ideal","E","VVS2",61.1,57,14300,7,6.98,4.27
0.52,"Premium","G","VS1",62.6,59,1815,5.11,5.08,3.19
0.52,"Ideal","F","VS2",60,62,1806,5.23,5.19,3.13
0.5,"Ideal","D","SI1",61.6,55,1654,5.13,5.1,3.15
0.4,"Good","D","VVS2",60.2,63,1135,4.74,4.8,2.87
0.25,"Very Good","D","VVS2",62,61,548,3.99,4.04,2.49
0.32,"Very Good","D","SI1",63.2,54,756,4.38,4.36,2.76
0.36,"Very Good","E","VS2",62.8,56,789,4.51,4.54,2.84
1.51,"Ideal","G","SI1",61.1,57,11465,7.46,7.4,4.54
1.26,"Ideal","F","VS2",61.5,56,10709,6.97,7.01,4.3
0.33,"Ideal","H","VS2",62.2,57,668,4.46,4.42,2.76
0.39,"Premium","G","SI1",61.4,56,936,4.75,4.7,2.9
2,"Premium","I","VS1",61.1,58,17278,8.08,8.11,4.95
0.45,"Very Good","G","VVS1",62.2,58,1327,4.9,4.97,3.07
0.53,"Premium","D","SI1",61,58,1753,5.22,5.18,3.17
0.9,"Good","G","SI2",63.8,56,3246,6.16,6.13,3.92
0.41,"Ideal","G","SI1",62.2,56,671,4.75,4.77,2.96
2,"Good","E","SI2",60.1,54,15962,8.01,8.15,4.86
0.3,"Ideal","G","VS2",61.8,54,545,4.34,4.37,2.69
0.7,"Fair","D","SI1",52.2,65,1895,6.04,5.99,3.14
1.59,"Ideal","G","VVS2",60.6,59,15843,7.53,7.59,4.58
0.3,"Ideal","F","VS2",61.1,56,605,4.31,4.33,2.64
0.41,"Ideal","I","IF",62.6,57,1076,4.78,4.74,2.98
0.7,"Ideal","G","VS1",60.9,56,2995,5.76,5.8,3.52
1.51,"Ideal","D","VS2",60.9,57,15776,7.42,7.45,4.53
0.31,"Ideal","G","VVS1",62.6,53,789,4.37,4.38,2.74
1.27,"Premium","I","I1",60.2,62,3732,7.05,7,4.23
0.71,"Ideal","F","VVS1",61.7,56,5019,5.73,5.77,3.55
0.31,"Ideal","D","VS2",62.1,54,734,4.33,4.37,2.7
0.46,"Good","E","VVS2",60.7,62,1778,4.97,5.01,3.03
1.13,"Premium","G","SI1",60.9,60,5376,6.76,6.67,4.09
0.36,"Very Good","E","VS1",60.6,58,894,4.61,4.63,2.8
0.42,"Ideal","E","VS2",62.4,55,958,4.79,4.8,2.99
0.34,"Ideal","D","VS2",62.1,55,805,4.46,4.49,2.78
1.15,"Premium","H","SI2",59.6,59,3735,6.82,6.78,4.05
1.24,"Premium","D","VS2",59.3,58,9738,7.03,7.09,4.19
1.01,"Good","F","SI2",58.2,63,4119,6.51,6.55,3.8
0.3,"Ideal","G","VVS1",60.9,56.8,735,4.34,4.38,2.65
0.31,"Very Good","G","VS1",62.9,58,625,4.3,4.35,2.72
1.02,"Good","G","VVS2",62.3,60,7292,6.38,6.49,4.01
0.75,"Ideal","F","SI1",60.8,57,3610,5.87,5.9,3.58
1.01,"Ideal","F","SI2",62.7,57,4843,6.36,6.39,4
1.33,"Premium","H","SI1",61.1,61,7204,7.05,7.02,4.3
1.25,"Very Good","E","VS1",61.5,59,10285,6.91,6.95,4.26
1.1,"Ideal","G","VVS2",60.5,56,9215,6.76,6.7,4.07
0.42,"Ideal","E","VS2",62.2,55,958,4.79,4.83,2.99
1.07,"Ideal","G","SI1",61.7,54,5532,6.59,6.61,4.07
1.1,"Ideal","D","VS2",61.7,56,10350,6.63,6.67,4.1
0.33,"Very Good","I","SI1",62.8,58,445,4.39,4.43,2.77
1,"Good","H","VS2",60.9,61,5254,6.38,6.42,3.9
0.56,"Ideal","H","IF",60.4,57,2157,5.35,5.39,3.24
0.35,"Good","E","SI2",64,55,454,4.45,4.49,2.86
0.73,"Ideal","D","VS2",62.3,54,3673,5.77,5.8,3.6
0.35,"Ideal","E","SI1",61.6,55,744,4.55,4.57,2.81
1.2,"Very Good","J","SI2",61.8,60,4580,6.76,6.83,4.2
1.2,"Premium","J","SI2",59.6,62,3951,6.95,6.9,4.13
0.3,"Ideal","E","VVS2",61.2,56,742,4.34,4.38,2.67
1.52,"Ideal","F","SI1",61.2,55,12153,7.4,7.43,4.54
1.05,"Fair","H","SI2",64.8,55,2717,6.39,6.32,4.12
0.4,"Very Good","D","VVS2",58.4,60,977,4.81,4.84,2.82
0.32,"Ideal","G","IF",61.4,55,898,4.42,4.44,2.72
0.91,"Very Good","G","SI2",60.4,61,3435,6.21,6.28,3.77
0.51,"Very Good","G","VVS2",62.6,59,1768,5.08,5.11,3.19
0.91,"Premium","H","VS2",60.6,58,4293,6.3,6.25,3.8
1.08,"Premium","F","VS2",62.8,59,7079,6.55,6.47,4.09
0.33,"Ideal","H","VS2",60.7,57,521,4.46,4.5,2.72
0.56,"Ideal","G","VS2",62,56,1580,5.28,5.3,3.28
0.71,"Fair","H","VS1",66.4,62,2401,5.54,5.49,3.66
2.2,"Ideal","H","SI2",62.6,55,14408,8.34,8.31,5.21
0.31,"Premium","G","SI2",60.3,59,523,4.37,4.35,2.63
0.37,"Premium","G","SI1",62.1,60,551,4.54,4.61,2.84
1.23,"Ideal","G","SI2",58.8,60,6005,7.01,7.08,4.14
0.56,"Premium","E","VS2",61.9,55,1915,5.31,5.25,3.27
0.5,"Ideal","F","VS2",62.7,57,1436,5.08,5.1,3.19
0.9,"Good","G","SI1",63.8,59,3734,6.05,6.08,3.87
1.22,"Premium","H","SI1",61.8,57,6776,6.86,6.82,4.23
0.73,"Ideal","F","VVS1",61.4,56,5154,5.8,5.81,3.56
1,"Premium","E","SI1",62.6,60,5445,6.3,6.35,3.97
0.91,"Ideal","E","SI2",61.8,53,3723,6.22,6.3,3.87
1.12,"Ideal","G","VVS2",62,55,8773,6.67,6.69,4.14
1.08,"Ideal","G","SI1",61.4,56,4771,6.62,6.6,4.06
0.9,"Fair","I","SI1",65.7,58,2873,6.03,6,3.95
0.43,"Ideal","F","VVS1",62.1,55,1422,4.85,4.81,3
0.7,"Good","E","VS1",59.8,62,2973,5.74,5.8,3.45
0.4,"Ideal","D","VS2",60.4,56,1050,4.77,4.73,2.87
0.3,"Ideal","I","VS1",61,58,491,4.3,4.33,2.63
2.02,"Ideal","H","SI1",61.7,57,17882,8.14,8.08,5
0.74,"Premium","D","VS2",59.3,60,3353,5.89,5.91,3.5
0.31,"Ideal","E","VVS2",61.5,59,789,4.36,4.39,2.69
1.7,"Premium","I","SI2",59.4,59,7250,7.83,7.75,4.63
0.4,"Very Good","E","VVS1",63.8,56,1142,4.68,4.72,3
2.05,"Ideal","H","SI1",61.9,57,17006,8.09,8.14,5.02
1.59,"Ideal","I","VS1",61.2,58,11119,7.52,7.5,4.6
0.7,"Very Good","F","SI1",63.3,59,2264,5.57,5.62,3.54
1.56,"Ideal","H","SI1",62.4,54,10728,7.48,7.43,4.65
1.02,"Premium","F","SI1",59.2,58,5038,6.53,6.5,3.86
1,"Fair","H","SI2",63.7,54,3164,6.42,6.27,4.06
0.57,"Ideal","D","SI1",61.4,55,1810,5.35,5.34,3.28
2.01,"Good","H","VS2",57.8,60,18561,8.29,8.35,4.81
1.04,"Ideal","J","VVS2",61.1,58,5242,6.49,6.57,3.99
0.3,"Very Good","G","IF",61.4,59,831,4.27,4.3,2.63
1.24,"Ideal","J","VS2",61.8,58,5361,6.88,6.84,4.24
0.31,"Premium","E","VS1",61.9,58,942,4.32,4.31,2.67
0.32,"Ideal","E","VS2",62.2,55,900,4.38,4.36,2.72
0.41,"Ideal","F","VS2",62.7,56,863,4.72,4.78,2.98
0.71,"Ideal","I","VS2",62,54,2272,5.73,5.77,3.56
0.32,"Premium","H","VS1",61.7,58,561,4.38,4.44,2.72
0.33,"Premium","E","VS2",60.6,60,928,4.48,4.43,2.7
2.5,"Premium","H","I1",59.9,60,8467,8.75,8.67,5.22
0.4,"Ideal","H","VS1",61.2,55,792,4.75,4.79,2.92
0.41,"Premium","E","VVS2",60.9,56,1231,4.84,4.78,2.93
0.5,"Very Good","H","VS2",61.8,63,1074,5.05,5.08,3.13
0.51,"Ideal","F","VS2",61.4,56,1569,5.13,5.16,3.16
0.53,"Ideal","D","SI2",61.4,56,1314,5.22,5.24,3.21
2.2,"Ideal","I","VS1",61.4,57,15092,8.41,8.37,5.15
1.05,"Very Good","J","SI2",63.2,56,2789,6.49,6.45,4.09
0.3,"Premium","E","VS2",60.4,58,844,4.34,4.3,2.61
1.13,"Ideal","H","VS2",62,57,6045,6.61,6.69,4.12
1.14,"Premium","G","VS2",61.4,60,7079,6.71,6.68,4.11
0.5,"Ideal","E","SI1",61.5,57,1700,5.08,5.1,3.13
0.41,"Premium","E","VS1",61.8,58,1153,4.75,4.73,2.93
0.58,"Fair","F","SI2",64.7,56,1088,5.31,5.24,3.41
0.4,"Ideal","I","VVS2",62,54,758,4.74,4.77,2.95
0.51,"Ideal","D","SI1",61.8,55,1687,5.18,5.14,3.19
0.49,"Premium","G","VS2",59.8,59,1240,5.16,5.14,3.08
1.21,"Premium","E","SI2",58.8,58,6065,7.07,6.91,4.11
1.05,"Premium","F","SI2",62.3,56,4363,6.55,6.51,4.07
0.33,"Ideal","H","VVS1",61.7,56,965,4.48,4.46,2.76
1.04,"Ideal","E","SI2",61.4,56,4804,6.5,6.56,4.01
0.49,"Fair","D","VS2",57.5,68,1249,5.18,5.11,2.96
1.08,"Very Good","E","SI2",59.5,59,4840,6.71,6.78,4.01
1.13,"Premium","I","VS1",61.7,54,5316,6.74,6.71,4.15
0.9,"Premium","D","SI2",59.2,60,4114,6.34,6.3,3.74
0.4,"Very Good","E","SI1",62,61,687,4.67,4.71,2.91
0.57,"Ideal","F","VVS2",60.2,57,2321,5.38,5.41,3.25
2,"Good","G","SI2",64.2,60,9999,7.89,7.81,5.04
1.3,"Ideal","G","VVS2",60.9,57,11853,7.04,7.11,4.31
0.34,"Ideal","E","SI1",61,55,637,4.54,4.56,2.77
1.3,"Very Good","G","VS1",62.5,57,9837,6.92,6.96,4.34
1.01,"Premium","H","SI1",60.6,61,4320,6.39,6.35,3.86
0.7,"Very Good","G","SI2",60.7,58,2141,5.74,5.76,3.49
0.72,"Very Good","E","SI1",63.3,56,3183,5.67,5.71,3.6
0.41,"Premium","I","VVS2",62.1,58,1061,4.78,4.76,2.96
1.03,"Premium","H","VS2",62.4,58,5078,6.47,6.39,4.01
0.55,"Ideal","I","VVS1",61.7,56,1712,5.29,5.24,3.25
0.41,"Premium","E","VS1",62,57,1153,4.77,4.74,2.95
1.09,"Premium","H","VS2",61.2,58,5005,6.63,6.58,4.03
0.31,"Very Good","E","VVS2",61.4,60,816,4.34,4.36,2.67
0.71,"Ideal","F","VS1",61.5,56,3710,5.72,5.76,3.53
1.51,"Premium","G","VS1",62.2,58,14542,7.29,7.35,4.55
1.09,"Fair","I","SI1",56.4,62,4273,6.97,6.9,3.9
1.01,"Very Good","D","SI2",60.1,60,4690,6.41,6.47,3.87
1.06,"Premium","H","VS2",60.8,59,5205,6.55,6.58,3.99
0.34,"Very Good","G","SI1",61.5,56,507,4.45,4.52,2.76
0.33,"Ideal","D","SI1",62.2,54,575,4.45,4.46,2.77
0.85,"Premium","G","VS2",61,58,3237,6.11,6.08,3.72
0.56,"Premium","D","SI1",60.6,59,1814,5.36,5.34,3.24
2.01,"Very Good","D","SI2",61.8,59,17079,8.07,8.15,5.01
0.51,"Ideal","E","SI1",61.7,55,1443,5.17,5.13,3.18
0.9,"Very Good","F","VS1",62.5,58,5279,6.12,6.17,3.84
0.5,"Premium","D","VS2",62.1,58,1752,5.03,5.08,3.14
0.73,"Ideal","F","VS1",62.9,56,3135,5.71,5.77,3.61
0.4,"Very Good","E","SI1",63.3,56,882,4.74,4.68,2.98
0.44,"Ideal","G","VVS1",61.8,55,1235,4.86,4.91,3.02
2.19,"Premium","J","SI2",61.8,60,13355,8.35,8.25,5.13
1.08,"Very Good","H","SI1",61.8,53,5375,6.62,6.63,4.09
0.34,"Premium","G","VS2",61.1,60,765,4.53,4.51,2.76
0.39,"Very Good","J","VVS1",62.5,58,718,4.61,4.67,2.9
0.55,"Ideal","G","VVS1",60,56,2077,5.35,5.39,3.21
1.54,"Premium","J","VS2",59.3,59,6202,7.54,7.5,4.46
0.31,"Very Good","H","VVS2",62.4,58,625,4.28,4.31,2.68
0.71,"Very Good","G","SI1",60,59,2711,5.76,5.8,3.47
1.07,"Ideal","E","SI1",61.4,55,6561,6.57,6.62,4.05
0.29,"Ideal","G","VS2",61.6,56,525,4.26,4.29,2.63
0.8,"Good","G","VS2",64.2,58,2753,5.84,5.81,3.74
2.55,"Premium","I","VS1",61.8,62,18766,8.7,8.65,5.36
0.41,"Good","F","SI1",63.3,57,755,4.69,4.72,2.98
1.19,"Premium","I","VS2",59.3,59,4591,6.98,6.88,4.11
0.28,"Very Good","E","IF",59.6,55,688,4.24,4.31,2.55
0.44,"Premium","E","VS2",60.4,59,1003,4.9,4.93,2.97
0.8,"Good","F","SI1",63.8,59,2941,5.83,5.87,3.73
1.5,"Very Good","I","VS2",58.4,61,8662,7.42,7.48,4.35
1.25,"Good","I","SI2",63.9,56,4725,6.81,6.77,4.34
2,"Premium","J","SI2",61.9,55,11899,8.09,8.06,5
1.01,"Very Good","F","VS2",61.5,57,6159,6.4,6.48,3.96
0.91,"Premium","H","VS1",61,59,4670,6.25,6.18,3.79
0.25,"Very Good","H","VVS2",63.3,54,467,3.98,4.02,2.52
1.01,"Very Good","F","SI1",63.5,59,4989,6.38,6.29,4.02
0.48,"Ideal","I","VS1",62.2,54,944,5.03,5.06,3.14
1.01,"Good","H","SI2",63.9,58,3959,6.35,6.32,4.05
1.51,"Very Good","F","VVS2",61.3,61,17203,7.33,7.36,4.5
0.23,"Very Good","F","VVS2",61.9,59,530,3.94,3.97,2.45
0.35,"Ideal","F","VS2",61.4,54,706,4.54,4.58,2.8
1.02,"Premium","D","SI2",60.3,58,4718,6.52,6.48,3.92
0.59,"Ideal","D","SI1",61.2,56,1821,5.43,5.38,3.31
0.48,"Very Good","E","VS1",59.1,62,1616,5.14,5.18,3.05
0.34,"Ideal","G","VS2",61.8,56,596,4.48,4.52,2.78
0.31,"Ideal","E","VVS2",61.4,57,791,4.37,4.39,2.69
2,"Very Good","I","VS2",58.6,62,15923,8.17,8.2,4.8
0.41,"Very Good","F","VS2",62.8,57,863,4.73,4.76,2.98
0.32,"Ideal","F","VVS2",61.2,57,1008,4.43,4.4,2.7
1,"Very Good","F","VS2",62.8,57,6957,6.29,6.35,3.97
2.06,"Very Good","J","VS2",62.6,58,14119,8.05,8.08,5.05
1.52,"Premium","I","SI1",61.2,60,8521,7.41,7.36,4.52
1,"Good","H","SI2",63.9,58,3528,6.36,6.28,4.03
0.77,"Very Good","F","VVS1",61.1,57,4304,5.91,5.94,3.62
0.33,"Very Good","E","SI1",63.4,55,743,4.4,4.37,2.78
1.01,"Good","F","SI2",58.2,61,4140,6.47,6.53,3.78
1.12,"Premium","G","IF",61.2,58,9440,6.67,6.7,4.09
0.62,"Ideal","E","SI1",60.7,56,2156,5.54,5.57,3.37
0.7,"Premium","F","SI1",62.5,59,2333,5.65,5.67,3.54
1.01,"Premium","F","VS1",62.6,58,6176,6.48,6.37,4.02
0.63,"Ideal","D","VS2",61.1,55,2106,5.6,5.56,3.41
0.56,"Premium","J","SI1",60.3,59,1050,5.34,5.3,3.21
0.9,"Very Good","E","VS2",62.1,55,4919,6.14,6.23,3.84
0.37,"Ideal","E","VS2",61.9,53,811,4.62,4.65,2.87
0.32,"Ideal","E","VS2",61.4,57,780,4.46,4.4,2.72
0.7,"Ideal","G","SI1",62,56,2699,5.66,5.69,3.52
0.44,"Ideal","E","VVS2",61.8,56,1334,4.93,4.88,3.03
0.32,"Ideal","G","VVS1",61.9,55,814,4.43,4.46,2.75
0.72,"Ideal","F","VVS2",60.9,56,3746,5.77,5.83,3.53
0.72,"Fair","D","VS2",65.4,56,2414,5.68,5.6,3.69
0.34,"Ideal","D","SI1",60.4,57,803,4.53,4.51,2.73
0.4,"Ideal","E","VS1",61.6,56,1053,4.73,4.78,2.93
0.34,"Ideal","E","VS1",62.1,56,805,4.48,4.5,2.79
0.32,"Premium","H","VS1",62.4,58,720,4.4,4.35,2.73
0.5,"Premium","E","SI1",62,59,1415,5.1,5.06,3.15
1.08,"Ideal","H","SI2",61.4,57,5141,6.66,6.6,4.07
0.57,"Ideal","D","SI1",61.4,55,1684,5.34,5.35,3.28
0.3,"Ideal","G","VS1",62.5,57,776,4.32,4.29,2.69
0.3,"Ideal","G","SI1",61.2,56,487,4.33,4.36,2.65
0.6,"Premium","D","SI2",61.4,56,1385,5.43,5.41,3.33
0.31,"Ideal","I","VS2",61.6,55,452,4.37,4.4,2.7
1,"Ideal","F","SI2",61.2,57,4372,6.39,6.48,3.94
0.91,"Ideal","G","SI2",61.6,56,3985,6.24,6.22,3.84
1.02,"Ideal","H","SI2",62.4,55,4870,6.41,6.46,4.02
0.35,"Premium","E","VVS1",61,58,1116,4.56,4.52,2.77
0.56,"Ideal","I","IF",61.9,54,1689,5.29,5.34,3.29
0.51,"Ideal","D","VS2",62.4,55,1678,5.12,5.14,3.2
1,"Ideal","I","VS2",62.4,52,4841,6.41,6.45,4.02
0.51,"Very Good","E","SI2",58.3,61.9,1180,5.19,5.2,3.04
2.03,"Ideal","G","SI2",61.5,57,12154,8.15,8.07,4.99
0.54,"Ideal","F","VS2",61.4,57,1662,5.2,5.25,3.21
1.01,"Ideal","E","SI1",62.2,56,5068,6.43,6.4,3.99
1.01,"Good","E","SI2",63.3,58,4355,6.37,6.39,4.04
0.39,"Ideal","D","VS1",61.8,54,988,4.69,4.73,2.91
0.31,"Premium","E","VS2",61.8,59,872,4.37,4.3,2.68
1.07,"Premium","H","SI1",58.9,59,4235,6.76,6.71,3.97
0.3,"Ideal","F","VVS1",61.9,57,776,4.3,4.32,2.67
0.71,"Ideal","I","VVS1",61.4,56,2606,5.73,5.76,3.53
1.52,"Premium","E","SI2",61,59,10214,7.39,7.33,4.49
1.3,"Premium","J","SI1",61.9,56,5569,7.07,7.04,4.37
1.14,"Very Good","H","SI1",59.2,58,4890,6.8,6.86,4.04
2.05,"Ideal","G","SI2",61.6,56,18017,8.11,8.16,5.01
0.81,"Premium","E","VS2",61.5,58,3674,5.99,5.94,3.97
1.02,"Very Good","F","VVS2",63.7,59,9728,6.34,6.38,4.05
0.41,"Premium","G","VS1",61.9,58,961,4.78,4.75,2.95
1.27,"Premium","H","VS2",61.1,58,7849,6.96,6.88,4.23
1.03,"Ideal","G","VVS2",61.2,57,8483,6.48,6.52,3.98
0.53,"Ideal","D","VS2",61.4,56,1659,5.18,5.21,3.19
0.21,"Premium","E","SI2",61.9,56,394,3.84,3.82,2.37
1.14,"Very Good","F","SI2",59.2,63,5033,6.78,6.86,4.04
0.8,"Ideal","D","SI1",62.7,57,3564,5.88,5.92,3.7
1.01,"Ideal","H","VS2",60.6,57,5317,6.54,6.49,3.95
0.61,"Ideal","E","VS1",61.7,55,2285,5.45,5.47,3.37
1.21,"Premium","G","VS2",62.2,58,7320,6.78,6.88,4.25
1.01,"Good","E","SI2",63.7,58,4751,6.36,6.32,4.04
1.64,"Premium","H","SI1",59.3,61,11159,7.68,7.64,4.54
1.52,"Ideal","H","SI2",62.3,56,7388,7.34,7.24,4.54
0.36,"Premium","E","VS1",61.5,59,727,4.57,4.6,2.82
0.42,"Ideal","F","VVS1",61.4,56,1656,4.83,4.85,2.97
0.39,"Very Good","E","SI1",59.1,59,670,4.76,4.81,2.83
1.24,"Good","H","SI1",62,65,5146,6.88,6.84,4.25
0.47,"Premium","E","VVS2",60.5,58,1833,5.05,5,3.04
0.33,"Very Good","G","SI2",60,56,460,4.52,4.55,2.73
0.32,"Ideal","D","VS2",62.2,56,972,4.39,4.36,2.72
1.62,"Premium","H","SI1",61.3,60,10813,7.48,7.53,4.6
0.52,"Ideal","E","VVS2",61.8,56,2301,5.16,5.19,3.2
0.58,"Ideal","E","VS1",60.8,57,2241,5.41,5.42,3.29
0.7,"Very Good","E","SI1",60.3,58,2239,5.73,5.85,3.49
0.37,"Ideal","H","IF",61.4,55,936,4.63,4.66,2.85
0.35,"Very Good","G","SI1",63.4,56,669,4.5,4.46,2.84
0.41,"Very Good","E","VS1",63.4,55,1160,4.7,4.73,2.99
1.24,"Very Good","H","VVS2",61.3,55,8438,6.94,6.96,4.26
0.39,"Ideal","G","VVS1",60.7,56,1359,4.73,4.77,2.88
1.52,"Ideal","E","VS2",62.4,55,15488,7.42,7.32,4.6
1.03,"Ideal","H","VS2",61.2,56,6123,6.5,6.53,3.98
0.31,"Ideal","G","IF",61.8,54,891,4.36,4.38,2.7
1.76,"Ideal","G","VS1",62.8,55,18178,7.74,7.7,4.85
0.9,"Premium","G","VS2",60,59,4424,6.3,6.23,3.76
0.73,"Good","H","SI2",60.9,65,2085,5.86,5.69,3.51
0.42,"Ideal","G","VS2",62.1,56,1087,4.84,4.79,2.99
0.7,"Good","D","SI1",62.5,56.7,2872,5.59,5.62,3.51
1.62,"Ideal","G","VS2",61.7,54,15318,7.57,7.58,4.68
0.36,"Premium","I","SI1",60.4,60,624,4.62,4.58,2.78
1.6,"Very Good","F","SI2",60.5,60,8377,7.52,7.55,4.56
1.23,"Ideal","H","SI2",61.4,54,5641,6.95,6.94,4.26
0.52,"Ideal","H","VS2",61.7,55,1689,5.2,5.23,3.22
0.32,"Good","I","VS2",63.4,55,449,4.33,4.37,2.76
1,"Premium","F","SI1",62.1,59,5060,6.36,6.39,3.96
0.8,"Fair","E","SI1",56.3,63,2885,6.22,6.14,3.48
0.31,"Ideal","G","VVS1",61.6,56,816,4.35,4.39,2.69
1.05,"Ideal","F","SI2",60.9,56,4591,6.56,6.64,4.02
0.31,"Ideal","H","VS1",62.2,57,544,4.34,4.37,2.71
0.72,"Ideal","H","VS1",61.6,56,3274,5.76,5.79,3.55
2.14,"Premium","E","SI2",61.5,58,18291,8.31,8.24,5.09
0.31,"Premium","E","VS1",61,60,816,4.37,4.35,2.66
0.46,"Fair","G","SI1",63.4,68,911,4.88,4.8,3.07
0.36,"Premium","E","VS2",60.3,62,1013,4.59,4.56,2.76
0.77,"Ideal","J","SI1",62,57,2257,5.84,5.87,3.63
0.31,"Ideal","H","VVS1",61.5,54,907,4.39,4.36,2.69
0.83,"Premium","G","SI2",61.9,56,2543,6.04,5.97,3.72
1.02,"Ideal","G","VVS2",61.1,57,8042,6.51,6.48,3.97
0.34,"Very Good","F","VS2",62.3,57,686,4.44,4.48,2.78
0.47,"Good","E","SI2",56.5,62,844,5.17,5.09,2.9
0.34,"Premium","E","SI2",61.7,58,612,4.54,4.5,2.79
0.39,"Ideal","J","VS2",61.4,57,746,4.72,4.66,2.88
0.24,"Very Good","G","VVS2",62,56,449,4,4.03,2.49
2.01,"Premium","I","VS2",61,61,16778,8.15,7.99,4.92
1.2,"Ideal","G","SI1",61.5,54,6160,6.85,6.87,4.22
0.31,"Ideal","E","VVS1",61.7,56,853,4.38,4.4,2.71
1.24,"Very Good","F","VVS2",62,55,11130,6.88,6.95,4.29
1.06,"Premium","H","VS2",62.6,58,5783,6.49,6.54,4.08
0.7,"Ideal","D","VS2",60.3,60,2991,5.71,5.76,3.46
0.71,"Premium","H","VS2",62.2,59,2352,5.68,5.64,3.52
0.35,"Premium","F","VS2",61.8,58,706,4.48,4.52,2.78
1.01,"Premium","H","SI1",62.3,61,4513,6.39,6.32,3.96
1.23,"Ideal","D","SI1",60.9,54,6557,7.01,6.96,4.25
0.74,"Good","J","SI1",59.9,64,2058,5.82,5.86,3.5
0.52,"Ideal","I","SI1",62,54,1019,5.17,5.19,3.21
0.3,"Very Good","G","VVS2",60.6,58,684,4.35,4.36,2.64
0.31,"Good","D","SI1",63.9,54,571,4.27,4.3,2.74
0.31,"Very Good","G","VVS1",61.9,55,642,4.36,4.4,2.71
0.33,"Ideal","H","VVS1",61.5,56,730,4.46,4.49,2.75
1.29,"Ideal","F","SI2",61.9,55,7126,6.95,7.01,4.32
0.3,"Ideal","H","VVS1",61.8,55,665,4.34,4.37,2.69
1.23,"Ideal","H","SI1",61.7,55,6750,6.94,6.9,4.27
0.6,"Premium","H","I1",62.1,62,835,5.33,5.27,3.3
0.28,"Good","F","VS1",58.3,58,487,4.33,4.35,2.53
0.76,"Ideal","I","SI1",62.3,57,2474,5.81,5.87,3.64
1.71,"Very Good","I","VS2",63.4,59,11389,7.53,7.45,4.75
1.58,"Ideal","F","VS2",60,57,14044,7.58,7.52,4.53
1.05,"Good","H","SI1",63.2,56,4937,6.47,6.51,4.1
0.33,"Good","I","VS1",63.2,57,521,4.37,4.4,2.77
0.9,"Premium","G","SI2",61.1,58,3303,6.18,6.22,3.79
1.01,"Ideal","G","SI2",59.6,57,4327,6.59,6.54,3.91
0.31,"Very Good","I","VS2",61.6,56,468,4.36,4.39,2.69
1.11,"Good","I","VS1",59.2,64,4817,6.8,6.77,4.02
1.5,"Very Good","J","VS2",62.4,60,7402,7.21,7.32,4.53
1.5,"Premium","J","SI2",61,60,6048,7.34,7.3,4.46
1,"Premium","E","SI2",59.9,55,3612,6.48,6.4,3.86
0.73,"Very Good","H","SI1",62.2,57,2001,5.77,5.8,3.6
0.72,"Very Good","D","VS2",63.1,59,3139,5.67,5.7,3.59
0.4,"Premium","D","SI2",59.9,60,855,4.78,4.74,2.85
0.31,"Premium","D","IF",60.2,59,1167,4.39,4.42,2.65
0.41,"Good","E","SI1",59.5,62,760,4.85,4.87,2.89
0.41,"Good","I","VS1",63.7,57,755,4.67,4.72,2.99
2.38,"Premium","H","SI1",58.2,60,16643,8.81,8.78,5.12
2.25,"Premium","I","SI1",61.3,58,15397,8.52,8.42,0
0.7,"Very Good","I","SI1",61.1,56,2021,5.74,5.75,3.51
1.01,"Ideal","G","VS2",60.9,57,6663,6.48,6.51,3.95
0.75,"Premium","D","SI2",60.6,56,2415,5.94,5.9,3.59
0.72,"Ideal","E","VS2",61.7,55,3427,5.8,5.77,3.57
0.57,"Very Good","E","SI2",58.8,57.3,1384,5.42,5.46,3.21
1.2,"Very Good","I","SI1",61.7,56,4785,6.82,6.76,4.19
0.32,"Ideal","F","IF",62.5,54,943,4.38,4.42,2.75
1.12,"Very Good","H","SI1",62.3,55,5236,6.64,6.69,4.15
0.33,"Very Good","G","VVS2",60.9,59,752,4.45,4.49,2.72
0.4,"Good","G","VS2",63.8,59,807,4.64,4.57,2.94
0.71,"Premium","F","VS1",61.1,58,2942,5.76,5.72,3.51
0.33,"Ideal","F","VS2",62.3,55,854,4.47,4.42,2.77
1.02,"Very Good","J","SI2",63.1,58,3359,6.38,6.34,4.01
2.01,"Ideal","I","VS2",64.8,55,15729,7.91,7.87,5.12
0.59,"Ideal","F","VS2",60.6,56,1834,5.43,5.48,3.31
1.1,"Ideal","F","VS1",61.7,57,8279,6.67,6.65,4.11
0.75,"Very Good","F","SI1",63.7,58,2693,5.73,5.77,3.66
0.54,"Ideal","G","VVS2",61.8,56,1985,5.23,5.25,3.24
1.01,"Premium","J","VS2",62.4,60,3190,6.45,6.35,3.99
0.33,"Premium","G","VS2",61.3,59,743,4.46,4.44,2.73
0.41,"Premium","E","VS1",62.3,59,1153,4.76,4.74,2.96
0.44,"Premium","D","SI1",62.9,58,1089,4.85,4.82,3.04
1.02,"Very Good","G","SI1",62.9,56,4704,6.36,6.4,4.01
0.55,"Ideal","H","VS2",62,55,1664,5.31,5.28,3.28
1,"Good","E","SI1",62.4,59,4936,6.35,6.4,3.98
1.56,"Very Good","H","VS1",63.9,57,11804,7.3,7.37,4.69
1.02,"Ideal","E","IF",62.6,57,11605,6.47,6.41,4.03
0.82,"Ideal","E","SI2",62.6,55,3131,5.94,5.98,3.73
0.41,"Premium","F","VS1",62.4,60,1076,4.77,4.71,2.96
1.05,"Premium","J","SI2",60.9,60,3457,6.59,6.51,3.99
0.91,"Premium","I","SI1",58.4,55,2700,6.34,6.32,3.7
0.51,"Ideal","F","VVS2",62.2,56,2203,5.12,5.08,3.17
0.5,"Good","G","VVS2",63.6,57,1858,5.08,5.04,3.22
0.41,"Ideal","I","VVS2",61.6,56,753,4.79,4.82,2.96
0.5,"Ideal","E","VS2",63.8,54,1845,5.07,5.05,3.23
1.74,"Ideal","H","VS2",61.5,55,13761,7.79,7.73,4.77
1,"Premium","I","SI2",61.6,59,3712,6.34,6.41,3.93
1.01,"Good","G","VS2",63.2,64,5538,6.34,6.28,3.99
0.35,"Premium","G","VS1",61.2,58,706,4.51,4.54,2.77
0.42,"Ideal","E","VS2",62.4,55,958,4.79,4.83,3
1.01,"Ideal","I","SI2",61.9,55,3733,6.45,6.38,3.97
0.34,"Premium","E","VS2",61.9,58,956,4.45,4.43,2.75
1.26,"Good","J","SI1",63.9,58,4255,6.78,6.74,4.32
0.34,"Good","F","SI2",63.9,56,536,4.43,4.4,2.82
1.14,"Premium","F","SI1",61.1,58,6448,6.77,6.72,4.12
0.54,"Ideal","D","VS2",61.1,56,1892,5.25,5.29,3.22
1.03,"Premium","E","VS2",60,59,6460,6.6,6.54,3.94
0.39,"Premium","F","VS1",62,56,1010,4.72,4.64,2.9
0.3,"Ideal","H","SI1",60.7,56,465,4.35,4.37,2.65
0.91,"Good","G","VS1",64.1,60,4744,6.11,6.06,3.9
0.51,"Ideal","E","VS1",61.8,55,1697,5.15,5.18,3.19
1.01,"Premium","G","VS1",60.9,58,6759,6.43,6.47,3.93
0.8,"Very Good","F","VS2",62.1,60,3471,5.86,5.92,3.66
0.5,"Very Good","D","VS1",62.3,60,1804,5.07,5.1,3.17
0.52,"Very Good","D","VS2",60.6,56,1822,5.22,5.25,3.17
0.38,"Premium","F","VS1",62.7,57,1101,4.71,4.64,2.93
0.3,"Very Good","J","VS1",63,59,394,4.24,4.27,2.68
0.37,"Ideal","F","VS2",60.6,56,746,4.63,4.64,2.81
1.52,"Very Good","J","VVS2",62.1,60,11392,7.33,7.36,4.56
0.42,"Premium","D","SI2",62,59,862,4.83,4.78,2.98
0.41,"Very Good","G","VS1",61.7,57,899,4.75,4.78,2.94
0.34,"Ideal","H","SI1",61.5,55,647,4.53,4.55,2.79
0.79,"Ideal","I","SI2",62.1,56,2277,5.92,5.97,3.69
0.72,"Very Good","F","SI1",61.1,54,2673,5.82,5.84,3.56
1.03,"Ideal","G","VS1",62.1,57,6558,6.44,6.47,4.01
0.28,"Very Good","E","VVS2",61.4,55,612,4.22,4.25,2.6
1.06,"Ideal","F","VS2",61,57,7075,6.57,6.6,4.02
0.71,"Very Good","J","VS2",62.6,54,1902,5.68,5.72,3.57
0.72,"Very Good","F","VS2",63.6,58,2787,5.66,5.69,3.61
0.77,"Very Good","J","SI1",63.3,57,2010,5.84,5.79,3.68
0.35,"Premium","D","VS2",60.4,58,829,4.53,4.58,2.75
0.55,"Ideal","H","SI1",61.6,55,1314,5.29,5.32,3.27
0.43,"Ideal","H","VVS1",62.3,54,1169,4.85,4.84,3.02
1.2,"Premium","H","VVS2",60,60,5174,6.86,6.78,4.09
1,"Fair","E","VS2",57.4,58,6268,6.57,6.64,3.79
0.4,"Premium","F","VS1",62.6,58,982,4.68,4.72,2.94
1.54,"Premium","G","SI1",61,59,12592,7.43,7.38,4.52
0.31,"Ideal","J","VVS2",62.2,54,453,4.36,4.39,2.72
1.2,"Very Good","G","SI2",61.2,59,4712,6.78,6.84,4.17
0.41,"Ideal","E","SI1",62.1,54,755,4.76,4.81,2.97
0.81,"Premium","H","VS2",58,59,2795,6.17,6.13,3.57
1.51,"Premium","G","VS1",60.1,58,14507,7.48,7.45,4.49
0.23,"Very Good","F","VS2",59.4,57,402,4.06,4.09,2.42
1,"Fair","H","SI2",66.1,56,2856,6.21,5.97,4.04
1.01,"Premium","G","VS2",62.9,58,6108,6.39,6.3,3.99
0.48,"Fair","F","SI1",56.4,59,994,5.28,5.26,2.97
0.72,"Ideal","E","VS1",61.9,55,3283,5.74,5.77,3.56
0.35,"Premium","F","VS2",60.4,59,879,4.57,4.54,2.75
0.38,"Ideal","G","SI1",62.4,57,666,4.62,4.65,2.89
0.36,"Premium","F","SI1",60.3,58,770,4.65,4.6,2.79
0.81,"Premium","D","SI2",61.7,58,2994,5.97,5.93,3.67
0.85,"Premium","D","SI2",58.5,60,3398,6.23,6.21,3.64
0.33,"Ideal","F","VS2",62.3,56,854,4.46,4.43,2.77
0.9,"Very Good","H","VS1",62.1,57,4455,6.17,6.23,3.85
1.53,"Ideal","G","VS1",62.2,56,13994,7.36,7.31,4.56
0.3,"Ideal","H","VVS1",62,56,665,4.29,4.32,2.67
0.71,"Premium","E","SI1",59.5,62,2629,5.85,5.74,3.45
1.57,"Ideal","G","SI1",61.7,55,8752,7.51,7.44,4.61
0.54,"Good","D","SI2",59.1,65,1377,5.28,5.32,3.13
0.9,"Premium","D","SI1",62.2,60,3013,6.08,6.05,3.77
1.15,"Good","H","VS1",64.3,54,5935,6.66,6.62,4.27
1.01,"Premium","G","VS1",59.8,59,6412,6.5,6.55,3.9
0.8,"Ideal","D","VS2",61,57,4170,5.96,6,3.65
0.23,"Good","E","VVS1",64.4,57,472,3.87,3.9,2.5
1.53,"Premium","H","SI2",62.5,59,8499,7.4,7.36,4.61
0.33,"Good","I","VVS2",63.7,56,579,4.36,4.4,2.79
0.71,"Premium","F","SI2",62.6,59,2072,5.64,5.6,3.52
0.51,"Ideal","G","VS2",62,56,1443,5.18,5.11,3.19
0.41,"Ideal","G","VS2",61.4,55,1061,4.8,4.75,2.93
0.72,"Ideal","E","SI1",62,57,2626,5.7,5.75,3.55
0.53,"Very Good","D","IF",59.8,60,3827,5.22,5.28,3.14
0.36,"Premium","G","VS2",62.5,58,589,4.51,4.55,2.83
0.73,"Very Good","D","VS1",61.1,59,4116,5.79,5.86,3.56
0.51,"Ideal","D","VS2",61.8,55,1787,5.1,5.16,3.17
2,"Premium","H","SI1",63,56,18371,7.98,7.93,5.01
0.46,"Very Good","F","SI1",63.1,56,1006,4.9,4.87,3.08
0.3,"Premium","D","SI2",60.2,60,574,4.35,4.32,2.61
1.51,"Ideal","E","SI2",62.5,57,10210,7.29,7.34,4.57
0.31,"Ideal","I","SI1",61.9,56,436,4.33,4.36,2.69
0.51,"Very Good","E","VS2",63.3,56,1781,5.12,5.08,3.23
1.63,"Ideal","I","VVS2",62.3,54.7,12174,7.49,7.52,4.69
0.34,"Ideal","F","VVS2",62,54.2,846,4.47,4.49,2.78
0.56,"Ideal","G","SI1",61.5,56,1633,5.31,5.32,3.27
0.72,"Premium","G","SI2",60.6,61,1588,5.83,5.75,3.51
0.61,"Ideal","G","SI1",62,54,1579,5.48,5.5,3.4
0.4,"Good","H","SI2",63.7,59,561,4.64,4.69,2.97
1.5,"Very Good","E","SI2",62.2,58,8291,7.31,7.35,4.56
0.46,"Very Good","D","VVS1",61.6,59,1993,4.92,4.97,3.05
0.54,"Very Good","H","VS2",62.6,58,1338,5.16,5.19,3.24
0.41,"Very Good","F","VS2",62.8,58,863,4.69,4.73,2.96
2.01,"Very Good","I","SI1",64.1,57,15145,7.89,7.94,5.07
1.01,"Very Good","F","SI2",63.4,60,3563,6.33,6.26,3.99
0.33,"Ideal","G","VS1",61.4,54,854,4.48,4.44,2.74
1.01,"Good","D","SI2",61.5,56,4260,6.36,6.42,3.93
1.5,"Very Good","H","SI1",62,63,7459,7.24,7.19,4.47
0.32,"Ideal","H","VS2",62.5,55,505,4.38,4.42,2.75
0.24,"Very Good","F","VVS1",61.7,56,485,3.98,4,2.46
0.7,"Very Good","G","VVS1",62.4,59,3208,5.63,5.66,3.52
0.31,"Good","E","IF",57.7,55,912,4.51,4.6,2.63
0.53,"Very Good","G","VS1",62.2,59,1664,5.14,5.18,3.21
0.5,"Ideal","F","VS1",62.5,52.4,1679,5.07,5.11,3.18
1.91,"Very Good","F","SI1",62.2,54,17509,7.91,7.97,4.94
0.4,"Ideal","G","VVS1",61.2,56,1123,4.75,4.79,2.92
0.9,"Fair","G","I1",66,58,2310,5.96,5.88,3.91
1.21,"Premium","G","SI2",58.9,61,4976,6.98,6.91,4.09
0.71,"Ideal","I","VVS1",62.4,57,2530,5.67,5.71,3.55
0.41,"Premium","E","SI1",61.2,59,904,4.82,4.78,2.94
1.07,"Ideal","F","SI2",62,57,4764,6.6,6.49,4.06
0.32,"Very Good","H","VS2",62.8,55,505,4.38,4.41,2.76
0.4,"Good","I","VS2",63.8,54,855,4.72,4.68,3
0.32,"Very Good","G","SI1",60.9,58,477,4.39,4.44,2.69
1.01,"Very Good","H","SI1",63.3,56,4669,6.35,6.39,4.03
0.3,"Ideal","E","VVS2",61.4,57,789,4.32,4.34,2.66
0.3,"Ideal","D","SI1",61.9,54,709,4.34,4.32,2.68
0.9,"Ideal","E","SI1",59.1,59,4439,6.31,6.37,3.75
0.71,"Good","H","VVS2",63,59,2517,5.64,5.67,3.56
0.51,"Ideal","G","IF",62.9,58,2146,5.07,5.11,3.2
0.51,"Ideal","G","VVS1",60.8,56,1839,5.21,5.22,3.17
1.02,"Ideal","E","SI2",60.3,57,4798,6.53,6.5,3.95
0.91,"Very Good","H","VS1",63.4,56,4224,6.18,6.12,3.9
0.31,"Ideal","F","VS1",60.7,56,695,4.37,4.39,2.66
0.36,"Ideal","G","VS1",61.1,55,746,4.63,4.66,2.84
1.3,"Ideal","G","VS2",61.9,55,9060,7.01,7.04,4.35
2.18,"Ideal","I","SI2",61.4,60,14870,8.37,8.31,5.12
1.27,"Ideal","E","SI2",60.8,57,7023,7,7.02,4.26
0.35,"Premium","F","VS2",61.9,58,906,4.54,4.48,2.79
0.51,"Premium","E","SI2",62.7,52,1205,5.15,5.12,3.22
1.01,"Premium","E","SI1",60.7,58,5525,6.5,6.48,3.94
0.33,"Ideal","E","SI1",62.5,55,743,4.45,4.42,2.77
0.67,"Good","F","VS1",64.4,57,2244,5.55,5.6,3.6
1.09,"Very Good","F","SI2",63.2,58,4853,6.54,6.49,4.12
1.03,"Fair","I","SI1",57.4,61,3892,6.67,6.71,3.84
0.79,"Premium","H","VS2",62.6,61,2726,5.9,5.86,3.68
0.32,"Ideal","H","SI1",61,56.6,471,4.4,4.43,2.7
0.35,"Ideal","H","VVS1",62,55,756,4.52,4.54,2.81
0.9,"Very Good","F","SI1",62.6,60,3950,6.1,6.14,3.83
0.52,"Ideal","E","VS1",62.5,56,1793,5.16,5.11,3.21
0.53,"Ideal","D","SI1",62.2,56,1753,5.23,5.19,3.24
1.01,"Fair","D","SI1",63.5,58,4751,6.35,6.25,4
0.34,"Premium","G","VS2",62.4,59,596,4.41,4.47,2.77
0.5,"Premium","F","VS1",61.3,59,1838,5.15,5.09,3.14
0.71,"Premium","F","VS1",61.8,59,2765,5.69,5.73,3.53
0.23,"Premium","F","VVS2",61.3,59,445,3.94,3.99,2.43
0.91,"Good","E","SI1",63.6,57,4611,6.13,6.1,3.89
0.4,"Very Good","E","SI1",63.2,58,882,4.7,4.66,2.96
0.55,"Very Good","F","VS1",60.7,60,1853,5.29,5.32,3.22
1.81,"Premium","G","SI1",62.3,58,11854,7.75,7.68,4.81
1.01,"Ideal","D","SI1",62.4,54,5147,6.52,6.38,4.03
1.51,"Premium","J","VVS2",62.6,59,8930,7.33,7.31,4.58
1.13,"Ideal","G","VS1",61.5,56,8051,6.71,6.73,4.13
1.73,"Premium","F","SI2",61.5,60,9494,7.75,7.66,4.74
0.31,"Very Good","D","VS2",63.6,55,641,4.29,4.32,2.74
0.8,"Good","F","SI1",63.8,59,2890,5.87,5.83,3.73
0.37,"Premium","G","VS2",61.2,57,833,4.63,4.59,2.82
1,"Very Good","G","SI1",61,56.7,5522,6.44,6.47,3.94
1.21,"Very Good","H","VS1",62.8,54.4,7786,6.78,6.81,4.26
0.38,"Ideal","E","VS2",61.5,54,968,4.67,4.69,2.88
0.24,"Ideal","G","IF",61.6,57,559,3.99,4.02,2.46
0.9,"Very Good","F","VS2",63.2,57,4715,6.12,6.07,3.85
0.41,"Good","F","VS2",63.2,57,863,4.74,4.76,3
0.7,"Very Good","G","VS1",62.8,57,2475,5.63,5.68,3.55
0.39,"Ideal","G","VVS1",61.8,54.4,1008,4.69,4.73,2.92
0.54,"Ideal","G","SI1",61.2,58,1404,5.27,5.29,3.23
0.34,"Ideal","F","VVS1",61.4,57,967,4.5,4.53,2.77
0.96,"Ideal","F","VS1",61.2,56,5666,6.38,6.34,3.89
0.91,"Very Good","G","VS1",63.1,61,4536,6.13,6.07,3.85
0.37,"Very Good","H","SI1",62.6,63,613,4.6,4.5,2.85
0.32,"Very Good","E","VS2",60.5,55,702,4.43,4.49,2.7
0.71,"Very Good","I","SI1",60.4,63,1926,5.73,5.8,3.48
1.14,"Very Good","G","VS1",63.4,58,7171,6.67,6.61,4.21
0.43,"Good","G","SI1",63.6,55,903,4.83,4.79,3.06
1.05,"Premium","G","SI2",61.8,60,4198,6.49,6.46,4
1.51,"Premium","J","VS2",62.3,59,7418,7.31,7.35,4.57
0.35,"Ideal","I","VS1",60.9,57,552,4.54,4.59,2.78
0.3,"Ideal","E","VVS2",61.1,57,837,4.34,4.36,2.65
1.54,"Very Good","I","VS2",62,58,8537,7.38,7.43,4.59
0.92,"Very Good","G","VVS2",62.3,57,5183,6.19,6.27,3.88
1.2,"Ideal","D","VS2",61.4,55,9596,6.87,6.78,4.19
0.26,"Ideal","G","VS2",62.3,54,397,4.09,4.1,2.55
0.91,"Good","F","SI2",56.9,62,2461,6.51,6.45,3.69
0.71,"Ideal","G","VS1",61.5,55,3431,5.72,5.77,3.54
2.43,"Ideal","I","SI2",62.3,59,17856,8.54,8.61,5.34
0.3,"Ideal","F","SI1",62.3,54,500,4.27,4.3,2.67
1.01,"Ideal","D","SI2",61.3,54,4916,6.47,6.52,3.99
0.53,"Ideal","G","VS1",61.8,55,1721,5.17,5.22,3.21
0.3,"Ideal","D","VS2",61.6,57,710,4.3,4.33,2.66
1.1,"Ideal","G","VS2",61.9,57,7540,6.63,6.57,4.09
1.23,"Ideal","H","SI2",62.4,57,6152,6.79,6.84,4.25
0.53,"Very Good","G","VS1",63.4,56,1727,5.15,5.1,3.25
1,"Very Good","F","SI1",59.4,60,4961,6.47,6.52,3.86
0.71,"Ideal","D","SI2",62.7,55,2551,5.67,5.71,3.57
0.24,"Ideal","E","VVS2",61.7,58,526,3.96,4.01,2.46
1.11,"Ideal","E","VS2",61,57,9625,6.65,6.7,4.08
0.5,"Very Good","D","SI2",60.8,55,1306,5.14,5.16,3.13
1,"Good","F","SI1",64.9,57,4844,6.25,6.32,4.08
1,"Ideal","E","SI2",62.2,52,4808,6.42,6.47,4.01
2.05,"Ideal","E","SI1",62.4,57,18193,8.17,8.09,5.08
1.13,"Ideal","H","I1",62.2,55,3745,6.69,6.65,4.15
1.1,"Ideal","E","SI2",61.6,56,5263,6.63,6.66,4.09
0.41,"Very Good","G","VS1",61.6,59,908,4.74,4.8,2.94
0.4,"Ideal","E","SI1",62.7,57,737,4.69,4.72,2.95
0.71,"Premium","D","SI2",61.7,59,2768,5.71,5.67,3.51
1.36,"Premium","F","VS2",59.3,60,10929,7.23,7.2,4.28
0.28,"Ideal","F","VVS2",61.8,56,787,4.18,4.22,2.6
0.59,"Good","I","SI2",63.9,57,1180,5.3,5.25,3.37
0.91,"Very Good","E","SI2",58.6,63,2963,6.38,6.32,3.72
0.73,"Ideal","D","VS2",60.7,57,4134,5.84,5.88,3.55
0.7,"Fair","I","I1",66.3,63,1014,5.58,5.43,3.66
1.52,"Premium","I","SI1",62.8,62,9295,7.29,7.23,4.56
0.42,"Ideal","H","IF",61,56,1135,4.79,4.82,2.93
0.4,"Good","H","VS2",63.1,62,717,4.75,4.66,2.97
0.46,"Premium","I","IF",59.4,60,1208,5.04,5.02,2.99
0.55,"Premium","D","VS2",61.6,56,1894,5.33,5.28,3.27
0.9,"Ideal","E","SI2",62.7,54,4091,6.13,6.21,3.87
1,"Good","J","SI1",59.5,61,3616,6.46,6.52,3.86
0.82,"Ideal","E","SI1",61.8,55,3588,5.97,6.01,3.7
1.01,"Premium","G","VVS2",60.5,60,7665,6.58,6.51,3.96
1.51,"Fair","J","SI1",63.4,60,6976,7.31,7.18,4.59
0.27,"Ideal","D","IF",62.4,56,893,4.15,4.12,2.58
0.28,"Very Good","I","VS1",60.9,57,462,4.22,4.25,2.58
2.02,"Premium","I","SI2",58,58,13117,8.34,8.25,4.81
1.19,"Premium","H","VS2",61,59,6363,6.91,6.8,4.18
1,"Good","F","SI1",63.6,62,4586,6.3,6.24,3.99
0.7,"Ideal","G","SI1",61.6,56,2478,5.69,5.73,3.52
0.98,"Good","H","SI2",57.9,56,2898,6.51,6.47,3.76
1.5,"Fair","H","VS1",64.8,55,8044,7.25,7.2,4.68
0.5,"Ideal","H","VS2",61.5,56,1626,5.11,5.13,3.15
0.3,"Ideal","F","VVS1",62.4,56,1114,4.31,4.28,2.68
1.02,"Ideal","H","SI1",61.8,57,4558,6.48,6.41,3.98
1.08,"Ideal","H","VS2",61.8,56,5625,6.59,6.55,4.06
0.42,"Premium","H","VS1",61.6,58,847,4.79,4.82,2.96
1.5,"Very Good","D","SI1",60.7,62,11442,7.3,7.33,4.44
0.77,"Very Good","D","SI1",59.9,59,3241,5.9,5.95,3.55
0.69,"Premium","F","SI1",61.2,58,1946,5.73,5.7,3.5
1.08,"Ideal","D","SI1",62.7,57,6539,6.52,6.56,4.1
0.32,"Ideal","F","VS2",61.9,56,645,4.37,4.39,2.71
0.43,"Premium","D","SI1",61.1,59,1064,4.89,4.83,2.97
0.9,"Fair","I","VS2",65.8,55,2666,6.05,6.01,3.97
0.5,"Very Good","F","VS1",62.9,58,1550,5.05,5.09,3.19
0.31,"Ideal","D","VS2",62.1,54,942,4.37,4.33,2.7
1.33,"Ideal","H","SI2",62.7,57,6480,7.05,6.98,4.4
1.04,"Ideal","H","VS2",62.2,57,6133,6.46,6.49,4.03
0.51,"Premium","G","VS2",62.4,58,1438,5.11,5.12,3.19
2.33,"Very Good","H","SI2",63.2,56,13500,8.44,8.35,5.31
0.75,"Ideal","E","VS2",61.7,56,3206,5.84,5.86,3.61
0.51,"Ideal","J","SI1",62.5,56,988,5.06,5.12,3.18
1.51,"Premium","H","VS2",60.2,60,11435,7.33,7.35,4.42
0.8,"Very Good","G","VS2",61.1,57,2929,6.01,6.07,3.69
0.71,"Ideal","D","VS1",61.3,56,3406,5.75,5.77,3.53
0.7,"Good","E","VS1",57.2,59,2826,5.94,5.88,3.38
1.44,"Very Good","H","SI2",58.2,61,7128,7.45,7.51,4.35
1.51,"Very Good","F","VS1",61.7,59,15440,7.29,7.33,4.51
1.2,"Very Good","G","VS2",63.2,56,8491,6.82,6.75,4.29
1.5,"Premium","E","SI2",61.2,59,10080,7.41,7.36,4.52
0.4,"Premium","J","VS1",63,58,810,4.7,4.66,2.95
1.25,"Premium","J","SI2",62.3,59,4331,6.82,6.86,4.26
0.42,"Premium","E","SI2",60.1,58,838,4.91,4.87,2.94
0.51,"Very Good","G","VVS2",63.1,58,1974,5.11,5.07,3.21
0.58,"Very Good","E","VVS1",59.4,63,2568,5.42,5.32,3.19
1.5,"Very Good","I","SI1",60.3,60,8127,7.46,7.43,4.49
0.71,"Fair","D","VS2",55.6,73,2368,6.01,5.96,3.33
0.31,"Very Good","E","VS1",64,55,610,4.29,4.33,2.76
1.21,"Very Good","H","SI1",62.4,58,5826,6.83,6.79,4.25
0.54,"Premium","I","VVS1",60.8,61,1637,5.28,5.22,3.19
0.28,"Very Good","E","VVS2",61.8,58,642,4.2,4.24,2.61
2.11,"Premium","G","SI2",59.1,59,15757,8.33,8.4,4.94
0.31,"Good","E","SI1",63.1,54,544,4.31,4.34,2.73
1.75,"Premium","D","SI2",60.6,60,13485,7.78,7.74,4.7
0.33,"Ideal","H","VS1",62.2,53.3,592,4.45,4.48,2.77
0.3,"Premium","E","VVS2",61.4,59,789,4.32,4.34,2.66
0.35,"Ideal","E","VS2",61.6,56,767,4.52,4.54,2.79
1.67,"Premium","I","VS1",61.1,58,11400,7.69,7.6,4.67
0.27,"Ideal","I","VVS2",62.1,55,459,4.17,4.2,2.6
1.06,"Ideal","D","VS2",62.5,54,6856,6.53,6.6,4.1
1.3,"Very Good","I","SI1",62.3,58,6302,6.93,6.96,4.33
0.7,"Premium","H","SI1",62.8,57,2331,5.66,5.61,3.54
1.55,"Ideal","J","VS2",61.4,55,8498,7.41,7.49,4.58
1.11,"Premium","H","VS2",61.1,59,6527,6.66,6.63,4.06
0.9,"Premium","H","SI1",62,62,3679,6.13,6.03,3.77
0.4,"Ideal","F","SI2",62.8,55,597,4.7,4.73,2.96
1.01,"Premium","E","SI2",62.6,59,4751,6.39,6.36,3.99
0.31,"Ideal","D","VVS1",62.3,54,949,4.36,4.4,2.73
0.4,"Very Good","G","VS2",61.9,59,772,4.67,4.7,2.9
0.31,"Ideal","E","SI2",61.7,56,435,4.35,4.4,2.7
2.02,"Fair","I","SI2",64.5,60,12592,7.94,7.82,5.08
0.78,"Ideal","F","SI1",61.3,56,3362,5.92,6,3.64
1.51,"Good","I","VVS1",64,60,9301,7.21,7.26,4.63
0.76,"Very Good","E","VS2",63.4,58,3517,5.76,5.82,3.67
2.1,"Ideal","H","SI1",61.7,53,15035,8.3,8.19,5.09
0.91,"Very Good","D","SI1",59.3,58,4253,6.33,6.38,3.77
0.72,"Premium","E","SI1",60.9,60,2863,5.78,5.74,3.51
1.02,"Ideal","H","SI1",61.8,57,6264,6.43,6.46,3.98
1.7,"Premium","I","VS2",62.4,58,10910,7.61,7.56,4.73
0.7,"Very Good","D","SI1",62.6,57,2726,5.67,5.7,3.56
1,"Good","F","SI2",64.1,58,3799,6.35,6.26,4.04
0.24,"Ideal","F","VVS2",61.7,59,526,4.01,4.03,2.48
0.72,"Ideal","G","VVS1",62.2,57,3502,5.72,5.75,3.57
0.52,"Ideal","G","VS1",62.8,55,1694,5.16,5.13,3.23
1.5,"Very Good","E","SI2",63.3,57,7728,7.28,7.23,4.59
0.53,"Very Good","D","SI1",63.4,58,1636,5.15,5.11,3.25
1.11,"Very Good","J","SI1",62,58,3901,6.57,6.62,4.09
0.34,"Very Good","F","VS2",62.9,55,686,4.46,4.48,2.81
1.71,"Good","I","VS1",63.7,58,12755,7.58,7.54,4.81
0.57,"Very Good","F","VS1",63.2,56,1741,5.27,5.31,3.34
0.41,"Good","I","VS1",63.7,57,969,4.72,4.67,2.99
0.41,"Very Good","F","SI1",63.4,57,904,4.74,4.73,3
0.51,"Ideal","G","VS1",62,56,1781,5.16,5.06,3.17
1.01,"Premium","I","SI1",61.8,59,4166,6.37,6.44,3.96
0.7,"Ideal","E","VVS2",62.3,53.7,3990,5.67,5.72,3.55
1.5,"Premium","I","VVS2",60.2,58,10483,7.5,7.34,4.47
1.27,"Ideal","J","VVS2",62.2,54,6430,6.92,6.98,4.32
0.5,"Ideal","D","VS1",60.6,57,2454,5.15,5.18,3.13
0.42,"Ideal","G","VS2",62.1,56,847,4.79,4.84,2.99
0.52,"Ideal","D","SI1",62.2,54,1429,5.14,5.18,3.21
0.71,"Ideal","G","IF",61.8,57,3772,5.7,5.75,3.54
0.46,"Premium","I","SI2",61,58,863,5.03,4.97,3.05
0.3,"Ideal","F","VVS1",61.8,54,857,4.34,4.36,2.69
0.54,"Very Good","F","SI1",63.5,58,1944,5.21,5.15,3.29
1,"Premium","F","SI2",61.7,57,3853,6.42,6.35,3.94
0.4,"Ideal","G","VS1",61.3,55,1125,4.78,4.75,2.92
1.52,"Very Good","E","SI1",63.5,58,11176,7.36,7.29,4.65
0.93,"Ideal","F","SI2",62,57,3266,6.31,6.28,3.9
1.01,"Very Good","G","SI1",62.4,58,4653,6.39,6.44,4
0.36,"Very Good","D","SI1",63.4,57,851,4.57,4.55,2.89
1.54,"Fair","E","SI1",64.7,56,12581,7.28,7.22,4.69
1,"Fair","F","SI1",61.3,62,5040,6.45,6.37,3.93
0.92,"Fair","F","SI2",65.3,58,3282,6.08,6.04,3.96
1,"Good","H","SI2",63.8,55,3640,6.28,6.24,4
0.3,"Ideal","G","VS2",62.3,56,526,4.27,4.3,2.67
0.9,"Good","G","VVS1",64,55,4382,6.05,6.02,3.86
1.1,"Ideal","G","SI1",62.3,56,5226,6.64,6.58,4.12
1.01,"Premium","F","VS2",60.7,60,6159,6.51,6.58,3.97
0.55,"Ideal","G","VS2",61.8,58,1659,5.23,5.26,3.24
1.24,"Ideal","H","SI1",61.6,57,6958,6.92,6.84,4.24
0.41,"Ideal","F","VVS1",62.3,56,1236,4.79,4.77,2.98
0.41,"Premium","I","VVS2",59.9,58,1061,4.87,4.81,2.9
0.54,"Ideal","F","SI2",62,54,1098,5.23,5.28,3.26
0.9,"Very Good","H","SI1",63,55,3388,6.12,6.16,3.87
0.93,"Very Good","H","VS2",62.8,59,4351,6.13,6.16,3.86
0.69,"Ideal","F","VVS1",61.6,56,3784,5.69,5.71,3.51
1.2,"Very Good","D","SI1",60.7,58,7191,6.81,6.86,4.15
1.33,"Ideal","G","VVS2",61.7,58,12345,7.04,7.07,4.35
1.55,"Ideal","J","VS1",60.4,57,8548,7.52,7.54,4.55
0.74,"Ideal","I","VVS1",60.8,57,2822,5.85,5.89,3.57
0.59,"Very Good","F","VVS2",63.5,59,2302,5.28,5.3,3.36
0.33,"Ideal","H","VVS1",62.1,53,730,4.48,4.5,2.79
1.29,"Ideal","J","VS2",62.1,59,5771,6.92,6.96,4.31
1.51,"Premium","G","SI1",60.6,60,10267,7.45,7.41,4.5
1.05,"Ideal","G","SI1",61.8,56,5192,6.5,6.54,4.03
1.01,"Good","J","SI1",63.6,54,3699,6.44,6.36,4.07
0.56,"Very Good","E","VVS2",60.5,57,2442,5.32,5.36,3.23
0.4,"Very Good","F","VS1",62,56,951,4.71,4.73,2.92
0.4,"Ideal","D","VVS2",61.2,56,1693,4.76,4.78,2.92
0.31,"Very Good","F","SI1",63.1,57,663,4.31,4.28,2.71
0.35,"Very Good","H","VVS2",61,57,650,4.54,4.57,2.77
1.19,"Very Good","J","SI2",63.4,56.8,4329,6.7,6.79,4.27
0.31,"Ideal","F","VS1",61.5,54,642,4.36,4.39,2.69
0.5,"Good","D","SI2",63.1,56,958,5.05,4.96,3.16
1.09,"Very Good","G","VS1",62.5,59,6827,6.54,6.57,4.1
0.71,"Premium","G","SI2",62,55,2362,5.77,5.71,3.56
1.2,"Premium","H","SI1",62.7,56,5746,6.78,6.75,4.24
0.39,"Ideal","F","IF",61,56,1377,4.72,4.75,2.89
1.5,"Premium","E","SI2",60.7,55,10080,7.44,7.39,4.5
0.38,"Very Good","H","VS2",60.6,58,700,4.68,4.7,2.84
1.01,"Premium","G","VS2",61.9,59,5864,6.38,6.34,3.94
0.76,"Very Good","F","VS2",62.5,58,3238,5.79,5.83,3.63
0.71,"Premium","E","SI1",61.8,56,2516,5.77,5.72,3.55
0.74,"Very Good","F","SI2",59.6,60,2298,5.85,6,3.53
2.74,"Fair","J","I1",64.9,61,8807,8.76,8.66,5.65
0.39,"Ideal","F","VS2",61.2,57,970,4.69,4.73,2.88
0.38,"Ideal","E","VS1",62.1,57,1027,4.62,4.65,2.88
0.32,"Ideal","E","VVS1",61.7,56,954,4.4,4.42,2.72
1.48,"Premium","I","SI2",61.3,58,7086,7.39,7.32,4.51
0.53,"Ideal","E","VS1",60.4,57,1772,5.27,5.26,3.18
0.5,"Premium","F","VVS2",62.3,58,2160,5.11,5.06,3.17
1.04,"Very Good","D","VS2",63.1,54,7679,6.44,6.53,4.09
0.31,"Very Good","F","SI1",61.8,58,555,4.32,4.35,2.68
0.4,"Premium","G","SI1",59.3,59,702,4.8,4.82,2.85
0.74,"Very Good","G","VS1",59.8,58,2896,5.85,5.89,3.51
1.07,"Ideal","E","VVS2",61.3,56,10222,6.53,6.6,4.02
1.23,"Ideal","H","SI2",62.1,55.9,6088,6.82,6.85,4.24
1.02,"Good","J","SI2",63.4,56,3534,6.36,6.42,4.05
1,"Premium","E","SI2",60.6,61,4390,6.44,6.39,3.89
1.58,"Ideal","H","VS2",62.7,56,11262,7.39,7.44,4.65
1.51,"Fair","E","SI1",58.4,70,11102,7.55,7.39,4.36
0.51,"Premium","G","VS1",59.6,58,1833,5.22,5.21,3.11
0.33,"Ideal","G","IF",62.1,56,1052,4.44,4.41,2.75
1.5,"Very Good","J","VS2",60.5,63,7308,7.32,7.27,4.41
0.56,"Ideal","G","SI1",61.6,59,1755,5.27,5.32,3.26
0.38,"Premium","E","VS2",61.8,58,866,4.61,4.64,2.86
1.5,"Ideal","I","VS1",61.3,57,10080,7.35,7.32,4.5
0.25,"Premium","E","VVS2",61.5,59,740,4.04,4.02,2.48
1.11,"Premium","G","VS2",62.3,58,6713,6.65,6.61,4.13
1.29,"Ideal","G","SI1",60.9,59,7463,6.99,7.04,4.27
0.26,"Very Good","E","VVS1",59.9,58,597,4.17,4.18,2.5
1.19,"Ideal","H","VS2",62.1,59,6662,6.82,6.73,4.21
0.34,"Ideal","H","VS2",62.6,54,689,4.5,4.45,2.8
1.24,"Premium","E","SI2",61.1,59,6377,6.99,6.89,4.24
1.12,"Ideal","D","SI1",61.2,58,7145,6.65,6.68,4.08
1.13,"Ideal","D","VVS2",60.1,57,12150,6.78,6.83,4.09
0.9,"Good","F","SI1",62.4,55,3898,6.17,6.21,3.86
0.31,"Premium","H","VS2",62.4,59,489,4.31,4.34,2.7
0.4,"Premium","G","VVS2",61.1,58,1050,4.76,4.74,2.9
0.7,"Ideal","D","SI2",62.1,55,2553,5.68,5.73,3.54
1.13,"Ideal","I","VVS1",61.6,57,7459,6.67,6.75,4.12
1.14,"Ideal","E","SI2",62.6,56,5005,6.69,6.63,4.17
0.34,"Premium","I","VVS1",60.5,59,626,4.48,4.54,2.73
0.31,"Ideal","H","IF",62,56,772,4.36,4.39,2.71
2.53,"Premium","H","SI2",62.6,60,14659,8.66,8.55,5.39
0.53,"Very Good","G","VS1",63,58,1607,5.15,5.17,3.25
0.34,"Good","F","SI2",63.3,54,447,4.46,4.48,2.83
0.31,"Ideal","F","VS2",61.9,55,802,4.35,4.31,2.68
0.3,"Ideal","J","IF",61.5,57,489,4.29,4.36,2.66
0.3,"Very Good","F","SI2",63.5,57,506,4.25,4.22,2.69
1.01,"Premium","G","VS2",62.4,58,6108,6.41,6.38,3.99
0.54,"Ideal","G","SI2",61.8,54,1133,5.24,5.28,3.25
0.42,"Good","G","SI1",63.2,57,737,4.77,4.79,3.02
1.3,"Ideal","I","VS2",61.7,56,6714,7.07,7.02,4.35
1.51,"Good","D","SI2",64.1,61,8550,7.14,7.18,4.59
1.52,"Very Good","H","VS2",59.7,55,11681,7.45,7.42,4.44
0.3,"Ideal","D","VS1",62.2,56,651,4.27,4.31,2.67
1,"Ideal","E","SI1",62.6,56,4480,6.37,6.29,3.96
0.73,"Ideal","E","SI1",61.5,56,3453,5.79,5.82,3.57
0.5,"Very Good","F","VS2",59.4,59,1436,5.19,5.22,3.09
1.22,"Ideal","I","SI1",61.7,57,6012,6.85,6.82,4.22
0.51,"Ideal","D","VS2",61.7,55,1787,5.11,5.14,3.16
2.2,"Premium","I","SI2",62.4,55,16190,8.41,8.34,5.23
1.03,"Ideal","G","VVS2",61.6,57,7876,6.48,6.51,4
1.06,"Ideal","G","VVS1",61.6,57,8488,6.53,6.55,4.03
0.31,"Ideal","E","VS2",60.5,56,872,4.41,4.38,2.66
0.56,"Good","F","VS1",59.1,62,1712,5.36,5.42,3.19
1.26,"Ideal","G","SI1",61.9,56,7711,6.92,6.98,4.3
1.01,"Premium","I","SI2",61.5,62,3360,6.41,6.37,3.93
0.4,"Premium","D","SI1",63,57,924,4.7,4.66,2.95
0.4,"Very Good","E","VS2",59.4,58,770,4.78,4.82,2.85
3,"Good","E","I1",64.2,65,11548,9.08,8.96,5.79
0.5,"Premium","G","VS1",60.9,58,1746,5.23,5.09,3.14
0.41,"Ideal","E","VS2",62.3,56,935,4.74,4.77,2.96
1.02,"Ideal","F","VS2",62.3,56,7175,6.39,6.54,4
0.51,"Very Good","H","VS2",60.1,59.8,1328,5.14,5.19,3.1
0.24,"Very Good","F","VVS1",60.4,56,608,4.05,4.07,2.45
0.41,"Ideal","E","SI1",62.5,57,755,4.74,4.79,2.98
0.52,"Ideal","E","VS2",61.1,57,1689,5.18,5.2,3.17
0.43,"Ideal","I","SI1",60.9,57,852,4.88,4.9,2.98
0.35,"Premium","D","SI1",61,60,644,4.54,4.58,2.78
0.5,"Very Good","H","SI1",60,55,1148,5.2,5.23,3.13
0.31,"Ideal","D","SI1",62.6,57,732,4.32,4.3,2.7
0.38,"Ideal","H","VVS2",62.1,56,1031,4.64,4.67,2.89
0.33,"Ideal","F","IF",62.2,53,971,4.47,4.5,2.79
0.5,"Premium","G","VVS2",62.1,61,1806,5.1,5.07,3.16
1.2,"Ideal","G","SI2",61.1,57,5826,6.86,6.83,4.18
2.01,"Premium","E","SI2",58.7,54,16064,8.27,8.2,4.83
2.01,"Premium","H","SI1",59.6,59,17458,8.27,8.19,4.9
0.66,"Ideal","G","VVS1",61.5,56,2890,5.61,5.58,3.44
0.36,"Very Good","G","SI1",63.3,56,689,4.53,4.5,2.86
1.1,"Very Good","G","IF",59.8,56,9053,6.75,6.82,4.06
0.52,"Ideal","D","SI1",62.4,57,1720,5.18,5.14,3.22
1.01,"Very Good","J","VVS2",63.7,57,5067,6.31,6.35,4.03
2.5,"Ideal","J","SI2",60.7,55,15990,8.8,8.66,5.3
1.01,"Ideal","G","SI2",61.4,57,4803,6.44,6.48,3.97
0.33,"Very Good","F","VVS2",61.2,55,801,4.45,4.47,2.73
0.73,"Ideal","D","VS2",61.6,56,3464,5.78,5.82,3.57
1.07,"Premium","F","VS2",61.6,60,5974,6.56,6.53,4.03
2.12,"Premium","H","SI2",62.3,58,12693,8.25,8.16,5.12
1.09,"Premium","F","SI1",60.9,59,5287,6.59,6.64,4.03
0.35,"Ideal","D","SI2",61.8,57,522,4.53,4.57,2.81
0.9,"Premium","G","SI1",60.2,59,3879,6.27,6.23,3.76
0.28,"Very Good","F","VVS2",59.7,59,642,4.26,4.28,2.55
1.01,"Very Good","H","SI1",63,57,5172,6.34,6.36,4
0.41,"Premium","G","VVS1",59.9,59,1230,4.83,4.79,2.88
0.76,"Ideal","E","SI1",62.7,54,2858,5.88,5.83,3.67
0.37,"Very Good","H","SI1",62.6,63,491,4.6,4.5,2.85
0.3,"Premium","J","VS1",62.4,58,506,4.3,4.26,2.67
0.39,"Ideal","G","VVS2",62,54.5,952,4.67,4.7,2.91
1,"Good","H","SI2",63.4,61,3850,6.29,6.33,4
0.4,"Premium","D","VS1",62.1,58,1123,4.7,4.73,2.93
0.64,"Ideal","E","SI1",62.7,57,1859,5.54,5.47,3.45
1.52,"Premium","J","VVS2",58.3,62,8427,7.61,7.49,4.4
0.76,"Ideal","D","VS2",61.8,57,3306,5.85,5.9,3.63
0.74,"Ideal","F","IF",61.9,55,4383,5.79,5.84,3.6
0.59,"Ideal","E","VVS2",62,55,2643,5.36,5.41,3.34
1.55,"Ideal","G","SI1",61.7,57,12951,7.4,7.44,4.58
1.03,"Ideal","D","SI1",62.3,56,5249,6.51,6.45,4.04
1.15,"Ideal","G","VS2",62.2,54,5008,6.74,6.65,4.17
0.41,"Very Good","E","VVS2",61.6,60,1249,4.75,4.77,2.93
0.91,"Very Good","H","VS1",60,58,4514,6.29,6.38,3.8
1.01,"Good","H","SI1",64,58,4191,6.37,6.31,4.06
1.5,"Premium","E","SI2",62.7,56,8988,7.38,7.33,4.61
0.35,"Premium","G","VS1",62.9,58,906,4.49,4.48,2.82
1.01,"Premium","H","SI2",61.6,61,2828,6.39,6.31,3.91
1.56,"Very Good","I","SI1",60.2,61,8470,7.5,7.59,4.54
0.34,"Premium","H","VS1",61.4,59,765,4.53,4.5,2.77
0.58,"Ideal","G","VS2",61.1,56,1719,5.4,5.43,3.31
0.43,"Ideal","F","VS2",61.1,57,1066,4.88,4.91,2.99
1.09,"Very Good","E","SI1",62.8,56,5771,6.53,6.6,4.12
2.3,"Ideal","I","VS2",62.6,56,18190,8.45,8.4,5.27
2,"Premium","I","SI2",60.7,61,13820,8.09,8.03,4.89
0.32,"Ideal","G","VVS2",62.4,54,936,4.38,4.37,2.73
1.06,"Ideal","E","SI1",59.6,54,5250,6.64,6.62,3.95
1.52,"Fair","H","SI1",61.2,60,8818,7.39,7.29,4.49
0.42,"Premium","G","SI1",62.7,58,882,4.79,4.75,2.99
2.04,"Ideal","I","SI1",60,60,15308,8.3,8.26,4.97
0.4,"Fair","F","SI1",64.7,58,857,4.67,4.63,3.01
1.27,"Ideal","J","SI1",61.4,57,5455,6.97,7,4.29
1.12,"Ideal","F","VS1",61.8,56,9007,6.67,6.69,4.13
1.26,"Very Good","G","SI1",63.2,61,7000,6.87,6.81,4.32
1.01,"Premium","H","SI1",61.8,59,4965,6.41,6.37,3.95
1.08,"Ideal","H","VS1",61.9,57,5791,6.58,6.64,4.09
0.32,"Premium","H","SI1",62.3,60,591,4.4,4.36,2.73
0.41,"Premium","H","SI1",62,59,876,4.8,4.78,2.97
0.33,"Premium","G","VVS1",61.2,60,1114,4.44,4.42,2.71
0.53,"Good","I","SI2",63.6,58,942,5.08,5.11,3.24
0.5,"Ideal","E","VS1",62.2,56,1619,5.1,5.13,3.18
0.72,"Premium","J","VS2",62.6,58,1814,5.72,5.66,3.56
1.01,"Very Good","E","SI1",61.5,60,5372,6.39,6.42,3.94
0.41,"Very Good","I","VVS1",63.1,58,847,4.68,4.74,2.97
1.01,"Premium","I","SI1",62.7,59,3959,6.43,6.36,4.01
0.33,"Ideal","I","SI1",61.3,56,463,4.44,4.47,2.73
0.32,"Premium","G","SI1",59.6,60,477,4.43,4.46,2.65
0.31,"Ideal","I","VS2",59.9,57,558,4.4,4.38,2.63
0.41,"Very Good","H","SI1",60,61,683,4.77,4.83,2.88
0.39,"Premium","G","VVS1",59.9,59,1095,4.73,4.75,2.84
0.41,"Ideal","E","VS1",62.1,55,1079,4.75,4.78,2.96
0.7,"Good","F","VS2",63.8,60,2290,5.61,5.52,3.55
0.8,"Ideal","E","VS2",62.2,55,4126,5.95,5.98,3.71
1.2,"Premium","F","VVS2",60.5,60,10064,6.98,6.87,4.19
1.51,"Premium","H","VS2",62.3,59,11540,7.32,7.28,4.55
0.41,"Very Good","F","VS1",60.7,56,1007,4.77,4.82,2.91
1,"Good","H","SI1",63.7,60,4788,6.33,6.3,4.02
2.53,"Premium","H","SI2",61.1,57,15148,8.82,8.76,5.37
0.31,"Ideal","D","VS1",62.1,56,704,4.3,4.36,2.69
0.31,"Premium","F","VS2",61.8,59,625,4.31,4.33,2.67
0.51,"Ideal","F","VS2",59.2,56,1619,5.23,5.18,3.08
2,"Fair","H","SI2",65.2,55,11600,7.9,7.85,5.13
0.3,"Ideal","G","VVS1",62,54,764,4.35,4.36,2.7
1.28,"Ideal","G","VS2",62.2,57,8774,6.99,6.94,4.33
0.39,"Good","E","VS1",57.8,58,1082,4.86,4.9,2.82
0.31,"Premium","G","VS1",61.2,60,625,4.3,4.33,2.64
1,"Very Good","G","VS2",63.2,58,5645,6.33,6.27,3.98
0.7,"Fair","E","SI2",64.4,58,1998,5.58,5.51,3.57
0.52,"Ideal","I","SI1",61.8,56,1075,5.15,5.18,3.19
0.53,"Ideal","D","SI1",62.3,56,1566,5.15,5.18,3.22
0.58,"Good","G","SI1",63.2,56,1388,5.3,5.33,3.36
1.26,"Ideal","H","SI1",61.9,57,8110,6.88,6.93,4.27
0.38,"Ideal","F","SI2",62,55,568,4.67,4.69,2.9
0.39,"Very Good","G","VVS1",60.3,57,873,4.74,4.78,2.87
0.33,"Good","D","VS2",63.5,56,625,4.36,4.4,2.78
0.44,"Ideal","E","VVS2",61.9,56,1274,4.88,4.91,3.03
1.01,"Premium","G","VS2",60.7,60,5864,6.49,6.45,3.93
1.23,"Premium","F","I1",60.8,59,3375,6.96,6.91,4.22
0.41,"Ideal","F","VVS2",62.3,56,1192,4.77,4.73,2.96
0.9,"Premium","F","SI2",59.7,60,3951,6.25,6.22,3.72
1.5,"Fair","I","SI1",56.7,63,7912,7.52,7.57,4.28
0.51,"Ideal","E","VVS1",62,57,2527,5.12,5.14,3.18
0.9,"Ideal","I","VS2",62,53,4157,6.17,6.23,3.85
0.9,"Very Good","F","VS1",62.5,58,4961,6.1,6.15,3.83
0.64,"Ideal","D","VS2",60.7,59,2224,5.58,5.62,3.4
0.34,"Very Good","G","SI1",61.2,54,536,4.53,4.56,2.78
2.03,"Premium","D","SI2",61.7,58,13229,8.14,8.1,5.01
2.01,"Very Good","H","SI2",62.7,60,14768,7.94,8.03,5.01
2.01,"Fair","I","VS2",66.3,57,15729,7.79,7.74,5.15
1,"Fair","I","SI2",65.8,58,3348,6.23,6.27,4.11
0.53,"Very Good","G","SI2",63.4,55,1079,5.1,5.19,3.26
1.12,"Premium","H","VS1",61.6,58,6115,6.64,4.11,3.7
0.59,"Good","D","SI1",63.7,56,1821,5.35,5.32,3.4
1.2,"Very Good","D","SI2",63.2,60,5174,6.65,6.54,4.17
1.04,"Very Good","F","VS1",63,56,7207,6.45,6.5,4.08
0.32,"Ideal","H","VS1",62.9,54,720,4.41,4.37,2.76
0.3,"Premium","E","IF",61,59,1097,4.33,4.29,2.63
0.34,"Ideal","G","VS2",61.9,55,765,4.53,4.49,2.79
0.9,"Very Good","I","VS2",63.4,56,3489,6.09,6.12,3.87
0.91,"Very Good","G","VS1",60.9,54,4590,6.27,6.38,3.85
0.8,"Ideal","G","VVS2",62.6,54,4146,5.9,5.97,3.71
0.5,"Premium","G","VS1",62.5,60,1624,5.06,5.08,3.17
1.61,"Very Good","H","VS2",59.4,58,11627,7.64,7.74,4.57
0.52,"Ideal","D","VS2",60.3,56,1802,5.27,5.24,3.17
1.02,"Good","H","SI2",61.4,60,4521,6.44,6.49,3.97
0.32,"Ideal","E","VVS2",62.2,53,816,4.39,4.42,2.74
0.48,"Premium","F","SI1",60.6,62,1110,5.06,5,3.05
0.52,"Ideal","F","VVS2",61.5,55,2092,5.17,5.21,3.19
0.31,"Ideal","E","VS1",61.7,56,942,4.41,4.37,2.71
0.7,"Very Good","F","SI1",60.5,56,2155,5.73,5.8,3.49
1.03,"Very Good","F","SI2",61.1,59,4218,6.51,6.58,4
1.71,"Very Good","F","VS1",61.9,61,17685,7.61,7.67,4.73
0.52,"Very Good","H","SI1",62.6,55,1111,5.12,5.16,3.22
0.56,"Ideal","H","VS2",61.7,54,1427,5.31,5.33,3.28
0.71,"Good","E","VS1",59.4,61,3464,5.8,5.89,3.47
0.36,"Ideal","D","SI1",62.2,53,626,4.57,4.59,2.85
0.54,"Good","G","VS2",63.2,55,1422,5.15,5.2,3.27
0.71,"Fair","F","SI1",57,62,2149,5.84,5.87,3.34
0.32,"Very Good","H","SI1",61.9,58,449,4.34,4.38,2.7
1.02,"Ideal","J","VS2",60.7,57,4397,6.5,6.54,3.96
1,"Very Good","E","VVS2",63,58,9224,6.33,6.36,4
2.02,"Ideal","H","SI2",60.8,56,11715,8.21,8.14,4.97
1.5,"Good","E","VVS2",64.3,58,17449,7.2,7.13,4.61
0.72,"Very Good","H","VVS2",60.3,56,2771,5.81,5.83,3.51
1.18,"Good","E","SI2",63.6,57,4071,6.74,6.72,4.28
0.71,"Ideal","I","VS1",61.5,56,2965,5.72,5.76,3.52
1.01,"Fair","H","SI2",65.4,59,2846,6.3,6.26,4.11
0.55,"Ideal","F","VS1",61.8,55,2119,5.28,5.3,3.27
0.71,"Very Good","I","VS1",63.1,57,2202,5.68,5.58,3.55
0.51,"Ideal","F","VVS2",61.9,56,2098,5.09,5.14,3.16
0.76,"Ideal","G","VS1",61.3,54,3648,5.88,5.94,3.62
0.36,"Premium","E","VS2",61.8,58,1013,4.57,4.52,2.81
0.9,"Ideal","D","SI1",61.6,55,5081,6.23,6.27,3.85
0.98,"Very Good","H","VS2",59.9,60,4826,6.45,6.38,3.84
2.01,"Ideal","H","SI2",61.9,57,14167,8.09,8.06,5
1.1,"Ideal","E","I1",61.9,56,3942,6.63,6.59,4.09
0.41,"Good","H","SI1",63.8,56,876,4.74,4.69,3.01
0.5,"Good","D","SI2",57.1,63,1141,5.23,5.27,3
1.2,"Ideal","G","VS2",61.9,57,7930,6.86,6.83,4.24
0.7,"Very Good","E","VS2",63.5,54,2889,5.62,5.66,3.58
0.52,"Good","E","SI2",60.5,62,1199,5.15,5.2,3.13
1.52,"Good","I","SI1",64,58,9129,7.2,7.27,4.63
0.41,"Premium","E","VS1",62,60,1079,4.74,4.78,2.95
0.54,"Ideal","G","VVS2",61.8,55,1829,5.22,5.3,3.24
0.32,"Very Good","H","VS1",62.8,55,561,4.35,4.41,2.75
0.32,"Premium","H","VS2",62.5,59,648,4.38,4.33,2.72
0.39,"Very Good","F","IF",59.9,59,1183,4.78,4.84,2.88
1.09,"Premium","H","VS2",61.4,58,5677,6.64,6.58,4.06
2.74,"Very Good","H","SI2",63.3,58,17184,8.88,8.84,5.61
0.39,"Ideal","F","SI1",61.8,55,711,4.66,4.71,2.9
0.35,"Premium","G","VVS2",62.4,56,1024,4.53,4.47,2.81
0.62,"Premium","E","VS2",60,59,2102,5.58,5.56,3.34
2.01,"Premium","F","SI2",61.3,61,16881,8.11,8.01,4.94
0.71,"Ideal","H","VVS1",62.1,54,2918,5.7,5.76,3.56
0.26,"Very Good","E","VS2",59.2,58,453,4.18,4.2,2.48
0.32,"Ideal","D","VVS1",61,57,1064,4.45,4.43,2.71
0.51,"Very Good","E","SI1",63,58,1330,4.99,5.08,3.17
0.34,"Very Good","F","SI1",62.8,56,566,4.42,4.46,2.79
0.41,"Ideal","D","SI1",62.6,57,1015,4.78,4.74,2.98
0.56,"Very Good","E","VS2",61.1,57,1963,5.33,5.37,3.27
1.03,"Ideal","D","VS2",62,54.8,7697,6.47,6.51,4.02
0.4,"Ideal","F","VVS1",61.7,57,1128,4.72,4.75,2.92
0.34,"Premium","E","SI2",62.4,59,612,4.46,4.42,2.77
0.53,"Ideal","F","VVS2",61.3,56,2291,5.21,5.24,3.2
0.6,"Very Good","D","VS2",63.1,54,1657,5.41,5.33,3.39
0.27,"Ideal","H","VS2",60.5,57,397,4.17,4.19,2.53
0.92,"Premium","F","SI1",62.1,60,4420,6.22,6.21,3.86
1.06,"Premium","H","SI1",61.6,59,4872,6.55,6.54,4.03
0.4,"Ideal","D","VVS2",61.3,56,1323,4.78,4.75,2.92
0.34,"Very Good","D","SI1",59.6,61,626,4.5,4.53,2.69
0.46,"Ideal","G","IF",61.6,54,1558,4.97,5,3.07
0.31,"Very Good","H","VS2",63,57,489,4.32,4.34,2.73
0.56,"Ideal","G","VS2",61.7,56,1698,5.34,5.3,3.28
1,"Premium","F","VS1",62,59,7056,6.42,6.35,3.96
0.51,"Very Good","I","SI1",63.5,55,1068,5.07,5.11,3.23
0.56,"Very Good","G","VS2",63.4,58,1590,5.23,5.28,3.33
1.01,"Ideal","E","SI1",62,56,5534,6.41,6.47,3.99
1.21,"Premium","H","SI2",60,60,5285,6.96,6.91,4.16
0.3,"Very Good","H","VS1",62.9,56,526,4.22,4.27,2.67
0.54,"Ideal","I","SI2",60.9,57,935,5.26,5.31,3.22
0.5,"Very Good","G","VVS2",62.1,61,1715,5.07,5.1,3.16
1.51,"Premium","H","SI1",62.3,59,10274,7.29,7.23,4.52
0.58,"Ideal","G","VVS2",61.9,57,2245,5.36,5.33,3.31
0.42,"Premium","G","SI1",60.6,62,882,4.85,4.82,2.93
0.2,"Premium","F","VS2",62.6,59,367,3.73,3.71,2.33
0.28,"Very Good","H","VS1",62.4,56,429,4.2,4.23,2.63
0.7,"Ideal","H","SI2",61.6,56,2326,5.77,5.72,3.53
1.51,"Premium","H","VS2",62.3,59,11435,7.28,7.32,4.55
1.31,"Premium","F","SI2",62.7,61,4743,7.03,6.86,4.36
0.53,"Ideal","I","SI2",61.8,55,844,5.22,5.26,3.24
1.14,"Premium","F","SI2",60.8,58,5008,6.79,6.74,4.11
1.21,"Ideal","G","VS2",61.7,56,6478,6.85,6.83,4.22
1.31,"Premium","H","VS2",61,58,8106,7.1,7.06,4.32
0.35,"Premium","D","SI1",61.8,59,827,4.56,4.54,2.81
2,"Fair","I","SI1",65.9,60,13764,7.8,7.73,5.12
0.9,"Good","G","SI1",63.7,58,3734,6.09,6.12,3.89
0.5,"Very Good","E","SI1",61.5,62,1316,5.06,5.09,3.12
0.71,"Very Good","E","SI2",61.9,63,2375,5.74,5.69,3.54
0.41,"Premium","D","VVS2",61.9,59,1105,4.75,4.78,2.95
0.52,"Ideal","G","SI1",61.4,56,1675,5.18,5.21,3.19
1.57,"Premium","I","VVS2",60.7,58,11146,7.54,7.51,4.57
1.62,"Ideal","G","VS2",61.3,55,16183,7.55,7.6,4.64
0.5,"Very Good","F","SI2",62.9,57,1020,5.02,5.06,3.17
1.02,"Very Good","E","SI1",63.1,61,5508,6.42,6.35,4.03
1.59,"Ideal","I","VS2",61.1,55,9972,7.54,7.48,4.59
0.3,"Ideal","F","VS2",60.9,56,776,4.35,4.32,2.64
1,"Ideal","E","VS2",62.1,56,6720,6.42,6.39,3.98
0.41,"Ideal","G","VS1",60.8,57,961,4.84,4.8,2.93
0.55,"Ideal","H","IF",61.9,56,2120,5.26,5.34,3.26
0.54,"Ideal","H","VS1",61.9,56,1637,5.24,5.2,3.23
1.54,"Very Good","E","SI2",59,62,7877,7.56,7.59,4.47
1.01,"Very Good","G","SI2",61.9,55,3852,6.43,6.46,3.99
0.4,"Ideal","E","VS1",61.7,55,1125,4.76,4.73,2.93
0.9,"Very Good","D","SI1",61.1,63,3997,6.21,6.17,3.78
0.3,"Very Good","H","VS2",62.5,58,473,4.26,4.28,2.67
2.01,"Premium","H","SI1",60,60,12271,8.16,8.13,4.89
0.59,"Ideal","E","SI2",61.6,54,1248,5.42,5.45,3.35
0.4,"Ideal","F","VVS2",62.9,55,1039,4.75,4.72,2.98
0.38,"Very Good","E","SI1",61.2,59,700,4.64,4.67,2.85
0.3,"Ideal","G","VVS1",62.3,54,789,4.31,4.33,2.69
0.37,"Premium","I","VVS1",62.4,58,874,4.58,4.55,2.85
0.31,"Premium","I","VS1",63,58,628,4.32,4.29,2.71
0.72,"Ideal","F","SI1",62.3,56,3004,5.77,5.79,3.6
0.38,"Premium","H","VS2",60.5,59,700,4.66,4.69,2.83
0.9,"Good","G","VS1",63.6,58,4460,6.12,6.09,3.88
1.55,"Premium","G","VS2",60.5,60,10499,7.49,7.46,4.52
0.34,"Very Good","G","SI1",63.4,57,521,4.4,4.45,2.81
0.4,"Very Good","G","SI2",63.4,59,765,4.66,4.64,2.95
0.72,"Ideal","E","SI1",62.3,57,2857,5.76,5.7,3.57
0.4,"Good","G","VVS2",61.4,64,1050,4.7,4.65,2.87
0.32,"Ideal","E","VVS2",62.4,56,864,4.39,4.43,2.75
0.72,"Very Good","H","VS2",62.9,58,2396,5.7,5.75,3.6
0.71,"Ideal","F","SI2",62.2,56,2304,5.71,5.74,3.56
1.21,"Ideal","E","SI1",61.9,57,7424,6.88,6.79,4.23
0.3,"Very Good","E","SI1",62.9,57,526,4.27,4.32,2.7
0.33,"Ideal","H","IF",61.8,54,838,4.47,4.49,2.77
0.31,"Ideal","F","IF",62.2,56,979,4.31,4.34,2.69
1.51,"Premium","J","SI1",59.4,59,6851,7.45,7.54,4.45
0.31,"Ideal","G","VVS2",62.2,54,687,4.35,4.39,2.72
0.44,"Very Good","G","SI2",60.6,55,1016,4.94,4.96,3
0.71,"Ideal","E","SI1",59.9,56,2704,5.86,5.8,3.49
0.23,"Premium","G","VVS1",61.3,59,531,3.96,3.94,2.42
0.24,"Ideal","F","VVS2",61,56,678,4.05,4.08,2.48
0.35,"Ideal","D","VS1",61.2,56,1035,4.54,4.58,2.79
1.01,"Ideal","F","VS1",61.7,56,8552,6.48,6.45,3.99
1.7,"Premium","H","VS2",62.4,57,13298,7.6,7.54,4.72
0.38,"Premium","E","VVS1",61.9,58,1327,4.66,4.62,2.87
0.32,"Ideal","E","VVS1",61.6,56,1061,4.43,4.37,2.71
0.58,"Premium","G","VS1",61.5,58,1984,5.41,5.35,3.31
1.58,"Premium","F","SI2",60.7,60,6990,7.54,7.51,4.57
0.65,"Good","I","VS1",61.1,61.7,1744,5.55,5.59,3.4
0.36,"Ideal","D","VS1",62.8,55,1018,4.55,4.52,2.85
0.41,"Premium","D","SI2",62.3,58,683,4.73,4.77,2.96
0.56,"Ideal","E","VVS2",61.7,56,2712,5.31,5.33,3.28
0.9,"Premium","F","SI1",62,55,4183,6.2,6.16,3.83
0.59,"Ideal","F","VVS2",62,55,2611,5.36,5.38,3.33
2.09,"Premium","H","SI2",62.1,58,17001,8.17,8.22,5.09
0.26,"Very Good","G","VVS1",61.2,56,545,4.1,4.13,2.52
1.11,"Ideal","E","SI1",62.5,54,6737,6.62,6.63,4.13
0.33,"Premium","E","VS2",61.1,59,928,4.49,4.45,2.73
1.05,"Premium","E","SI2",62.2,59,3886,6.51,6.44,4.03
0.35,"Good","E","VS1",61.3,65,938,4.51,4.53,2.77
0.65,"Ideal","D","VVS1",61.8,57,4022,5.54,5.56,3.43
1.5,"Good","I","VS1",57.9,60,9828,7.48,7.44,4.32
0.76,"Ideal","F","SI1",62.6,57,2719,5.84,5.89,3.67
0.71,"Very Good","D","VVS2",61,56,4363,5.75,5.79,3.52
0.35,"Ideal","D","SI1",62.3,57,644,4.5,4.52,2.81
1,"Premium","J","VS2",60.7,61,3685,6.5,6.41,3.92
0.53,"Premium","I","VVS1",63,56,1607,5.19,5.13,3.25
0.91,"Very Good","D","SI1",63.5,56,4389,6.13,6.18,3.91
1.2,"Good","G","VS2",57.8,59,8032,7.06,7,4.06
1.02,"Premium","F","VVS2",60.9,59,8616,6.44,6.56,3.96
0.42,"Very Good","H","VVS1",62.2,56,1193,4.78,4.81,2.98
1.27,"Premium","I","SI1",62.3,56,5547,6.93,6.85,4.29
1.15,"Very Good","H","SI1",60.9,57,5047,6.72,6.8,4.12
0.51,"Premium","F","SI1",59.4,60,1308,5.19,5.21,3.09
1.22,"Premium","J","SI2",62.6,59,3156,6.79,4.24,3.76
0.42,"Ideal","G","SI2",62.3,55,686,4.8,4.83,3
0.35,"Ideal","D","VS1",60.8,57,890,4.57,4.61,2.79
0.71,"Premium","F","VS2",59.6,59,2686,5.81,5.77,3.45
0.4,"Premium","G","IF",60.8,58,1333,4.73,4.77,2.89
0.64,"Fair","F","VS2",57,62.5,2063,5.67,5.78,3.26
0.52,"Very Good","F","VS2",61.9,59,1550,5.11,5.14,3.17
1.13,"Ideal","E","VS2",62,54,8253,6.66,6.7,4.14
0.32,"Premium","G","VS2",61.5,60,561,4.4,4.42,2.71
0.53,"Good","J","VS2",63.8,57,1023,5.1,5.12,3.26
0.88,"Ideal","E","SI2",62.2,57,3329,6.08,6.2,3.82
1.15,"Very Good","H","SI2",61.4,58,4418,6.7,6.75,4.13
0.5,"Ideal","G","SI2",61.4,57,1107,5.1,5.13,3.14
0.57,"Ideal","G","VS1",62.1,56,1851,5.3,5.33,3.3
1.1,"Very Good","F","VS2",62.7,58.5,7272,6.5,6.59,4.1
0.34,"Ideal","G","VS2",62,54,765,4.5,4.47,2.78
1,"Premium","D","SI1",62.3,60,4469,6.23,6.19,3.87
0.31,"Ideal","E","VS2",60.5,56,680,4.38,4.41,2.66
1.72,"Premium","H","SI1",61.4,59,12880,7.64,7.71,4.71
0.34,"Ideal","E","VS2",62.2,57,829,4.46,4.42,2.76
0.42,"Very Good","F","VS1",60.9,58,910,4.84,4.88,2.96
1.75,"Very Good","H","VS1",63.3,56,14359,7.63,7.53,4.8
1.27,"Premium","H","VS2",62.1,60,7219,6.94,6.88,4.29
0.3,"Very Good","F","VS1",61.9,59,658,4.26,4.3,2.65
0.7,"Very Good","E","VS2",62.5,57,2593,5.64,5.68,3.54
0.7,"Premium","G","I1",59.7,59,1138,5.76,5.57,3.39
0.94,"Premium","D","SI1",60.7,60,4817,6.32,6.27,3.82
0.74,"Ideal","G","VS1",61.2,56,3635,5.83,5.86,3.58
0.56,"Premium","F","SI1",60.8,58,1436,5.31,5.34,3.24
0.76,"Fair","H","SI1",61.9,70,2328,5.84,5.77,3.59
0.43,"Very Good","F","VS2",61.6,59,905,4.78,4.87,2.97
0.4,"Ideal","D","VS2",61.9,58,917,4.7,4.73,2.92
1.6,"Premium","F","SI2",61.1,58,9229,7.57,7.53,4.61
1.04,"Very Good","G","SI2",62.6,58,4375,6.42,6.49,4.04
0.57,"Premium","I","VVS1",62.1,58,1608,5.25,5.32,3.28
3.01,"Fair","I","SI2",65.8,56,18242,8.99,8.94,5.9
0.31,"Ideal","H","VVS1",62.3,54,687,4.37,4.4,2.73
0.34,"Very Good","F","VVS1",61.3,57,939,4.49,4.52,2.76
1.1,"Premium","E","VVS2",60.1,58,10387,6.69,6.76,4.04
1.58,"Premium","G","VS2",62.6,59,13132,7.47,7.44,4.67
0.23,"Very Good","D","VVS2",62.2,58,530,3.94,3.97,2.46
0.38,"Premium","F","VS1",60.9,58,933,4.68,4.71,2.86
0.41,"Premium","G","SI1",62.8,58,861,4.74,4.72,2.97
1.51,"Ideal","H","SI1",61.8,55,9336,7.38,7.42,4.57
0.73,"Very Good","E","SI2",59.3,57,2395,5.88,5.95,3.51
0.3,"Very Good","E","VS2",60.7,63,612,4.32,4.35,2.63
1.06,"Premium","F","SI2",62.4,58,4372,6.5,6.54,4.07
0.48,"Good","D","VS1",59.3,58,1743,5.09,5.13,3.03
0.35,"Premium","E","SI1",62.9,58,788,4.52,4.48,2.83
1.02,"Very Good","E","VS1",61,58,7503,6.46,6.52,3.96
0.36,"Ideal","H","IF",61.9,57,1013,4.6,4.55,2.83
1.5,"Premium","E","SI2",58,60,8190,7.52,7.47,4.35
1,"Ideal","J","SI2",62.1,56,3528,6.41,6.34,3.96
0.52,"Ideal","E","SI1",61.4,57,1429,5.18,5.15,3.17
0.72,"Fair","F","VS2",55.4,64,2724,6.06,5.97,3.34
0.51,"Premium","G","VS2",61.3,59,1443,5.17,5.11,3.15
0.53,"Ideal","D","VS2",62.1,55,1857,5.17,5.2,3.22
0.32,"Very Good","E","VS2",60.5,58,561,4.4,4.42,2.67
1.17,"Ideal","G","VS1",61.7,57,9326,6.71,6.75,4.15
0.53,"Premium","D","SI2",59.3,61,1318,5.29,5.26,3.13
1.7,"Premium","F","SI2",60.1,58,11322,7.74,7.67,4.63
0.3,"Ideal","G","IF",61.5,56,863,4.32,4.36,2.67
0.73,"Premium","G","VS2",59.2,59,2770,5.92,5.87,3.49
0.3,"Premium","G","VS1",62.5,59,787,4.32,4.25,2.68
0.83,"Premium","G","SI2",61.6,57,2749,6.06,6.02,3.72
1.01,"Premium","J","I1",60.7,59,2602,6.42,6.39,3.89
1.01,"Very Good","G","VS2",61.9,58,6047,6.37,6.42,3.96
0.31,"Ideal","D","VS1",61.8,55,877,4.36,4.34,2.69
0.3,"Ideal","H","VVS2",61.5,57,776,4.34,4.31,2.66
0.34,"Ideal","J","VS1",61.9,55,413,4.5,4.54,2.8
0.43,"Premium","D","SI1",61,58,993,4.88,4.83,2.96
0.3,"Ideal","D","VS1",61,58,601,4.3,4.36,2.64
1.62,"Ideal","F","SI1",62.5,55,12857,7.56,7.52,4.71
1.21,"Ideal","F","VS2",61.3,56,9397,6.86,6.91,4.22
0.23,"Very Good","E","VVS1",62.5,54,478,3.94,3.96,2.47
0.8,"Premium","G","VS1",62.5,58,3514,5.9,5.94,3.7
1.52,"Very Good","H","SI1",60.9,59,9642,7.43,7.49,4.54
2.61,"Ideal","I","SI2",62.1,56,18756,8.85,8.73,5.46
1,"Very Good","F","SI2",61.6,62,4255,6.3,6.37,3.9
0.39,"Very Good","G","VS1",62.7,58,798,4.63,4.69,2.92
1.06,"Very Good","F","SI1",59.5,63,4488,6.62,6.59,3.93
0.65,"Premium","I","SI2",60.7,58,1219,5.65,5.62,3.42
0.59,"Very Good","H","SI1",61.8,56,1239,5.39,5.43,3.35
0.59,"Very Good","E","SI1",62.9,58,1652,5.31,5.34,3.35
0.41,"Ideal","I","IF",62.6,57,1007,4.74,4.78,2.98
0.31,"Ideal","G","IF",61,56,891,4.38,4.41,2.68
0.32,"Ideal","F","SI2",62.6,56,540,4.41,4.37,2.75
0.52,"Premium","I","VVS1",63,58,1619,5.12,5.1,3.22
2.01,"Premium","J","VS2",61.1,59,13228,8.07,8.04,4.92
1,"Good","D","SI2",63.3,56,4620,6.35,6.38,4.03
0.62,"Very Good","D","VS1",63.4,55,2310,5.46,5.43,3.45
0.25,"Premium","E","VVS2",61.5,59,576,4.02,4.04,2.48
0.24,"Very Good","F","VVS1",61.8,58,478,3.95,3.98,2.45
1.14,"Premium","G","VS2",60.9,57,7079,6.79,6.73,4.12
0.43,"Ideal","I","VVS1",60.6,57,1120,4.88,4.94,2.97
0.56,"Ideal","E","SI1",62.3,56,1698,5.3,5.26,3.29
0.3,"Ideal","E","VVS1",62.4,55,826,4.32,4.34,2.7
0.3,"Premium","D","VVS2",60.7,59,741,4.33,4.34,2.63
0.91,"Premium","F","VS2",62.2,58,4892,6.21,6.17,3.85
1.2,"Ideal","D","VS2",61.4,55,9424,6.78,6.87,4.19
0.56,"Ideal","E","VS2",60.9,56,1819,5.32,5.35,3.25
0.9,"Very Good","D","VS2",60.9,62,4804,6.11,6.18,3.74
0.58,"Ideal","F","SI2",62.6,57,1208,5.27,5.33,3.32
0.9,"Premium","H","VVS1",62.3,59,4890,6.15,6.09,3.81
0.38,"Ideal","E","VVS2",62.4,56,1097,4.69,4.63,2.91
0.3,"Good","I","IF",63.3,57,631,4.23,4.3,2.7
0.5,"Ideal","G","SI2",62.1,55,1074,5.12,5.15,3.19
0.51,"Ideal","E","VS2",61.8,57,1656,5.14,5.15,3.18
0.93,"Premium","F","VS2",61.7,58,4961,6.22,6.29,3.86
0.72,"Ideal","E","VS2",61.5,56,3601,5.77,5.81,3.56
0.43,"Good","J","SI2",63.7,57,629,4.79,4.76,3.04
1,"Premium","F","SI1",62.1,59,5152,6.39,6.36,3.96
1.02,"Ideal","F","SI2",62.6,56,4851,6.38,6.44,4.01
0.53,"Ideal","D","VS1",61.5,55,1813,5.19,5.22,3.2
1.54,"Premium","I","SI1",61.8,57,7512,7.43,7.37,4.57
0.38,"Very Good","D","SI1",62.2,53.8,831,4.65,4.69,2.9
0.25,"Ideal","H","VVS1",62.5,56,450,4.03,4.06,2.53
2.13,"Very Good","G","SI2",61.5,57,15454,8.27,8.34,5.11
0.3,"Good","E","VVS2",59.8,64,814,4.34,4.29,2.58
0.53,"Ideal","E","VS2",61.4,56,1721,5.21,5.24,3.21
0.43,"Very Good","I","VS1",60.9,55,730,4.89,4.99,3.01
0.31,"Ideal","H","VS2",62.6,57,489,4.31,4.35,2.71
0.61,"Ideal","F","VVS2",61.5,55,3248,5.47,5.53,3.38
0.34,"Ideal","G","SI1",61.9,55,540,4.5,4.52,2.79
0.53,"Ideal","H","VS2",61.7,54,1604,5.23,5.2,3.22
1.39,"Premium","G","SI1",61.3,59,7991,7.24,7.15,4.41
0.71,"Ideal","I","VS2",61.5,55,2878,5.76,5.78,3.55
0.71,"Very Good","E","VS2",60,59,2881,5.84,5.83,3.5
0.55,"Ideal","G","VS1",61.5,57,1856,5.28,5.23,3.23
0.57,"Premium","G","VS1",60.5,58,1746,5.39,5.32,3.24
1,"Premium","E","VVS2",62.7,60,8888,6.32,6.34,3.97
1.02,"Ideal","D","SI1",61.3,56,6157,6.48,6.53,3.99
0.53,"Ideal","F","VVS1",62.1,53.2,2273,5.17,5.21,3.22
0.9,"Very Good","E","VS1",63,55,4449,6.08,6.15,3.85
0.73,"Ideal","I","VVS2",62.3,55,2496,5.76,5.77,3.59
0.71,"Very Good","G","SI1",61.7,56,2334,5.7,5.74,3.53
0.25,"Very Good","G","VVS1",63,54,525,4.02,4.04,2.54
0.73,"Ideal","I","VS1",62.1,54,2167,5.77,5.8,3.59
0.81,"Ideal","D","SI1",61.5,57,2748,6,6.03,3.7
0.3,"Good","E","VVS1",61.2,63,739,4.24,4.26,2.6
1.07,"Premium","G","VS2",60.5,56,6471,6.71,6.64,4.04
1.52,"Premium","J","VS1",62.4,59,8110,7.31,7.36,4.58
0.9,"Very Good","H","VS1",63.5,59,4234,6.13,6.1,3.88
0.36,"Ideal","E","VS1",62.7,57,727,4.55,4.58,2.86
0.24,"Good","F","VVS1",64.8,57,492,3.9,3.94,2.54
1.03,"Very Good","G","VS1",60.7,58,6628,6.5,6.55,3.96
1.21,"Premium","F","VS2",61.3,58,8139,6.89,6.84,4.21
1.07,"Premium","F","SI2",62,58,4700,6.57,6.52,4.06
0.4,"Ideal","F","VVS1",61.9,55,1168,4.75,4.78,2.95
0.7,"Very Good","E","VVS1",63.2,57,4644,5.62,5.67,3.57
1,"Ideal","E","SI2",62.9,56,3450,6.32,6.3,3.97
0.3,"Ideal","E","VVS1",60.6,57,956,4.35,4.33,2.63
0.31,"Premium","E","VVS1",61.3,58,924,4.36,4.39,2.68
0.71,"Premium","G","SI2",59.9,59,1717,5.79,5.82,3.48
0.51,"Premium","F","SI2",58.3,61,1036,5.18,5.14,3.01
1.34,"Very Good","J","SI2",62.3,61,5787,6.97,7.05,4.37
0.24,"Very Good","E","VVS2",62.2,56,608,3.96,3.98,2.47
0.3,"Ideal","H","SI1",63,54,540,4.3,4.27,2.7
0.34,"Very Good","G","IF",59.4,56,917,4.59,4.63,2.74
1.25,"Very Good","J","VS1",60.4,60,5628,6.99,7.08,4.25
0.41,"Ideal","D","SI2",61,56,683,4.78,4.83,2.93
0.31,"Ideal","E","VVS1",61,57,903,4.39,4.37,2.67
0.56,"Ideal","D","SI1",61.4,57,1723,5.31,5.34,3.27
1.23,"Ideal","H","VS1",60.6,57,7803,6.94,6.98,4.22
0.9,"Fair","D","SI2",65.9,59,3205,6,5.95,3.94
0.43,"Premium","G","VVS2",62.2,55,1129,4.84,4.81,3
0.51,"Ideal","E","VS2",61.6,56.3,1656,5.14,5.15,3.16
0.32,"Ideal","F","VS1",61.9,57,716,4.38,4.41,2.72
0.28,"Ideal","F","IF",62.4,55,828,4.2,4.17,2.61
0.31,"Ideal","H","VVS1",60.8,55,942,4.42,4.39,2.68
1.51,"Premium","E","SI1",60.3,58,12336,7.47,7.43,4.49
1,"Good","G","VS2",63,58,5723,6.25,6.35,3.97
1.6,"Very Good","E","SI2",62,57,9900,7.47,7.54,4.65
0.3,"Very Good","G","SI1",62.4,54,432,4.33,4.35,2.71
0.7,"Ideal","G","VS2",62.3,57,2723,5.65,5.68,3.53
0.35,"Ideal","F","VS2",61.4,55,706,4.55,4.6,2.81
1.55,"Ideal","E","SI1",62.3,56,12646,7.43,7.37,4.61
0.41,"Good","E","SI2",63.2,58,638,4.68,4.72,2.97
1.04,"Ideal","I","VS1",62.9,43,4997,6.45,6.41,4.04
0.58,"Fair","E","SI1",64.4,57,1641,5.26,5.24,3.38
0.72,"Premium","D","SI1",62.6,59,2732,5.74,5.7,3.58
0.32,"Ideal","I","VS1",62,54,523,4.37,4.41,2.72
0.8,"Ideal","F","SI1",60.5,57,3420,6.02,6.07,3.66
0.27,"Very Good","G","VVS2",62,56,504,4.14,4.17,2.57
0.53,"Ideal","E","VS2",60.9,56,1786,5.27,5.28,3.21
0.31,"Good","G","VVS2",63.2,58,707,4.26,4.32,2.71
0.46,"Fair","I","VS2",66.8,55,855,4.82,4.77,3.2
0.34,"Ideal","F","IF",61.9,55,1276,4.49,4.52,2.79
0.59,"Very Good","I","SI1",62.8,59,1109,5.34,5.36,3.36
0.9,"Very Good","G","VVS1",63.3,58,4697,6.05,6.14,3.86
1.14,"Very Good","D","VS2",58.7,60,7928,6.82,6.88,4.02
0.77,"Ideal","D","VS1",62.3,56,4407,5.83,5.89,3.65
1.8,"Ideal","H","VS1",62.3,56,14968,7.76,7.79,4.84
0.32,"Premium","G","VS2",60.5,58,720,4.42,4.41,2.67
0.76,"Ideal","H","SI1",62.4,55,2371,5.87,5.83,3.65
0.49,"Premium","F","SI1",60.5,60,1072,5.1,5.08,3.08
1.2,"Very Good","F","VS1",58.7,59,9574,6.89,7.07,4.1
1.01,"Premium","J","I1",60.7,59,2488,6.39,6.42,3.89
0.35,"Ideal","E","VS1",61.9,56,1063,4.53,4.51,2.8
1.11,"Premium","G","VS2",60.8,58,6713,6.7,6.65,4.06
0.54,"Very Good","E","SI1",62.1,59,1379,5.17,5.2,3.22
0.41,"Ideal","D","SI1",62.3,55,1015,4.79,4.77,2.98
1.02,"Good","F","SI2",63.3,61,3811,6.28,6.32,3.99
0.92,"Very Good","F","SI2",62.9,58,3763,6.18,6.22,3.9
1.02,"Fair","F","SI2",66.6,58,3633,6.21,6.14,4.11
0.3,"Ideal","I","SI2",62,54,348,4.31,4.34,2.68
0.42,"Premium","H","SI1",60.5,58,1008,4.85,4.83,2.93
1,"Premium","E","VS2",61.8,59,6600,6.38,6.41,3.95
0.56,"Premium","E","VS2",58.8,59,1882,5.45,5.36,3.18
0.7,"Ideal","I","VS1",62.4,56,2398,5.66,5.68,3.54
1.3,"Premium","I","VS2",62.7,58,6246,6.97,6.9,4.35
1.35,"Very Good","G","VS1",60.1,56,9729,7.16,7.21,4.32
1.02,"Ideal","D","SI2",58.9,61,4971,6.56,6.62,3.88
0.7,"Very Good","I","VS2",60.1,57,2316,5.79,5.82,3.49
0.53,"Ideal","I","VS1",61.6,55,1263,5.21,5.25,3.22
0.53,"Ideal","G","VVS1",61.2,55,2005,5.19,5.23,3.19
0.3,"Ideal","G","VVS2",62.7,57,684,4.26,4.32,2.69
0.3,"Ideal","G","VVS2",61.1,58,638,4.33,4.35,2.65
0.5,"Very Good","D","SI1",58.8,60,1436,5.17,5.23,3.06
0.24,"Premium","I","VS1",62.5,57,355,3.97,3.94,2.47
0.42,"Ideal","E","VVS1",61.6,56,1400,4.81,4.84,2.97
0.3,"Premium","H","VVS1",61.3,58,761,4.32,4.3,2.64
1.25,"Premium","J","VS1",62.2,58,5740,6.92,6.88,4.29
0.36,"Ideal","F","VS1",60.1,57,789,4.62,4.67,2.79
0.71,"Good","F","SI2",64.5,55.6,2282,5.58,5.61,3.6
0.4,"Very Good","D","SI2",63.1,56,798,4.67,4.65,2.94
0.41,"Premium","D","VS2",62.4,60,1076,4.75,4.71,2.95
0.41,"Very Good","G","SI1",62.9,56,719,4.7,4.75,2.97
1.13,"Ideal","E","SI1",62.2,55,6682,6.69,6.66,4.15
0.53,"Ideal","G","IF",61.9,56,2247,5.18,5.22,3.21
0.71,"Ideal","F","VS1",62.1,56,3457,5.69,5.75,3.55
0.46,"Ideal","I","VS1",62.3,56,974,4.96,4.93,3.08
0.56,"Ideal","F","VVS2",61.3,57,2554,5.31,5.35,3.26
0.91,"Fair","H","SI1",65.8,58,2854,6.04,6.01,3.96
0.93,"Ideal","I","SI2",62.3,57,3047,6.22,6.2,3.87
0.43,"Ideal","G","VVS2",60.9,57,1129,4.9,4.85,2.97
0.41,"Premium","G","SI1",62.5,57,923,4.72,4.69,2.94
0.32,"Very Good","J","VS2",62.9,56,393,4.37,4.4,2.76
1.01,"Good","E","SI1",64.1,62,4399,6.19,6.26,3.99
0.7,"Good","E","SI1",63.5,59,2812,5.49,5.53,3.5
1,"Premium","E","SI2",58.5,59,3450,6.62,6.51,3.84
0.39,"Premium","F","IF",58,61,1290,4.83,4.79,2.79
1.23,"Ideal","H","VVS2",61.6,57,8509,6.87,6.92,4.25
0.31,"Good","F","VS2",58.2,58,637,4.46,4.51,2.61
1.21,"Ideal","J","VS2",62.2,57,4879,6.78,6.82,4.23
0.3,"Premium","G","VS1",61.9,59,776,4.32,4.28,2.66
0.8,"Good","D","SI1",63.7,57,2738,5.88,5.8,3.72
1.01,"Ideal","G","SI2",61,56,4383,6.48,6.54,3.97
0.31,"Ideal","G","IF",61.9,55,891,4.35,4.38,2.7
1.31,"Premium","H","VS2",59.8,58,7732,7.19,7.09,4.27
1.23,"Ideal","J","SI1",62.2,57,5407,6.89,6.81,4.26
0.33,"Ideal","E","VVS1",60.9,56,984,4.46,4.48,2.72
0.36,"Ideal","F","SI1",62.7,57,520,4.53,4.56,2.85
1.01,"Ideal","E","VS2",61.9,55,6787,6.44,6.38,3.97
0.63,"Premium","H","VVS1",61.3,61,2177,5.49,5.44,3.35
0.53,"Very Good","D","SI2",59.3,61,1226,5.26,5.29,3.13
1.02,"Premium","F","SI2",58,60,3996,6.7,6.64,3.87
0.82,"Very Good","E","SI1",63.2,57,2741,5.92,5.97,3.76
0.4,"Ideal","D","VS1",61.3,54,1053,4.76,4.8,2.93
0.58,"Good","E","VVS1",61.9,63,2243,5.27,5.33,3.28
0.83,"Ideal","F","SI1",62.2,55,3560,6.01,6.03,3.74
0.26,"Very Good","I","SI1",59.2,60,445,4.2,4.24,2.5
0.31,"Premium","G","VS2",61.5,60,544,4.31,4.34,2.66
1.01,"Premium","D","VVS2",62.4,58,10732,6.39,6.44,4
0.57,"Ideal","G","VS1",62,55,1851,5.29,5.35,3.3
1.21,"Premium","G","VS2",62.8,59,8402,6.84,6.76,4.27
1.19,"Premium","I","SI2",62.6,58,4498,6.82,6.69,4.23
0.42,"Ideal","D","SI1",62,55,1040,4.84,4.83,3
1.05,"Ideal","H","SI2",61.9,56,4504,6.49,6.56,4.04
2.01,"Premium","H","SI2",62,60,14364,8.11,8.04,5.02
0.32,"Very Good","G","VS2",61.9,56,576,4.36,4.39,2.71
0.3,"Ideal","D","SI2",60.2,56,574,4.4,4.37,2.64
0.9,"Very Good","G","VS2",60.9,59,4269,6.18,6.24,3.78
0.4,"Ideal","E","VS2",62.1,54,854,4.72,4.75,2.94
0.7,"Premium","E","SI1",60,59,2777,5.79,5.75,3.46
0.63,"Very Good","H","VVS1",62,57,2127,5.47,5.5,3.4
0.76,"Ideal","F","SI2",61.6,57,2253,5.91,5.85,3.62
2.01,"Premium","I","VS2",60.3,62,15939,8.13,8.08,4.89
0.5,"Very Good","G","VS1",61.9,59,1603,5.06,5.08,3.14
0.32,"Good","E","SI1",63.5,56,524,4.34,4.38,2.77
1.06,"Ideal","H","VS2",62.4,57,4416,6.54,6.48,4.06
0.3,"Premium","H","VS2",62.5,59,608,4.28,4.23,2.66
1.74,"Premium","J","VS1",62.5,58,11050,7.67,7.65,4.79
0.29,"Very Good","H","VVS2",61.7,55,541,4.27,4.3,2.64
1.09,"Ideal","H","VS2",61.4,57,6419,6.61,6.65,4.07
1.09,"Premium","I","SI1",62,58,4090,6.6,6.56,4.08
1.16,"Premium","I","SI1",62.7,57,4872,6.76,6.67,4.21
2.01,"Fair","H","SI2",65.8,63,13587,7.77,7.68,5.08
0.73,"Very Good","H","VS1",58.7,61,2446,5.9,5.95,3.48
0.3,"Ideal","G","SI1",61.6,57,432,4.29,4.34,2.66
0.24,"Very Good","G","VS1",61.2,56,391,4,4.03,2.46
0.63,"Ideal","G","VS2",60.9,56,2357,5.57,5.6,3.4
1.61,"Ideal","E","SI2",63,60,11090,7.45,7.42,4.68
0.35,"Premium","G","SI1",60.3,60,669,4.59,4.57,2.76
0.97,"Ideal","H","SI2",61.6,56,3802,6.39,6.36,3.93
1.23,"Ideal","G","VS2",61.5,54,7988,6.89,6.92,4.25
1.21,"Premium","E","SI2",61.9,60,6071,6.78,6.73,4.18
0.7,"Very Good","D","VS2",59.6,61,2833,5.77,5.8,3.45
0.51,"Ideal","E","VS2",61.5,57,1781,5.12,5.09,3.14
0.51,"Very Good","G","VVS2",62.9,57,1875,5.09,5.12,3.21
0.51,"Ideal","E","VS2",61.7,54,1781,5.18,5.13,3.18
0.9,"Very Good","I","VS2",62.8,52,3764,6.19,6.23,3.9
0.93,"Very Good","G","SI1",62.5,57.8,3933,6.15,6.28,3.87
0.36,"Very Good","E","SI1",59.9,60,615,4.59,4.62,2.76
1.15,"Premium","I","SI1",62.5,60,4939,6.72,6.68,4.19
1.02,"Ideal","E","SI1",62.2,57,5553,6.41,6.45,4
2.02,"Very Good","G","SI2",63.1,56,15848,8.06,8.02,5.07
0.35,"Ideal","E","VVS1",61.8,56,905,4.5,4.53,2.79
0.58,"Ideal","G","IF",60.9,57,2508,5.39,5.46,3.3
1.01,"Premium","F","SI2",62.8,60,4497,6.4,6.33,4
1.02,"Premium","G","VVS2",62.6,59,7602,6.41,6.46,4.03
0.28,"Very Good","F","VVS2",61.8,60,596,4.16,4.19,2.58
2.5,"Ideal","J","SI2",64,55,14502,8.56,8.48,5.46
1.01,"Premium","H","VS2",61.3,59,5166,6.41,6.45,3.94
1.8,"Ideal","H","VS1",62,57,16683,7.84,7.78,4.84
0.81,"Premium","G","SI2",62.5,57,2515,5.95,5.89,3.7
0.33,"Very Good","F","VVS2",62.5,59,810,4.4,4.47,2.77
1,"Premium","E","VVS2",61.6,59,9050,6.46,6.42,3.97
0.24,"Very Good","H","VVS2",61.5,56,449,3.99,4.01,2.46
0.23,"Ideal","E","VS2",61.7,55,548,3.98,4,2.46
1.01,"Fair","G","SI2",58.7,67,3816,6.52,6.56,3.84
0.52,"Ideal","E","VS2",61.7,57,1576,5.1,5.17,3.17
0.59,"Very Good","D","SI1",63.1,61,1771,5.35,5.3,3.36
0.43,"Very Good","G","SI1",62.3,59,754,4.79,4.81,2.99
0.4,"Ideal","G","IF",61.4,55,1397,4.79,4.76,2.93
1.2,"Fair","G","SI2",65.5,59,4044,6.73,6.53,4.34
0.7,"Ideal","F","VVS2",61.7,58,3644,5.66,5.71,3.51
0.36,"Ideal","I","VS1",62,54,587,4.58,4.61,2.85
0.9,"Fair","E","SI2",65.8,59,2982,6.03,5.98,3.95
0.72,"Fair","F","SI1",64.8,55,2691,5.64,5.6,3.64
0.7,"Ideal","E","VS2",62.7,56,2697,5.73,5.63,3.56
1.04,"Ideal","F","SI1",61.3,56,5882,6.55,6.5,4
1.01,"Ideal","E","SI2",60.9,57,4479,6.47,6.51,3.95
0.33,"Ideal","F","VVS1",61.4,55,893,4.47,4.52,2.76
1.02,"Very Good","E","VVS1",62.2,57,10672,6.4,6.59,4.04
0.34,"Ideal","E","VVS2",61.8,56,838,4.48,4.52,2.78
0.58,"Very Good","F","VS2",63,59,1667,5.27,5.39,3.36
0.33,"Premium","E","VVS1",59.7,58,984,4.49,4.52,2.69
0.31,"Ideal","H","IF",61.8,56,1046,4.38,4.36,2.7
0.58,"Premium","F","SI1",61,57,1634,5.41,5.34,3.28
0.73,"Ideal","E","SI1",62.2,56,3038,5.76,5.79,3.59
0.31,"Very Good","D","SI1",62.9,56,571,4.31,4.34,2.72
0.23,"Very Good","E","VS1",59.6,65,378,3.95,3.97,2.36
0.32,"Ideal","F","VS2",61.6,57,645,4.4,4.43,2.72
0.35,"Ideal","G","IF",61.8,56,974,4.52,4.57,2.81
1.04,"Ideal","H","SI1",61.3,55,3984,6.49,6.44,3.96
0.55,"Ideal","H","VVS2",61.7,57,1806,5.28,5.26,3.25
1.21,"Ideal","E","VS2",62.4,54,9215,6.86,6.8,4.26
1.71,"Very Good","H","SI1",60.8,56,13169,7.77,7.73,4.71
0.71,"Ideal","E","VS2",60.1,59,3145,5.79,5.83,3.49
0.5,"Very Good","G","SI1",62.2,60,1197,5.03,5.07,3.14
1.55,"Premium","H","VS2",60.7,59,11846,7.5,7.46,4.54
0.56,"Very Good","D","VVS1",60.1,58,2959,5.36,5.42,3.24
1.91,"Very Good","G","SI1",63.1,59,15241,7.9,7.86,4.97
1.42,"Premium","F","SI2",59.7,57,7755,7.33,7.3,4.37
0.74,"Premium","F","SI2",59.6,58,2328,5.91,5.87,3.51
1.04,"Ideal","G","VVS1",62.2,55,8637,6.48,6.51,4.04
0.62,"Ideal","E","SI1",62.4,53,1779,5.47,5.5,3.42
1.05,"Premium","D","SI2",60.4,57,5057,6.6,6.55,3.97
0.56,"Premium","E","VS2",61.8,59,1915,5.34,5.27,3.28
0.31,"Ideal","G","IF",61.6,55,924,4.34,4.39,2.69
2.21,"Premium","H","I1",62.2,58,6535,8.31,8.27,5.16
0.4,"Very Good","H","VS1",61.3,59,818,4.79,4.74,2.92
1.2,"Ideal","I","SI2",62.5,56,3931,6.8,6.7,4.22
0.35,"Ideal","G","IF",61.4,55,1116,4.59,4.56,2.81
1.31,"Good","I","SI2",63.6,55.1,5446,6.92,6.98,4.42
1.6,"Premium","E","SI1",61.2,58,9229,7.59,7.5,4.62
0.7,"Premium","F","VVS1",61.9,59,3109,5.67,5.6,3.49
1.75,"Ideal","J","VS2",62.1,57,9663,7.71,7.66,4.77
0.98,"Fair","G","I1",67.3,60,1932,6.17,6.11,4.14
1.01,"Very Good","H","SI1",63.5,62,4513,6.36,6.24,4
0.67,"Good","D","SI1",63.8,57,2258,5.53,5.48,3.51
0.3,"Ideal","E","SI2",60.9,59,401,4.29,4.32,2.62
1.15,"Ideal","H","SI1",61.9,55,5296,6.74,6.77,4.18
1.02,"Ideal","F","VS2",62.7,56,6479,6.39,6.44,4.02
2.04,"Ideal","H","SI2",61.2,56,15874,8.19,8.25,5.03
0.52,"Ideal","H","VS1",61.4,56,1408,5.2,5.23,3.2
0.46,"Premium","F","VVS1",61.4,57,1736,4.99,4.95,3.05
1.51,"Premium","I","VVS2",61.1,60,10817,7.36,7.33,4.49
1.1,"Ideal","H","SI2",62,55,4733,6.61,6.65,4.11
0.52,"Premium","G","SI1",60.6,61,1249,5.19,5.17,3.14
1.1,"Very Good","H","SI1",62.1,58,4276,6.59,6.61,4.1
0.25,"Premium","F","VVS1",60.7,59,740,4.1,4.07,2.48
0.7,"Ideal","D","VVS2",60.7,57,5539,5.75,5.78,3.5
0.3,"Good","E","VVS2",59.8,64,1026,4.34,4.29,2.58
0.45,"Premium","F","SI1",61.1,58,1046,4.97,4.95,3.03
1.5,"Very Good","E","SI2",63.5,60,10080,7.25,7.21,4.59
1.04,"Ideal","I","VS1",61.8,56,5229,6.49,6.51,4.02
0.3,"Premium","F","VS1",61,60,709,4.3,4.22,2.6
0.39,"Ideal","F","VS1",62.3,57,1024,4.69,4.65,2.91
1,"Ideal","G","VVS2",59.8,54,7885,6.58,6.54,3.92
0.73,"Very Good","H","VS1",60.8,57,2916,5.8,5.83,3.54
0.32,"Premium","H","SI2",61.8,55,517,4.42,4.35,2.71
0.54,"Very Good","E","VS2",61.2,58,1707,5.21,5.28,3.21
0.33,"Very Good","H","VVS1",62.5,55,692,4.43,4.47,2.78
0.3,"Premium","H","VS1",61,58,526,4.28,4.31,2.62
0.42,"Ideal","G","IF",62.7,56,1400,4.76,4.77,2.99
1.18,"Premium","J","SI1",62.5,55,4460,6.82,6.74,4.24
0.91,"Premium","F","SI2",61.7,58,3609,6.22,6.29,3.86
1,"Very Good","I","SI1",63.3,56,4538,6.27,6.36,4
1.01,"Premium","G","VS2",61.2,57,5701,6.46,6.41,3.94
0.7,"Premium","E","VS1",62.6,59,2837,5.69,5.66,3.55
1,"Good","F","VS2",62.5,57,5592,6.34,6.42,3.99
0.72,"Very Good","F","VS2",62.5,58,2832,5.71,5.75,3.58
0.35,"Premium","E","VS1",62.2,58,718,4.47,4.5,2.79
1.67,"Ideal","H","SI1",61.6,55,11678,7.68,7.62,4.71
1.58,"Premium","G","VS1",62.4,60,14451,7.46,7.38,4.63
0.55,"Very Good","G","IF",60.2,60,2314,5.29,5.38,3.21
1.22,"Ideal","I","SI1",62.6,57,5807,6.8,6.77,4.25
1.04,"Ideal","H","SI2",59.6,56,4077,6.64,6.59,3.94
0.9,"Very Good","F","SI1",63.4,58,3950,6.09,6.12,3.87
0.35,"Ideal","F","VS2",62.1,57,706,4.53,4.55,2.82
0.35,"Fair","F","VVS1",54.6,59,1011,4.85,4.79,2.63
1.26,"Ideal","I","SI2",62,56,5363,7,6.94,4.32
1.51,"Ideal","F","VS2",62.2,53,13646,7.31,7.35,4.56
1.19,"Premium","I","SI1",62.2,58,4865,6.77,6.73,4.2
0.41,"Premium","F","VVS2",60.1,59,1192,4.82,4.79,2.89
0.36,"Premium","D","SI1",61.5,59,663,4.52,4.55,2.79
1.23,"Ideal","H","I1",61.8,56,4025,6.85,6.91,4.25
0.51,"Ideal","G","VVS2",60.1,56,1875,5.19,5.22,3.13
1.01,"Premium","G","SI2",60.1,60,4270,6.48,6.44,3.88
1.5,"Very Good","D","SI1",63.1,57,11863,7.31,7.24,4.59
1.01,"Ideal","H","SI1",61.4,60,4680,6.48,6.45,3.97
1.07,"Premium","G","VS2",62.1,58,6471,6.59,6.55,4.08
0.45,"Ideal","G","VVS2",61.2,56,1213,4.96,4.91,3.02
0.9,"Premium","G","VS2",61.7,59,4269,6.14,6.22,3.81
0.9,"Fair","H","VS2",64.6,54,3725,6.09,6.14,3.95
0.35,"Premium","F","VS2",60.9,57,879,4.58,4.55,2.78
2.1,"Very Good","G","SI2",63.4,58,13007,8.19,8.12,5.17
0.31,"Ideal","G","VVS1",61.3,60,710,4.33,4.38,2.67
0.52,"Ideal","I","VVS2",62.2,57,1316,5.18,5.11,3.2
0.41,"Very Good","F","SI1",63.5,56,904,4.75,4.7,3
0.23,"Very Good","E","VVS2",63.7,55,485,3.87,3.89,2.47
0.7,"Good","H","SI1",64.2,58,1865,5.62,5.59,3.6
0.4,"Premium","I","SI2",62.9,59,585,4.68,4.63,2.93
1.03,"Premium","D","SI2",62.3,58,3675,6.5,6.4,4.03
0.5,"Ideal","E","SI1",59.7,62,1331,5.16,5.19,3.09
0.32,"Premium","G","VS2",61.5,58,561,4.35,4.4,2.69
0.4,"Ideal","I","VS1",61.9,57,736,4.73,4.74,2.93
0.42,"Premium","E","VS1",62.2,59,1105,4.76,4.79,2.97
0.71,"Premium","E","SI2",62.1,62,2215,5.7,5.67,3.53
0.32,"Ideal","E","VVS2",61.2,57,729,4.38,4.41,2.69
1.08,"Very Good","F","SI1",58.2,63,5256,6.69,6.78,3.92
0.31,"Very Good","G","VS1",62,59,625,4.28,4.3,2.66
0.7,"Very Good","E","VS1",62,60,3109,5.61,5.64,3.49
1.26,"Ideal","D","VS2",62.5,57,8256,6.9,6.85,4.3
0.25,"Premium","F","IF",61.1,58,740,4.1,4.08,2.5
1.07,"Very Good","F","VVS1",60.2,58,9808,6.57,6.65,3.98
0.56,"Ideal","D","VS2",61.5,57,1963,5.28,5.33,3.26
0.91,"Fair","H","SI2",65.7,60,2763,6.03,5.99,3.95
0.74,"Premium","E","SI2",59.1,60,2553,5.98,5.94,3.52
1,"Premium","G","VS2",61.3,62,6048,6.43,6.32,3.91
2.04,"Very Good","I","VS2",61,61,16616,8.08,8.14,4.95
1.2,"Very Good","I","SI2",61.9,59,4455,6.77,6.84,4.21
0.72,"Ideal","I","VVS1",61.3,57,2678,5.77,5.75,3.53
0.5,"Ideal","E","VS2",61.4,57,1746,5.11,5.08,3.13
0.4,"Ideal","E","VS1",62.2,55,1053,4.72,4.76,2.95
0.31,"Ideal","E","VVS2",61.6,56,837,4.35,4.39,2.69
0.41,"Very Good","H","IF",62.9,54,1187,4.71,4.74,2.97
0.52,"Premium","F","VS2",61.8,59,1605,5.15,5.11,3.17
1.5,"Very Good","J","VS1",62.2,58,8014,7.19,7.27,4.5
0.5,"Ideal","H","VVS2",60.3,58,1608,5.14,5.21,3.12
1.07,"Very Good","D","VS1",59.9,55,9681,6.69,6.71,4.01
0.55,"Ideal","E","SI1",60.9,56,1448,5.28,5.32,3.23
1.02,"Very Good","I","SI1",60.4,58,3927,6.52,6.56,3.95
1.03,"Ideal","G","VS2",62.8,55,6645,6.48,6.44,4.05
0.97,"Ideal","E","SI2",62.3,56,4078,6.28,6.33,3.93
0.31,"Ideal","F","VVS1",62,54,840,4.34,4.37,2.7
0.32,"Ideal","F","VVS1",62,55,898,4.41,4.43,2.74
1.06,"Very Good","H","SI1",62.8,58,4785,6.47,6.49,4.07
1.16,"Very Good","G","VVS2",61.6,58,9205,6.67,6.73,4.13
0.6,"Fair","F","VVS2",60.1,66,2484,5.48,5.44,3.28
0.41,"Premium","G","SI1",60.3,59,719,4.76,4.79,2.88
1.56,"Premium","E","SI2",62.4,60,9909,7.36,7.41,4.61
1.07,"Premium","E","SI2",60.5,59,4362,6.67,6.59,4.01
1.03,"Premium","E","VS2",61.2,59,7192,6.53,6.47,3.98
0.43,"Premium","D","VVS2",59.5,59,1159,4.95,4.97,2.95
1.5,"Premium","G","VS1",61.2,59,14234,7.36,7.32,4.49
0.34,"Premium","D","VS2",60.4,60,805,4.51,4.56,2.74
0.9,"Ideal","G","VVS1",62.9,56,6237,6.11,6.19,3.87
0.96,"Very Good","D","SI2",60.2,63,3419,6.36,6.3,3.81
0.55,"Ideal","F","VS2",61.7,56,1692,5.26,5.3,3.26
2.02,"Ideal","I","SI2",62.2,57,10412,8.06,7.99,4.99
0.83,"Ideal","F","SI1",61.8,55,4009,6.01,6.06,3.73
1.7,"Ideal","G","VS2",61.3,57,15797,7.6,7.67,4.68
0.4,"Very Good","G","VS1",61.5,57,871,4.73,4.77,2.92
0.34,"Ideal","H","VVS1",61.6,53,751,4.5,4.52,2.78
1.09,"Ideal","H","SI1",62.2,56,4871,6.59,6.56,4.09
0.31,"Ideal","D","SI1",62.3,54,732,4.37,4.33,2.71
1.03,"Very Good","G","SI2",59.2,63,4473,6.55,6.6,3.89
1.01,"Good","F","VS2",63.1,60,6159,6.29,6.39,4
1.16,"Premium","F","VS2",62.7,58,7003,6.71,6.65,4.19
2.1,"Ideal","I","SI1",61.6,57,12168,8.24,8.15,5.05
0.72,"Very Good","E","VS1",63.1,56,3048,5.7,5.65,3.58
0.8,"Very Good","D","IF",63.3,57,6834,5.85,5.87,3.71
0.7,"Very Good","F","SI1",59.1,59,2278,5.76,5.91,3.45
0.31,"Premium","H","SI1",61.1,57,573,4.35,4.32,2.65
0.41,"Good","G","SI1",63.4,57,671,4.7,4.73,2.99
1,"Premium","F","VS2",61.9,59,5606,6.38,6.34,3.94
0.42,"Very Good","E","SI1",62.7,57,773,4.77,4.83,3.01
1.02,"Ideal","H","SI1",61.9,57,4924,6.4,6.46,3.98
0.32,"Very Good","H","VVS2",62.4,56,596,4.35,4.37,2.72
1,"Good","H","VVS1",63.5,60,6183,6.3,6.36,4.02
0.51,"Ideal","H","SI2",62.1,55,1016,5.12,5.14,3.18
0.51,"Ideal","G","VS2",61.8,55,1557,5.15,5.18,3.19
0.44,"Premium","G","VS2",60.6,58,1063,4.96,4.9,2.99
1.17,"Good","G","VS1",60,64,7972,6.82,6.77,4.08
1.01,"Fair","D","VS2",65.6,61,6176,6.21,6.16,4.06
0.4,"Ideal","I","SI1",61.6,56,765,4.74,4.68,2.9
0.71,"Very Good","H","SI1",62.9,58,2246,5.62,5.66,3.55
1.18,"Ideal","J","VS1",61.7,56,5182,6.79,6.82,4.2
1.03,"Very Good","D","SI2",63.7,56,4580,6.32,6.39,4.05
0.4,"Good","E","SI1",63.2,56,687,4.69,4.74,2.98
0.7,"Good","D","SI2",58.3,60,2242,5.81,5.89,3.41
0.3,"Good","H","VS1",63.9,55,526,4.26,4.28,2.73
1.02,"Very Good","J","SI1",63.1,60,3879,6.35,6.4,4.02
0.9,"Good","E","VS2",64,58,4278,6.02,6.07,3.87
1.2,"Premium","I","VS2",62.3,57,4844,6.79,6.74,4.22
0.52,"Ideal","G","VVS2",61.7,55,2338,5.21,5.23,3.22
1.01,"Premium","H","SI1",61.3,58,4513,6.47,6.39,3.94
1.01,"Very Good","E","SI1",62.6,57,4986,6.38,6.43,4.01
0.27,"Very Good","F","VVS2",61.9,58,620,4.17,4.2,2.59
0.32,"Ideal","G","VVS2",61.5,57,936,4.43,4.39,2.71
0.31,"Very Good","G","VS2",63,54,544,4.33,4.37,2.74
0.4,"Ideal","G","VVS1",62,56,1043,4.73,4.76,2.94
1.01,"Premium","D","SI2",58.9,59,3337,6.54,6.49,3.84
2.01,"Premium","G","SI2",59.4,62,14939,8.27,8.22,4.9
0.25,"Premium","E","VS2",59.7,61,525,4.1,4.08,2.44
1.03,"Ideal","F","SI1",62.8,56,5356,6.38,6.46,4.03
0.4,"Very Good","E","VVS2",63.7,59,1075,4.66,4.69,2.98
1.09,"Ideal","G","VS1",62.3,55,7820,6.59,6.63,4.12
1.29,"Ideal","H","SI2",62.1,57,5926,6.95,6.93,4.31
0.7,"Very Good","F","SI2",62.3,58,2070,5.65,5.71,3.54
0.38,"Premium","I","VS2",61.7,59,633,4.6,4.64,2.85
1.59,"Premium","F","VS2",60.2,60,15461,7.59,7.62,4.58
0.7,"Very Good","E","VS1",63.8,57,3177,5.61,5.65,3.59
1.01,"Very Good","H","VS2",63.5,61,5050,6.32,6.24,3.99
1.05,"Ideal","E","VS2",61.7,55,9624,6.54,6.55,4.04
1,"Very Good","D","VS2",62.6,56,6881,6.33,6.39,3.98
0.41,"Ideal","E","VVS2",61.6,56,1187,4.78,4.8,2.95
0.34,"Ideal","D","IF",59.8,57,2346,4.59,4.57,2.74
0.31,"Ideal","E","VS2",62.3,57,680,4.32,4.35,2.7
1.02,"Very Good","G","SI2",63.1,60,4370,6.41,6.34,4.02
0.76,"Ideal","F","SI1",60.1,57,2607,5.95,5.99,3.59
0.27,"Ideal","H","VS1",61.6,56,480,4.16,4.19,2.57
0.38,"Ideal","E","VS2",62,56,853,4.62,4.66,2.88
0.73,"Fair","I","I1",70.8,55,1049,5.51,5.34,3.84
0.52,"Premium","G","SI2",62.5,59,1001,5.1,5.07,3.18
0.3,"Premium","G","VVS2",62.3,59,878,4.29,4.25,2.66
0.9,"Good","F","SI1",63.6,59,3881,6.12,6.07,3.88
0.56,"Premium","J","VS2",60.9,60,1232,5.33,5.27,3.23
1.5,"Fair","I","I1",66.1,57,4704,7.12,7.04,4.68
1.13,"Very Good","F","VVS2",59.6,59,9539,6.82,6.87,4.08
0.3,"Premium","G","SI1",62.9,59,574,4.28,4.24,2.68
0.7,"Very Good","H","VS2",62.7,59,2377,5.59,5.64,3.52
1.01,"Premium","D","SI1",58.9,58,5532,6.57,6.54,3.86
0.39,"Ideal","E","VS2",61.4,56,796,4.68,4.74,2.89
0.51,"Ideal","G","VVS2",61.9,55,1926,5.14,5.17,3.19
1.26,"Premium","J","SI2",62.7,58,5038,6.95,6.9,4.34
0.35,"Ideal","F","VS2",62.4,57,706,4.5,4.51,2.81
1,"Premium","E","VS2",59.9,59,6272,6.45,6.38,3.84
2.02,"Ideal","I","SI1",62.3,57,15785,8.07,8.11,5.04
0.31,"Ideal","G","IF",61.2,56,891,4.36,4.4,2.68
1.06,"Premium","F","SI2",62.4,58,4452,6.54,6.5,4.07
0.26,"Very Good","D","VS2",59.6,63,420,4.13,4.16,2.47
0.81,"Very Good","G","VS1",62.6,55,3544,5.92,5.97,3.72
0.33,"Ideal","F","VVS1",61.9,55,880,4.44,4.48,2.76
0.71,"Ideal","E","VS2",61.3,56,3553,5.76,5.79,3.54
1.12,"Ideal","H","VS1",60.9,57,7616,6.71,6.73,4.09
0.5,"Ideal","H","SI1",62.2,53,1154,5.06,5.14,3.17
0.7,"Premium","E","VS2",59.5,59,2862,5.82,5.77,3.45
0.47,"Very Good","D","SI2",61.5,55,1078,5,5.04,3.09
0.4,"Premium","D","SI1",61.3,60,990,4.75,4.71,2.9
0.38,"Very Good","E","VS2",60.5,58,866,4.66,4.7,2.83
0.41,"Very Good","D","SI1",60.3,63,717,4.78,4.8,2.89
0.26,"Very Good","F","VS1",59.5,58,453,4.18,4.23,2.5
0.7,"Ideal","E","SI1",61.9,55,2537,5.74,5.77,3.56
0.9,"Very Good","I","SI1",63.2,56,3120,6.15,6.12,3.88
0.73,"Ideal","E","VS1",61.7,57,3758,5.77,5.8,3.57
1.88,"Very Good","D","SI2",63.2,60,9791,7.84,7.79,4.94
0.72,"Ideal","E","SI2",62.3,54,2398,5.75,5.78,3.59
1.12,"Premium","H","SI1",62.2,60,5266,6.59,6.65,4.12
0.37,"Fair","F","IF",52.3,61,1166,4.96,4.91,2.58
1,"Very Good","H","SI2",60.2,61,3850,6.44,6.48,3.89
1.13,"Ideal","G","VVS2",61.6,57,10396,6.66,6.75,4.13
0.32,"Ideal","J","VS2",62.1,54,504,4.44,4.38,2.74
1.5,"Premium","I","VS2",62.9,58,8820,7.17,7.08,4.48
1.1,"Very Good","H","SI1",62.4,58,4938,6.58,6.62,4.12
0.3,"Ideal","H","VS1",62.4,55,545,4.32,4.34,2.7
0.93,"Very Good","G","SI2",62.9,56,4163,6.2,6.23,3.91
0.9,"Premium","E","VS2",62.6,59,4687,6.14,6.06,3.82
1.08,"Premium","H","I1",61.7,59,3118,6.54,6.59,4.05
0.9,"Good","F","SI1",63.3,60,3950,6.09,6.11,3.86
0.38,"Ideal","F","VS2",61.9,55,969,4.69,4.63,2.89
0.32,"Ideal","G","VVS1",62.4,56,842,4.36,4.39,2.73
0.34,"Ideal","E","SI1",61.8,56,765,4.48,4.45,2.76
1.51,"Fair","F","I1",67.8,59,3734,7.09,7,4.78
0.71,"Very Good","I","VS1",63.3,58,2198,5.68,5.66,3.59
0.59,"Ideal","J","VS1",58.7,56,1330,5.52,5.48,3.23
1.31,"Premium","J","SI1",60.3,62,4490,7.12,7.04,4.26
1.23,"Ideal","J","VS2",61.5,57,5217,6.9,6.95,4.26
0.91,"Good","H","VS2",59.9,61,4309,6.18,6.24,3.72
0.7,"Very Good","I","VS2",62.3,58,2273,5.58,5.65,3.5
0.38,"Very Good","I","SI1",59.7,62,601,4.7,4.74,2.82
1,"Very Good","D","SI1",62.1,58,5390,6.34,6.45,3.97
1.3,"Very Good","G","SI1",61,57,7985,7.01,7.06,4.29
0.31,"Ideal","E","VS1",60.4,57,734,4.37,4.4,2.65
0.76,"Ideal","H","SI1",61.4,55,3050,5.82,5.9,3.6
0.39,"Good","G","VS2",63.7,53,942,4.67,4.62,2.96
1,"Premium","H","VS2",59.4,61,5572,6.51,6.46,3.85
0.52,"Premium","E","SI1",60.9,58,1387,5.21,5.17,3.16
0.52,"Very Good","J","VS2",60.7,56,1141,5.19,5.23,3.16
0.53,"Premium","E","VS2",59.9,61,1946,5.3,5.25,3.16
0.61,"Ideal","G","IF",62.3,56,2659,5.42,5.46,3.39
0.33,"Premium","F","VS2",62.4,58,666,4.37,4.41,2.74
0.43,"Good","D","SI1",63.4,55,774,4.78,4.84,3.05
2.01,"Ideal","I","SI1",62.4,54,12617,8.04,7.96,5
0.36,"Ideal","E","VS1",61.7,56,1094,4.58,4.56,2.82
0.71,"Ideal","E","VS1",62,57,3380,5.72,5.66,3.53
1.04,"Premium","F","SI2",62.8,60,4013,6.41,6.38,4.01
1.08,"Very Good","F","VVS1",61,58,10204,6.64,6.61,4.04
0.93,"Very Good","G","SI2",60.8,62,3644,6.29,6.34,3.84
0.52,"Ideal","E","SI2",60.9,56,1232,5.2,5.23,3.17
0.51,"Ideal","D","VS1",60.7,57,1826,5.18,5.23,3.16
0.32,"Ideal","D","VVS2",62.2,56,1014,4.41,4.37,2.73
1.58,"Ideal","I","SI2",62.3,57,6441,7.42,7.34,4.6
2.01,"Ideal","J","SI1",62.3,57,12607,8.05,7.99,5
1.02,"Ideal","F","VS1",62,57,8637,6.49,6.44,4.01
0.54,"Ideal","G","VVS2",62.6,57,1801,5.19,5.23,3.26
0.34,"Ideal","E","VVS1",62.1,57,1084,4.5,4.46,2.78
1.14,"Ideal","H","VS2",62.6,56,6095,6.68,6.65,4.17
0.53,"Ideal","E","VS1",60.9,57,1827,5.25,5.19,3.18
0.52,"Fair","E","VVS2",57.2,64,2079,5.27,5.36,3.04
0.33,"Very Good","E","VVS2",59.8,58.7,893,4.47,4.51,2.68
0.38,"Very Good","G","VS1",60.7,55,1031,4.71,4.74,2.87
0.53,"Ideal","F","VS2",61.8,55,1753,5.23,5.19,3.22
0.35,"Premium","D","SI1",60.9,58,644,4.52,4.55,2.76
1.13,"Very Good","J","SI1",62.9,57.7,4391,6.6,6.64,4.16
1.21,"Ideal","H","SI2",61.1,56,6098,6.92,6.87,4.21
0.73,"Very Good","G","VVS1",62.9,59,3606,5.7,5.78,3.61
0.3,"Ideal","E","VS1",61.3,57,736,4.3,4.34,2.65
1.06,"Ideal","F","VVS2",62.1,57,8954,6.5,6.54,4.05
1.01,"Very Good","G","VVS1",61.8,59,8373,6.47,6.41,3.98
0.38,"Ideal","E","VVS2",62.5,53,1013,4.62,4.66,2.9
0.52,"Very Good","F","VS1",63.2,57,1748,5.09,5.1,3.22
0.41,"Premium","E","SI1",60.4,58,930,4.79,4.75,2.88
1.01,"Premium","G","VS1",62.7,58,6335,6.36,6.31,3.97
0.9,"Premium","I","VS2",62.6,62,3292,6.13,6.04,3.81
0.32,"Ideal","D","VVS2",61.7,57,834,4.39,4.42,2.72
0.9,"Very Good","I","SI1",61,58,3407,6.19,6.23,3.79
2.18,"Very Good","I","SI2",61.4,59.5,14735,8.31,8.37,5.12
0.32,"Premium","H","SI1",61.3,60,449,4.36,4.42,2.69
0.81,"Ideal","J","VS2",62.1,56,2455,5.94,5.97,3.7
0.32,"Ideal","H","VS2",62.2,57,505,4.36,4.38,2.72
0.33,"Ideal","H","VVS1",62.5,56,702,4.42,4.44,2.77
0.7,"Very Good","G","VS2",63.3,56,2464,5.59,5.66,3.56
1.53,"Premium","H","SI2",61.5,60,6512,7.46,7.39,4.56
0.42,"Ideal","D","VVS2",62.1,55,1326,4.78,4.81,2.98
0.3,"Good","E","VVS2",59.5,59,622,4.35,4.39,2.6
0.56,"Premium","E","VS1",62.6,58,1930,5.23,5.28,3.29
1,"Very Good","F","VS2",61.1,60,7343,6.4,6.46,3.93
0.33,"Ideal","G","IF",62.7,56,861,4.39,4.44,2.77
0.51,"Good","G","SI1",63.7,55,1259,5.1,5.07,3.24
0.4,"Premium","H","VS1",62.6,58,1035,4.71,4.68,2.94
1.2,"Ideal","G","VS1",61.9,58,9625,6.76,6.8,4.2
1.28,"Premium","H","SI1",59.9,59,6701,7.08,7.05,4.23
0.93,"Ideal","G","SI1",62,56,4546,6.22,6.26,3.87
0.51,"Ideal","D","VS2",61.9,55,1787,5.11,5.13,3.17
1,"Good","F","VS2",63.9,62,6352,6.26,6.32,4.02
1.54,"Premium","I","VS2",59.8,59,9659,7.61,7.53,4.53
0.7,"Good","I","SI1",64.3,57,2142,5.63,5.59,3.61
1.01,"Very Good","H","VVS2",59.6,63,5684,6.55,6.47,3.88
1.2,"Premium","G","SI1",63,60,6494,6.81,6.75,4.27
0.4,"Ideal","H","IF",60.9,58,1074,4.75,4.78,2.9
1.28,"Ideal","J","VS2",62.8,57,5795,6.93,6.87,4.33
0.3,"Premium","F","VS2",62.8,58,776,4.28,4.25,2.68
0.7,"Good","F","VVS1",59.9,62,3206,5.69,5.74,3.42
1.51,"Good","I","SI1",63.9,59,9069,7.18,7.26,4.61
1.06,"Premium","G","VS1",62,58,7130,6.56,6.51,4.05
0.41,"Premium","G","VS1",61.5,58,961,4.8,4.76,2.94
1.01,"Premium","F","SI2",61.8,56,4257,6.43,6.38,3.96
0.72,"Ideal","F","VS2",59.5,57,2863,5.91,5.86,3.5
2.21,"Ideal","D","SI2",62,57,16558,8.36,8.31,5.18
0.32,"Very Good","E","SI1",63.2,56,720,4.38,4.35,2.76
1.01,"Premium","F","SI2",62.7,56,4197,6.4,6.35,4
0.3,"Ideal","D","VS2",62.3,54,710,4.29,4.34,2.69
0.31,"Premium","E","SI1",60.1,61,698,4.4,4.35,2.63
1.55,"Ideal","I","SI2",60.7,60,8056,7.49,7.46,4.54
0.23,"Very Good","E","VVS2",61.1,59,505,3.94,3.98,2.42
1.01,"Good","G","SI1",63.3,59,4781,6.24,6.31,3.97
0.72,"Very Good","G","SI2",63.3,58,2246,5.72,5.68,3.61
0.59,"Ideal","D","SI2",60.2,57,1572,5.47,5.42,3.28
0.4,"Ideal","F","VVS1",61.1,56,1908,4.78,4.81,2.93
1.72,"Very Good","I","SI2",63.4,57,8630,7.6,7.58,4.81
0.31,"Very Good","G","SI1",62.4,55,462,4.31,4.34,2.7
0.24,"Very Good","D","VVS2",61.9,58,478,4.02,4.03,2.49
0.3,"Ideal","D","VS2",62.2,54,911,4.31,4.28,2.67
0.7,"Very Good","G","VVS1",63.3,57,3037,5.59,5.63,3.55
0.44,"Ideal","H","SI1",61.9,56,1069,4.91,4.87,3.03
0.4,"Premium","D","VS2",61.7,59,1050,4.75,4.72,2.92
0.4,"Ideal","E","SI1",61.8,56,945,4.74,4.71,2.92
0.24,"Good","F","VS1",58.3,61,373,4.09,4.14,2.4
1.06,"Very Good","I","SI2",61.4,56.5,4465,6.55,6.58,4.03
1.27,"Ideal","F","SI2",62,55,5405,6.95,6.9,4.3
0.3,"Ideal","G","VS1",61.1,56,524,4.35,4.36,2.66
1.07,"Very Good","J","SI2",61.6,54,3783,6.57,6.59,4.05
0.31,"Premium","F","VS2",59,59,625,4.44,4.47,2.63
0.33,"Ideal","G","VS2",62.3,57,579,4.4,4.43,2.75
0.9,"Very Good","G","VS1",61.5,56,5148,6.2,6.23,3.82
1.07,"Ideal","D","VVS2",60.3,56,12545,6.63,6.68,4.01
0.5,"Good","E","SI1",62.5,59,1293,5.04,5.07,3.16
0.82,"Very Good","F","SI2",62.9,59,2643,5.89,5.93,3.72
0.52,"Premium","E","VS2",60.9,57,1815,5.2,5.17,3.16
0.34,"Ideal","E","VVS2",62.3,55,826,4.49,4.53,2.81
1.08,"Premium","H","SI1",62.6,58,5171,6.56,6.53,4.1
2.03,"Very Good","I","VS2",59.9,59,16422,8.32,8.24,4.96
0.91,"Very Good","H","VS2",63.1,56,3567,6.2,6.13,3.89
0.8,"Good","E","SI2",63.7,54,2829,5.91,5.87,3.75
0.72,"Good","F","VS1",63.8,58,3002,5.68,5.63,3.61
0.9,"Premium","E","SI1",59.1,62,4385,6.33,6.3,3.73
0.31,"Ideal","D","VS2",60.2,56,804,4.46,4.41,2.67
0.3,"Very Good","G","VS1",60.3,57,620,4.33,4.35,2.62
0.51,"Very Good","D","VS2",60.5,60,1787,5.16,5.19,3.13
1.26,"Ideal","H","SI1",61.6,56,8110,6.88,6.93,4.26
0.57,"Good","F","VVS2",57.6,60,2298,5.49,5.45,3.15
1.01,"Premium","F","SI1",58.9,60,5713,6.57,6.5,3.85
0.7,"Premium","G","VS2",63,57,2381,5.67,5.6,3.55
1.03,"Ideal","E","SI1",62,57,5330,6.47,6.44,4
1.03,"Ideal","H","SI2",61.1,57,4384,6.55,6.52,3.99
0.7,"Very Good","F","VS2",61.7,63,2762,5.64,5.61,3.47
0.51,"Very Good","E","VS2",63.3,55,1638,5.12,5.09,3.23
0.4,"Very Good","D","SI1",61.4,56,772,4.72,4.83,2.93
1.25,"Premium","J","SI1",62,58,5166,6.9,6.88,4.27
1.23,"Ideal","E","SI2",62.1,55,7336,6.91,6.84,4.27
0.81,"Very Good","F","VVS2",63.1,56,3992,5.99,5.9,3.75
1.27,"Very Good","I","SI1",63.1,59,5953,6.83,6.87,4.32
0.55,"Very Good","D","VS1",59.5,56,2251,5.35,5.38,3.19
0.38,"Ideal","F","VVS2",62,54.1,1010,4.66,4.68,2.9
0.38,"Ideal","E","VVS1",61.9,56,1267,4.64,4.67,2.88
2.03,"Ideal","G","SI2",61.1,57,17182,8.16,8.21,5
2.01,"Premium","D","SI2",62.7,58,16776,8.06,7.99,5.03
0.6,"Very Good","I","VVS2",63.7,57.4,1565,5.36,5.41,3.42
0.43,"Ideal","G","VVS2",60.1,57,1056,4.88,4.91,2.94
1.04,"Very Good","G","SI2",62.7,57,4125,6.4,6.46,4.03
1.04,"Premium","H","VS1",59.7,59,5882,6.64,6.59,3.95
1.2,"Good","E","VS2",63.6,57,8380,6.74,6.68,4.27
1.01,"Premium","F","SI2",61.7,58,3846,6.46,6.41,3.97
0.71,"Very Good","D","VS1",62,61,3420,5.71,5.74,3.55
0.23,"Ideal","F","VVS2",60.3,57,530,3.99,4.03,2.42
0.41,"Very Good","E","SI1",62.8,58,705,4.72,4.77,2.98
0.9,"Very Good","E","SI1",62.9,56,4286,6.09,6.12,3.84
0.77,"Good","H","SI1",63,65,2338,5.82,5.74,3.64
0.53,"Fair","E","SI1",56.2,64,1286,5.43,5.41,3.05
0.31,"Ideal","F","IF",61.1,54,921,4.39,4.42,2.69
0.32,"Ideal","D","VS2",61.5,56,758,4.39,4.42,2.71
0.5,"Ideal","I","VS1",61.9,54,1130,5.12,5.16,3.18
0.4,"Premium","D","SI2",60,58,855,4.84,4.8,2.89
0.38,"Ideal","G","VVS2",62,57,879,4.64,4.66,2.89
0.4,"Ideal","J","VS1",62.6,55,631,4.71,4.75,2.96
0.33,"Premium","G","VVS2",61,58,752,4.44,4.48,2.72
0.3,"Ideal","G","VVS1",62.3,54,1013,4.33,4.31,2.69
0.31,"Ideal","I","VS1",62.5,53.4,502,4.31,4.34,2.7
0.52,"Ideal","E","SI1",61.6,55,1555,5.16,5.19,3.19
1.6,"Premium","G","VVS2",60.6,60,16068,7.51,7.57,4.57
0.91,"Ideal","G","SI1",62.1,57,4240,6.2,6.23,3.86
0.31,"Premium","D","SI1",62,58,571,4.3,4.35,2.68
0.52,"Premium","F","SI2",61.7,58,1219,5.16,5.12,3.17
1.01,"Ideal","H","SI2",62.8,56,4119,6.38,6.45,4.03
0.51,"Premium","D","VS2",62.7,59,1716,5.05,5.09,3.18
0.31,"Ideal","D","SI2",62.9,54,593,4.35,4.3,2.72
1.2,"Ideal","H","SI1",62.9,57,5510,6.79,6.76,4.26
2.07,"Ideal","H","SI1",60.6,56,14935,8.38,8.3,5.05
1.25,"Ideal","I","SI2",61.4,55,5395,6.92,6.99,4.27
0.33,"Ideal","H","VS2",61.2,55,668,4.47,4.45,2.73
0.43,"Ideal","G","VVS2",60.1,57,1129,4.91,4.88,2.94
1.53,"Very Good","F","SI1",58.5,59,11713,7.55,7.62,4.44
0.42,"Ideal","F","VS1",62.3,55,1031,4.77,4.79,2.98
0.38,"Ideal","I","VS1",61.9,54.7,703,4.63,4.68,2.88
0.41,"Very Good","E","SI2",61.9,55,683,4.77,4.8,2.96
1.52,"Ideal","I","SI2",62.5,58,7990,7.29,7.33,4.57
1.7,"Very Good","I","SI1",63.1,57,10341,7.51,7.46,4.72
0.31,"Premium","E","VS2",60,59,872,4.39,4.35,2.62
0.9,"Premium","H","I1",62.8,61,1939,6.09,6.07,3.82
0.96,"Ideal","G","SI2",62.1,57,3871,6.32,6.27,3.91
0.35,"Ideal","G","VS2",61.3,56,807,4.55,4.58,2.8
0.44,"Premium","E","SI1",62.3,58,778,4.85,4.88,3.03
0.3,"Good","G","VS1",63.6,54,605,4.25,4.31,2.72
1.02,"Ideal","G","VVS2",61.6,57,8401,6.45,6.47,3.98
1.06,"Very Good","G","VS1",60.5,56,6707,6.65,6.6,4.01
1.27,"Premium","G","VVS2",61,58,10389,7.01,6.96,4.26
0.54,"Ideal","F","VS1",60.9,57,1772,5.21,5.26,3.19
1.05,"Ideal","G","VS2",60.8,57,6486,6.58,6.65,4.02
0.43,"Good","E","SI1",60.6,61,723,4.96,4.98,3.01
0.36,"Ideal","G","VVS1",62.1,56,884,4.58,4.6,2.85
0.49,"Good","F","VS1",58.9,60.5,1430,5.17,5.21,3.05
0.41,"Very Good","G","VVS1",61,61,1151,4.72,4.75,2.89
0.42,"Ideal","G","VS1",61.3,57,921,4.78,4.81,2.94
0.3,"Ideal","E","VS2",61.8,55,658,4.33,4.35,2.68
0.32,"Very Good","I","VS1",62.6,58,505,4.38,4.4,2.75
0.54,"Ideal","G","VS1",61.6,56,1957,5.24,5.28,3.24
0.41,"Ideal","H","SI1",62.6,55,683,4.77,4.79,2.99
1.09,"Ideal","H","SI2",60,59,4383,6.72,6.77,4.05
0.72,"Premium","F","SI2",61.3,59,1676,5.81,5.76,3.55
2.01,"Premium","H","VS2",62.6,58,15395,8.03,7.94,5
0.85,"Fair","H","I1",66.9,54,1250,5.98,5.75,3.94
0.4,"Good","D","SI2",64,56,775,4.7,4.64,2.99
0.71,"Very Good","E","SI1",62.9,55,2964,5.64,5.68,3.56
0.76,"Premium","E","SI1",58.3,62,2937,6.12,5.95,3.52
1.16,"Premium","H","SI1",62.8,57,5702,6.73,6.67,4.21
0.7,"Premium","E","SI1",59.1,62,2592,5.8,5.74,3.41
0.58,"Ideal","G","VS2",61.9,56,1636,5.34,5.38,3.32
0.32,"Ideal","G","SI1",61.3,57,612,4.4,4.37,2.69
1.25,"Ideal","H","VS2",60,56,6944,7.04,6.99,4.21
0.65,"Premium","G","SI1",61.9,58,1612,5.54,5.51,3.42
0.32,"Ideal","H","VS1",61.8,53,516,4.41,4.43,2.73
0.41,"Premium","G","VS1",61.9,60,899,4.7,4.76,2.93
0.62,"Premium","G","SI1",59.3,58,1253,5.6,5.56,3.31
1.53,"Ideal","G","VS1",60.6,54,13926,7.49,7.47,4.53
1.03,"Premium","E","VS1",59.6,59,7817,6.59,6.57,3.92
0.34,"Ideal","I","IF",61.6,54,695,4.5,4.53,2.78
2.29,"Ideal","J","SI2",62.8,56,14500,8.36,8.39,5.25
1.13,"Fair","I","VS2",55.9,67,4695,7.05,6.94,3.9
0.33,"Ideal","G","VVS1",61.8,55,838,4.47,4.5,2.77
0.34,"Premium","I","SI1",60,58,459,4.51,4.55,2.72
0.3,"Very Good","D","SI2",62.9,58,447,4.26,4.29,2.69
0.7,"Very Good","I","SI1",62.5,60,2039,5.64,5.68,3.54
0.27,"Ideal","F","IF",63,55,760,4.13,4.16,2.61
1.04,"Ideal","E","VVS2",62,58,9552,6.54,6.46,4.03
1,"Fair","F","SI2",59.3,66,3975,6.44,6.51,3.84
1,"Good","G","SI2",59.7,63,3860,6.43,6.5,3.86
0.35,"Ideal","G","VVS2",61,57,1024,4.58,4.54,2.78
0.97,"Good","F","SI1",60.1,65,4900,6.46,6.36,3.85
1.14,"Ideal","E","VS2",62.4,55,9516,6.71,6.64,4.17
0.47,"Very Good","D","VS1",59.5,61,1422,5.06,5.03,3.02
0.3,"Ideal","F","VS1",62.2,54.4,652,4.3,4.33,2.68
1.24,"Premium","J","VS2",62,58,5128,6.87,6.91,4.27
0.54,"Ideal","G","VS1",62.2,56,1637,5.19,5.23,3.24
0.3,"Very Good","H","IF",62.3,56,691,4.3,4.33,2.68
1.22,"Ideal","E","SI2",62.8,54,4974,6.78,6.75,4.25
0.3,"Ideal","G","IF",62.1,55,956,4.35,4.31,2.69
0.52,"Good","F","SI1",63.8,56,1338,5.12,5.07,3.25
0.31,"Ideal","D","SI1",61.3,55,565,4.36,4.41,2.69
0.4,"Premium","F","SI1",62.3,60,945,4.74,4.7,2.94
0.3,"Good","G","SI2",63.7,54,506,4.25,4.23,2.7
0.71,"Good","H","SI1",63.4,54,2056,5.6,5.67,3.57
1.02,"Premium","D","VS1",61.3,58,8181,6.52,6.47,3.98
1.22,"Very Good","H","SI1",62.4,57,6323,6.78,6.82,4.24
1,"Very Good","G","VVS1",57.8,59,7725,6.59,6.63,3.82
0.94,"Very Good","D","SI1",58.4,58,4902,6.41,6.51,3.77
0.64,"Very Good","F","SI1",61.2,58,1725,5.54,5.6,3.41
0.32,"Good","E","SI1",63.4,56,524,4.31,4.34,2.74
0.55,"Ideal","D","VVS2",60.8,56,3468,5.31,5.34,3.24
1.33,"Ideal","H","VS1",59.3,57,8558,7.18,7.22,4.27
0.56,"Ideal","I","SI1",61.3,56,1343,5.28,5.31,3.25
0.7,"Premium","F","SI2",59.5,61,1662,5.78,5.68,3.41
1.5,"Premium","H","SI1",59,62,10038,7.39,7.31,4.56
0.76,"Ideal","F","SI2",61.9,57,2403,5.87,5.9,3.64
0.41,"Ideal","D","VS1",61.2,57,1018,4.77,4.81,2.93
0.33,"Premium","G","VVS2",61.9,58,965,4.43,4.39,2.73
0.33,"Premium","I","SI1",61.3,59,572,4.51,4.46,2.75
0.9,"Very Good","D","SI1",63,58,4523,6.11,6.14,3.86
0.92,"Ideal","D","SI1",61.8,55,4696,6.25,6.28,3.87
0.52,"Premium","D","VS2",62.4,58,1842,5.13,5.09,3.19
0.31,"Ideal","H","VVS1",61.5,54,707,4.36,4.39,2.69
1,"Good","I","VS1",63.9,56,4499,6.18,6.37,4.01
0.73,"Very Good","I","VS1",62.4,56,2288,5.72,5.76,3.58
0.72,"Ideal","E","VS2",62,57,2843,5.71,5.74,3.55
1.04,"Ideal","E","SI2",61.1,56,5067,6.55,6.51,3.99
0.35,"Very Good","I","VVS2",61.3,56,620,4.52,4.54,2.78
1.05,"Very Good","F","SI2",62.1,58,4436,6.47,6.5,4.03
0.5,"Very Good","F","VS2",63,55,1436,5.04,5.09,3.19
0.43,"Ideal","D","VS1",61.6,56,1264,4.86,4.85,2.99
0.5,"Very Good","F","IF",59.7,60,2219,5.18,5.24,3.11
0.31,"Premium","I","VS2",60.8,60,558,4.42,4.37,2.67
1.01,"Premium","D","SI2",61.8,60,4672,6.41,6.37,3.95
0.5,"Ideal","I","SI1",61.9,58,982,5.06,5.09,3.14
2.11,"Premium","J","SI2",61,58,12440,8.2,8.29,5.03
0.72,"Fair","D","SI1",65.6,60,2364,5.62,5.54,3.66
0.34,"Premium","F","SI2",60,62,574,4.55,4.51,2.72
1.01,"Good","F","SI2",63,60,3827,6.28,6.35,3.98
1.14,"Ideal","G","SI2",62.3,56,6346,6.66,6.69,4.16
0.34,"Ideal","E","IF",62,56,1243,4.51,4.49,2.79
0.42,"Premium","G","SI1",62.7,59,717,4.72,4.75,2.97
2.01,"Premium","G","SI2",62.3,60,15147,8.04,7.97,4.99
0.5,"Good","F","SI2",62,54.7,1214,5.09,5.12,3.16
1.01,"Premium","G","VS1",62.7,56,6441,6.46,6.36,4.02
0.36,"Premium","F","SI1",61.5,58,600,4.54,4.6,2.81
0.37,"Ideal","H","VVS1",62,53,815,4.63,4.66,2.88
0.58,"Ideal","H","SI1",61.6,57,1184,5.34,5.38,3.3
0.32,"Very Good","I","IF",61.9,59,673,4.37,4.39,2.71
0.34,"Ideal","D","SI1",62,55,750,4.53,4.5,2.8
0.75,"Premium","I","SI1",62.5,58,2122,5.77,5.82,3.62
0.56,"Ideal","D","VS2",60.9,56,2066,5.35,5.32,3.25
0.35,"Very Good","H","SI2",63.2,61,551,4.49,4.47,2.83
0.32,"Ideal","I","VS2",61.5,56,449,4.4,4.41,2.71
0.27,"Very Good","F","IF",59.4,61,567,4.23,4.26,2.52
0.72,"Ideal","F","SI2",62.4,55,2232,5.72,5.76,3.58
1.08,"Ideal","H","SI1",60.5,57,6426,6.63,6.67,4.02
0.32,"Ideal","G","SI2",62.5,55,421,4.37,4.4,2.74
2.08,"Very Good","J","SI1",62.6,58,12637,8.09,8.15,5.08
0.71,"Very Good","I","SI1",60.4,63,2028,5.8,5.73,3.48
0.35,"Ideal","G","VVS1",61.7,55,849,4.54,4.57,2.81
0.45,"Premium","D","VS1",60.6,59,1297,4.96,4.98,3.01
2.01,"Premium","I","VS2",62.7,58,16778,7.98,7.94,4.99
1.62,"Very Good","E","SI2",60.8,59,9355,7.57,7.62,4.62
2.09,"Good","I","SI1",57.9,63,16294,8.37,8.46,4.87
0.36,"Ideal","G","VVS2",62.3,56,821,4.53,4.56,2.83
1.5,"Very Good","D","SI2",63.3,57,8518,7.27,7.2,4.58
0.32,"Ideal","I","VS1",61.4,55.3,529,4.39,4.42,2.7
0.3,"Premium","D","SI1",61.6,58,709,4.32,4.29,2.65
0.42,"Premium","G","VS2",60.6,58,1087,4.88,4.83,2.94
1.01,"Premium","F","VS2",58.9,58,6271,6.59,6.51,3.86
1.07,"Ideal","J","VS2",61.7,58,4686,6.58,6.55,4.05
1.2,"Very Good","H","SI2",62.1,59,5280,6.75,6.8,4.21
1.01,"Premium","E","SI2",60.6,58,4118,6.53,6.47,3.94
1,"Good","E","VS2",62.4,58,6248,6.33,6.4,3.97
1.01,"Premium","F","SI1",60.6,59,5345,6.52,6.49,3.94
0.25,"Very Good","F","VVS1",64.2,58,548,3.96,4.01,2.56
1.5,"Good","J","SI2",63.7,58,5107,7.19,7.13,4.56
0.53,"Ideal","F","VS1",62.2,55,1812,5.17,5.22,3.23
1.17,"Very Good","G","SI1",63.3,61,5025,6.65,6.59,4.19
0.29,"Premium","F","SI1",62.4,58,518,4.26,4.24,2.65
0.44,"Ideal","I","VVS2",60.8,56,912,4.9,4.93,2.99
0.76,"Premium","D","VS2",61.7,59,3581,5.87,5.9,3.63
1.59,"Ideal","I","SI2",61.6,57,7978,7.56,7.51,4.64
1.05,"Very Good","H","SI2",63,59,4158,6.44,6.48,4.07
1.05,"Ideal","F","SI2",60.9,56,4675,6.64,6.56,4.02
1.18,"Premium","H","SI1",61.8,58,5696,6.74,6.79,4.18
0.26,"Very Good","G","VVS1",61.6,56,545,4.14,4.17,2.55
1.07,"Very Good","G","VS2",61.9,60,6101,6.48,6.55,4.03
0.51,"Ideal","D","VS2",61.5,57,1882,5.14,5.11,3.15
0.3,"Ideal","F","SI1",62.9,57,641,4.27,4.25,2.68
0.72,"Ideal","G","SI2",62.1,54,2079,5.77,5.82,3.6
1.02,"Good","H","SI2",60.3,63,4517,6.45,6.49,3.9
0.7,"Premium","F","VS1",62.1,60,2792,5.71,5.65,3.53
0.52,"Ideal","F","VS2",60.1,57,1909,5.26,5.23,3.15
0.42,"Premium","E","SI2",61.8,61,778,4.84,4.8,2.98
0.71,"Ideal","H","VS1",62.8,57,2685,5.65,5.72,3.57
1.27,"Ideal","H","SI1",61.7,57,6635,6.95,6.93,4.28
2.18,"Premium","J","VS2",60.1,58,15465,8.46,8.41,5.07
0.4,"Ideal","D","VS2",62.3,57,1050,4.75,4.72,2.95
1.7,"Premium","G","VS2",60.3,60,15941,7.72,7.64,4.63
0.5,"Ideal","D","SI1",62.7,57,1272,5.06,5.08,3.18
1.03,"Very Good","D","SI2",60.9,57,4545,6.53,6.55,3.98
0.3,"Ideal","D","VS2",61.6,56,670,4.31,4.36,2.67
0.9,"Ideal","F","SI2",62.4,55,4593,6.17,6.2,3.86
0.3,"Very Good","I","VS1",60.8,59,473,4.3,4.32,2.62
1.5,"Ideal","D","VS2",62.6,56,15848,7.21,7.27,4.53
0.31,"Very Good","E","SI1",58.3,60,544,4.48,4.51,2.62
1.01,"Premium","H","SI2",62.7,59,2788,6.31,6.22,3.93
0.3,"Premium","D","SI1",61,60,709,4.35,4.3,2.64
0.57,"Very Good","F","VVS2",63.2,56,1902,5.28,5.32,3.35
0.7,"Ideal","F","VS1",61.6,57,2998,5.7,5.73,3.52
0.9,"Very Good","H","SI2",62.9,57,3160,6.09,6.16,3.85
0.31,"Ideal","H","SI1",61.3,55,421,4.35,4.39,2.68
1.01,"Very Good","F","VS2",62.3,59,6770,6.37,6.41,3.98
0.57,"Ideal","F","SI1",61.6,57,1571,5.37,5.34,3.3
0.72,"Fair","H","SI2",66,60,1799,5.58,5.51,3.66
0.9,"Good","H","VS1",60.6,61,4072,6.13,6.19,3.73
0.71,"Premium","E","SI1",60.8,55,2554,5.85,5.8,3.54
0.37,"Ideal","D","VVS2",61.6,56,1145,4.65,4.61,2.85
0.29,"Fair","F","SI1",55.8,60,1776,4.48,4.41,2.48
0.31,"Premium","I","VS1",59.2,60,489,4.4,4.45,2.62
0.55,"Ideal","E","VS2",59.3,57,1643,5.39,5.43,3.21
1.02,"Premium","F","SI2",63,58,4398,6.43,6.37,4.03
0.72,"Ideal","H","SI2",60.8,56,2252,5.79,5.83,3.53
0.71,"Very Good","E","VS2",63.2,57,2437,5.66,5.63,3.56
1.08,"Very Good","F","SI2",62.6,56,4407,6.55,6.61,4.12
1.5,"Ideal","G","VS1",61.8,56,13377,7.38,7.31,4.54
1.5,"Very Good","F","VS2",63.9,57,13037,7.16,7.23,4.6
0.57,"Ideal","E","VS2",62.1,55,1654,5.33,5.37,3.32
1.5,"Good","G","SI2",57.5,63,6006,7.53,7.49,4.32
0.3,"Premium","E","VVS1",61.3,59,895,4.28,4.33,2.64
0.9,"Ideal","H","VS2",59.9,57,4584,6.27,6.31,3.77
0.71,"Very Good","J","VVS1",59.7,58,2218,5.8,5.83,3.47
0.9,"Very Good","F","VS2",62.7,62,4124,6.11,6.17,3.85
0.58,"Ideal","F","VVS1",61.6,57,2728,5.33,5.38,3.3
1,"Premium","F","VVS2",60.6,54,8924,6.56,6.52,3.96
0.41,"Very Good","E","VVS2",59.9,60,1233,4.8,4.82,2.88
0.41,"Ideal","G","SI1",61.1,56,964,4.82,4.84,2.95
0.78,"Very Good","E","VVS1",61.3,60,4904,5.86,5.92,3.61
1.26,"Very Good","D","SI1",59.9,59,7785,7.02,7.14,4.24
0.7,"Very Good","J","SI2",63.6,56,1609,5.57,5.63,3.56
0.31,"Very Good","I","VS2",59.3,59,406,4.38,4.42,2.61
0.74,"Very Good","E","SI2",61,57,2574,5.83,5.88,3.57
1.61,"Very Good","E","SI2",61.9,57,8288,7.44,7.48,4.62
0.52,"Ideal","F","VVS2",62.5,57,2064,5.15,5.19,3.23
0.31,"Ideal","E","VVS1",62.5,54,853,4.33,4.37,2.72
1.24,"Good","G","VS1",60.2,63,9405,6.96,6.99,4.2
0.5,"Ideal","H","SI1",59.2,62,1160,5.17,5.2,3.07
0.36,"Good","G","SI1",63.3,56,537,4.5,4.53,2.86
0.41,"Premium","G","SI1",62.6,59,719,4.72,4.77,2.97
0.79,"Premium","J","SI1",59.1,57,2199,6.08,6.06,3.59
0.54,"Very Good","G","VVS1",60.7,56,2123,5.25,5.3,3.2
0.72,"Premium","D","VVS2",60,57,3459,5.92,5.84,3.53
2.22,"Ideal","I","VS2",61.3,56,18363,8.36,8.45,5.15
0.8,"Very Good","E","SI2",62.6,59,3070,5.84,5.91,3.68
0.54,"Ideal","E","VS2",61.9,57,1754,5.2,5.23,3.23
1.55,"Premium","I","VS2",61.3,58,7656,7.48,7.44,4.57
1.01,"Good","H","VS2",60.8,61,5229,6.43,6.5,3.93
0.31,"Very Good","H","SI1",63.1,57,573,4.34,4.31,2.73
0.53,"Very Good","J","SI1",62.7,54,1014,5.17,5.23,3.26
1.2,"Premium","H","VS1",61.3,58,6626,6.85,6.81,4.19
2.08,"Premium","H","I1",61.7,57,6150,8.23,8.18,5.06
1.21,"Ideal","H","SI1",60.9,56,7810,6.89,6.94,4.21
0.3,"Very Good","E","VVS1",61.8,56,1006,4.29,4.32,2.66
0.51,"Ideal","F","VVS2",61.7,56,2197,5.11,5.13,3.16
0.41,"Ideal","F","VVS1",61.8,57,1356,4.79,4.75,2.95
0.7,"Fair","E","SI1",65.1,56,2125,5.49,5.41,3.55
0.53,"Premium","D","VS2",59.9,58,1825,5.29,5.26,3.16
0.37,"Fair","D","IF",61.2,57,1440,4.68,4.73,2.88
0.38,"Premium","D","VS1",62.4,59,1067,4.6,4.63,2.88
0.25,"Ideal","G","VS1",62.5,55,454,4,4.02,2.51
1.5,"Premium","F","SI1",60,60,8400,7.48,7.42,4.47
0.3,"Premium","D","VS2",60.4,59,911,4.35,4.33,2.62
0.34,"Premium","H","VS1",60.6,60,596,4.45,4.49,2.71
0.3,"Good","H","VS1",63.1,57,526,4.24,4.26,2.68
1.01,"Ideal","F","SI1",62.3,58,5646,6.35,6.42,3.98
0.34,"Premium","F","VS1",60.4,58,745,4.51,4.53,2.73
1.21,"Ideal","I","VS1",61.7,53,7111,6.89,6.92,4.26
0.44,"Ideal","E","SI1",62.6,56,810,4.84,4.9,3.05
0.3,"Very Good","H","VVS1",62.6,56,638,4.25,4.28,2.67
0.37,"Premium","G","VS2",61.2,60,833,4.63,4.58,2.82
1.51,"Very Good","F","VVS2",61.9,58,16716,7.3,7.36,4.54
0.46,"Ideal","E","VS1",61.9,55,1834,4.94,4.97,3.06
0.3,"Premium","H","VS1",63,58,675,4.28,4.23,2.68
0.71,"Good","I","VS2",64.3,63,2270,5.63,5.56,3.6
1.7,"Premium","I","VS2",62.2,58,11781,7.6,7.65,4.74
0.9,"Ideal","F","SI1",60.7,57,4324,6.25,6.21,3.78
0.32,"Ideal","G","VS2",61.8,57,561,4.38,4.42,2.72
0.43,"Very Good","F","VS2",61.1,57,905,4.86,4.9,2.98
0.73,"Ideal","H","VS2",61.4,55,3164,5.79,5.82,3.56
1.15,"Ideal","I","SI1",62.3,57,4925,6.74,6.67,4.18
0.54,"Ideal","H","VVS1",61.3,56,1875,5.23,5.27,3.22
0.41,"Ideal","E","VS1",61.4,57,1079,4.79,4.82,2.95
0.23,"Very Good","G","VVS2",62.8,55,431,3.93,3.95,2.47
0.74,"Ideal","H","SI1",62.1,56,2870,5.77,5.83,3.6
0.5,"Ideal","E","SI2",63,57,1181,5.09,5.04,3.19
0.71,"Very Good","H","SI1",63.1,57,2207,5.65,5.61,3.55
1.04,"Premium","F","VS1",59.4,60,7632,6.58,6.56,3.9
2,"Good","I","VS2",63.3,56,16544,7.98,8.03,5.07
0.23,"Very Good","E","VS1",62.8,55,391,3.88,3.9,2.44
0.32,"Premium","E","VS2",61,59,900,4.45,4.44,2.71
1.5,"Very Good","H","VS2",58.9,59,10424,7.34,7.43,4.35
0.43,"Ideal","D","VS1",61.9,55,1264,4.87,4.85,3.01
2.01,"Good","I","SI1",64.1,62,13587,7.94,7.85,5.06
0.97,"Premium","I","VS2",62.2,56,3948,6.34,6.29,3.94
1.5,"Fair","F","SI2",64.7,59,7056,7.13,7.05,4.59
0.53,"Ideal","G","VS2",60.9,56,1807,5.25,5.21,3.18
0.52,"Ideal","F","VS1",62.1,56,1767,5.14,5.2,3.2
1.07,"Ideal","F","SI2",61.2,57,4128,6.62,6.59,4.04
0.32,"Good","F","VVS1",63.8,54,939,4.38,4.31,2.77
0.24,"Very Good","F","VS2",62.4,58,419,3.98,4,2.49
0.58,"Ideal","F","VVS2",61.9,56,2380,5.35,5.38,3.32
0.86,"Ideal","G","VS1",62.2,57,4420,6.05,6.1,3.78
1.21,"Premium","F","VS1",61.6,58,8196,6.88,6.82,4.22
1.02,"Very Good","D","SI2",62.7,59,4712,6.36,6.44,4.01
1.13,"Premium","I","SI2",59.9,57,4271,6.8,6.76,4.06
1.51,"Ideal","I","SI2",61.8,57,7577,7.43,7.36,4.57
0.5,"Premium","D","VS2",62.1,58,1845,5.08,5.03,3.14
0.3,"Very Good","D","VS1",63.5,55,697,4.24,4.29,2.71
0.23,"Very Good","E","VS1",60.4,62,378,3.93,3.99,2.39
0.73,"Ideal","D","SI1",62.4,53,3195,5.79,5.82,3.62
0.41,"Premium","D","SI2",61.9,58,683,4.71,4.73,2.92
1,"Premium","D","VS1",59.7,60,8124,6.45,6.42,3.84
1.03,"Ideal","G","VVS1",61.7,56,7708,6.45,6.56,4
0.43,"Premium","F","SI1",62.4,56,1016,4.84,4.81,3.01
0.66,"Premium","F","SI1",60.6,58,1802,5.69,5.63,3.43
1.34,"Ideal","G","VS2",61.9,56,9233,7.05,7.1,4.38
0.52,"Premium","F","SI2",62.7,57,1073,5.11,5.07,3.19
0.37,"Very Good","F","VS2",59.2,61,696,4.63,4.69,2.76
0.4,"Good","H","SI1",62,61,667,4.69,4.73,2.92
1.11,"Premium","F","SI2",62.1,58,4283,6.63,6.51,4.1
0.71,"Ideal","E","VS2",60.3,56,3217,5.8,5.84,3.51
0.42,"Premium","I","SI2",61.5,59,552,4.78,4.84,2.96
1.87,"Very Good","H","SI1",62.9,58,14308,7.79,7.83,4.91
1.57,"Very Good","J","SI2",62.1,60,6702,7.37,7.41,4.59
0.31,"Premium","F","VS2",59.4,58,749,4.45,4.37,2.62
1.07,"Good","J","VS2",61.7,57.7,4602,6.55,6.58,4.05
2.01,"Ideal","G","SI2",61.7,57,18259,8.13,8.1,5.01
0.9,"Good","F","SI1",62.9,57,3780,6.08,6.13,3.84
0.54,"Premium","H","VVS2",60.6,60,1786,5.31,5.29,3.21
1.8,"Premium","J","VS1",58.2,61,11329,8.07,7.95,4.66
0.3,"Very Good","G","VS2",60.6,60,526,4.3,4.34,2.62
2.25,"Premium","H","SI2",62.8,59,18034,0,0,0
1.52,"Premium","H","VS2",59.4,59,11206,7.49,7.45,4.44
0.55,"Ideal","E","VS2",62.2,54,1741,5.29,5.26,3.28
0.34,"Premium","G","SI1",59.7,59,507,4.5,4.54,2.7
0.36,"Ideal","D","VS2",60,56,727,4.66,4.68,2.8
2.34,"Premium","I","I1",61.5,60,8491,8.47,8.43,5.2
0.3,"Premium","D","SI1",62.6,59,709,4.27,4.23,2.66
1.01,"Good","D","VVS2",63.7,57,8943,6.29,6.36,4.03
0.31,"Very Good","G","VS1",62.7,54,542,4.35,4.36,2.73
0.75,"Very Good","E","SI1",63.6,56,2993,5.73,5.75,3.65
1.7,"Premium","E","SI1",60.1,58,15804,7.78,7.74,4.66
1.28,"Very Good","I","SI2",62.6,58,5654,6.87,6.89,4.32
0.34,"Ideal","G","VS2",60.8,56,616,4.53,4.55,2.76
0.79,"Very Good","H","VS1",63.7,56,2784,5.85,5.92,3.75
1.22,"Premium","E","SI2",61.5,58,6237,6.81,6.85,4.2
1.03,"Ideal","H","SI1",61.7,57,5418,6.47,6.53,4.01
0.77,"Ideal","J","VS2",61.4,55,2159,5.9,5.95,3.64
0.5,"Very Good","E","SI2",63.2,61,1097,5.05,5.02,3.18
0.33,"Premium","I","VS2",61,61,594,4.46,4.43,2.71
0.7,"Premium","H","VS1",60.6,59,2636,5.81,5.74,3.5
0.9,"Ideal","G","SI2",60.7,57,4314,6.19,6.33,3.8
0.41,"Ideal","J","VS1",62.2,55,604,4.76,4.79,2.97
0.9,"Premium","G","SI1",61.9,59,3669,6.18,6.13,3.81
0.7,"Premium","E","VS2",61.1,60,2777,5.71,5.64,3.47
1.01,"Good","G","SI2",62.8,57,3852,6.3,6.34,3.97
0.79,"Very Good","F","SI1",62.8,59,2878,5.86,5.89,3.69
0.31,"Very Good","H","VS2",63.5,57,628,4.34,4.32,2.75
0.52,"Very Good","H","SI1",62.6,59,1161,5.06,5.13,3.19
0.4,"Very Good","G","VVS1",60.7,55,1066,4.81,4.84,2.93
0.83,"Ideal","G","SI1",62.1,57,3044,6.03,5.95,3.72
0.81,"Premium","G","SI2",61.7,57,2482,5.99,5.94,3.68
0.7,"Ideal","D","VS2",61.5,56,3129,5.7,5.74,3.52
0.7,"Premium","I","VS2",63,60,1966,5.62,5.59,3.53
0.63,"Ideal","D","IF",61.2,53,3832,5.55,5.6,3.41
0.5,"Ideal","E","VS1",62.3,55,1603,5.09,5.12,3.18
0.7,"Premium","H","SI2",62.8,59,2142,5.65,5.62,3.54
1.5,"Premium","E","SI1",60,58,11795,7.5,7.47,4.49
1.02,"Very Good","G","SI2",61.6,61,4291,6.46,6.47,3.98
0.91,"Premium","F","SI2",59.1,60,3845,6.36,6.3,3.74
0.77,"Ideal","J","VS2",61.9,54,2292,5.89,5.94,3.66
1.11,"Good","F","SI1",63.1,56,5769,6.59,6.63,4.17
1.03,"Premium","G","SI1",60.1,60,5581,6.55,6.52,3.93
1.14,"Ideal","G","VS2",61.5,57,7171,6.72,6.68,4.12
0.4,"Ideal","E","VS2",62.4,55,975,4.74,4.71,2.95
1.52,"Very Good","G","VS2",63.4,58,11986,7.31,7.24,4.61
0.26,"Very Good","H","VVS2",62.5,56,486,4.07,4.09,2.55
0.32,"Ideal","G","IF",61.8,55,954,4.41,4.43,2.73
1,"Very Good","E","SI2",62.5,59,4308,6.31,6.37,3.96
0.36,"Ideal","E","VS2",61,54,747,4.6,4.64,2.82
0.72,"Good","D","SI2",64.1,57,2254,5.64,5.71,3.64
0.32,"Ideal","F","VS2",62.2,55,828,4.37,4.35,2.71
0.9,"Ideal","H","VS1",60.9,57,4201,6.2,6.24,3.79
0.4,"Ideal","E","VS1",61.2,57,1053,4.74,4.77,2.91
1.2,"Ideal","H","SI1",61.9,54,6588,6.83,6.9,4.25
0.84,"Very Good","J","VS1",61.9,58,2544,6.03,6.05,3.74
0.78,"Very Good","G","SI2",63.7,55.9,2401,5.82,5.85,3.72
1.01,"Very Good","D","SI1",60.7,58,5422,6.49,6.45,3.93
1.18,"Ideal","G","VVS1",61.1,57,9095,6.78,6.84,4.16
1.04,"Ideal","G","SI1",61.9,56,5311,6.46,6.5,4.01
0.72,"Very Good","E","SI1",63.1,58,2723,5.69,5.72,3.6
0.53,"Ideal","H","IF",61.4,55,2059,5.21,5.24,3.21
0.35,"Ideal","H","VS1",62,56,788,4.56,4.54,2.82
1.33,"Ideal","H","SI1",62.7,56,7217,7.04,6.99,4.4
0.42,"Very Good","E","SI1",61.5,61,722,4.82,4.87,2.98
0.34,"Ideal","D","VS2",62.9,55,1033,4.47,4.43,2.8
0.31,"Premium","E","VVS1",61.5,58,924,4.35,4.37,2.68
1.55,"Ideal","J","VS2",61.7,55,8088,7.38,7.43,4.58
0.7,"Premium","G","SI1",61.6,58,2285,5.71,5.65,3.5
0.3,"Very Good","H","SI1",63.4,57,540,4.31,4.27,2.72
1,"Premium","I","SI2",62.6,56,3830,6.4,6.34,3.99
1.01,"Premium","H","SI2",61.6,59,4166,6.39,6.44,3.95
0.9,"Ideal","F","SI1",62.3,56,4103,6.17,6.13,3.83
0.57,"Premium","E","VS1",61.6,58,2753,5.36,5.33,3.29
0.32,"Good","E","SI1",62.5,61,564,4.32,4.35,2.71
0.41,"Ideal","D","SI1",63,57,920,4.7,4.64,2.94
0.79,"Premium","H","SI2",61.6,58,1998,5.98,5.94,3.67
0.54,"Premium","D","VS2",61.5,58,1892,5.21,5.26,3.22
0.9,"Good","G","IF",61.8,61,5855,6.12,6.17,3.8
0.91,"Fair","H","SI1",64.4,60,3180,6.1,6.07,3.92
0.36,"Ideal","I","VS2",61.8,55,648,4.61,4.58,2.84
1.5,"Fair","E","SI2",66.3,60,10080,7.09,7.02,4.68
0.54,"Ideal","G","SI1",61.5,55.1,1395,5.25,5.27,3.23
0.71,"Ideal","G","SI1",60.5,56,2776,5.8,5.76,3.5
0.31,"Ideal","D","VS2",62,55,942,4.35,4.33,2.69
0.44,"Very Good","H","VVS1",61,59,986,4.87,4.9,2.98
0.7,"Ideal","E","VVS2",62.4,54,3585,5.66,5.71,3.55
2.4,"Ideal","J","SI1",62,57,12468,8.53,8.47,5.27
0.7,"Very Good","J","SI2",63.2,60,1959,5.58,5.62,3.54
0.41,"Good","D","VS2",63.4,54,873,4.74,4.79,3.02
0.7,"Very Good","D","SI1",63.5,58,2686,5.61,5.64,3.57
0.3,"Very Good","G","VVS1",63.2,55,710,4.28,4.3,2.71
0.26,"Very Good","F","VS2",59,59,453,4.19,4.25,2.49
0.5,"Very Good","D","SI1",60.8,63,1436,5.1,5.13,3.11
0.43,"Premium","F","VS1",59.9,58,1056,4.89,4.93,2.94
0.93,"Ideal","E","SI1",61.9,55,4511,6.26,6.31,3.89
0.5,"Good","G","VS1",57.5,56,1429,5.3,5.24,3.03
0.31,"Premium","E","VVS1",58.9,59,969,4.48,4.41,2.62
1.5,"Very Good","H","SI1",60.7,63,9660,7.3,7.27,4.42
0.71,"Ideal","I","VS2",62.2,55,2681,5.71,5.73,3.56
1.11,"Premium","I","VS2",63,53,4744,6.64,6.59,4.17
0.92,"Very Good","I","SI1",63.3,58,3323,6.18,6.14,3.9
0.44,"Premium","G","VS1",62.3,59,965,4.82,4.87,3.02
0.42,"Ideal","G","VS1",61.9,56,984,4.82,4.77,2.97
0.24,"Ideal","H","IF",62.5,54,504,3.97,4,2.49
0.36,"Good","D","SI1",63.2,56,619,4.52,4.56,2.87
1.05,"Premium","H","VS2",60.5,58,4739,6.7,6.63,4.03
2.11,"Very Good","G","I1",63.2,57,7834,8.13,8.07,5.12
1.26,"Ideal","G","VS1",61.6,56,9078,6.96,7.03,4.31
0.41,"Very Good","E","SI1",61.8,60,705,4.74,4.78,2.94
0.83,"Very Good","D","IF",59.7,53,7889,6.14,6.23,3.69
0.3,"Good","G","VS1",63.4,58,605,4.23,4.25,2.69
0.51,"Ideal","E","VS2",61.9,55,1656,5.13,5.17,3.19
1.12,"Very Good","G","I1",61.2,63,3017,6.68,6.59,4.05
0.42,"Premium","F","SI1",61.5,58,992,4.83,4.8,2.96
2.02,"Ideal","H","SI1",62,56,17392,8.06,8.13,5.02
0.56,"Ideal","G","VS2",61.9,55,1698,5.32,5.28,3.28
0.78,"Premium","D","SI1",60.9,55,3145,6,5.93,3.63
0.32,"Ideal","G","IF",61.2,57,954,4.4,4.43,2.7
0.72,"Ideal","G","VVS2",61.3,56,3352,5.76,5.8,3.54
0.51,"Very Good","E","SI1",62.9,55,1284,5.06,5.12,3.2
1.04,"Ideal","E","VVS2",62.9,55,10019,6.47,6.51,4.08
0.41,"Very Good","F","VS1",61.2,57,1007,4.77,4.8,2.93
0.32,"Ideal","E","VS1",61.4,55,713,4.42,4.44,2.72
1.01,"Very Good","J","SI1",58.9,59,3952,6.56,6.62,3.88
0.42,"Very Good","E","VS1",62.9,57,1005,4.75,4.79,3
1.02,"Premium","F","I1",59.6,59,2452,6.51,6.45,3.87
0.2,"Very Good","E","VS2",63.4,59,367,3.74,3.71,2.36
0.3,"Premium","H","VS1",61.3,58,526,4.29,4.32,2.64
1,"Good","D","SI1",64.3,62,4312,6.18,6.13,3.96
2,"Good","G","SI1",64.2,59,17902,7.93,7.84,5.06
0.4,"Very Good","F","VVS1",62.9,55,1111,4.71,4.74,2.97
0.51,"Premium","D","VS2",62,60,1716,5.07,5.12,3.16
0.71,"Premium","H","VS2",62,54,2249,5.73,5.69,3.54
1.07,"Ideal","G","SI2",60.8,57,3595,6.62,6.6,4.02
0.8,"Very Good","H","VS1",60.9,57,3273,5.98,6.02,3.65
1.2,"Ideal","I","SI2",60.5,58,5050,6.92,6.83,4.16
1.07,"Premium","E","VS1",59.7,61,8015,6.69,6.64,3.98
2.02,"Very Good","D","SI2",62.3,56,17263,7.99,8.06,5
1.03,"Premium","H","SI1",63,59,4274,6.43,6.4,4.04
0.9,"Premium","I","VS2",61.8,59,3398,6.15,6.21,3.82
0.32,"Ideal","F","VVS1",61.1,56,1061,4.45,4.42,2.71
0.51,"Good","F","SI1",64.2,59,1406,5.04,5.02,3.23
0.33,"Ideal","E","VS1",60.6,57,686,4.49,4.52,2.73
1.08,"Ideal","G","VS1",62,55,6779,6.62,6.57,4.09
0.4,"Premium","F","VVS2",60.7,58,1088,4.7,4.75,2.87
0.95,"Good","I","SI2",63.8,57,2956,6.13,6.23,3.94
0.54,"Premium","G","VS1",61.1,60,1637,5.23,5.28,3.21
1.02,"Very Good","F","SI1",63.7,56,5701,6.34,6.41,4.06
1.01,"Good","H","SI1",57.1,58,4488,6.6,6.64,3.78
0.53,"Very Good","E","VS1",61.9,59,1830,5.16,5.21,3.21
0.84,"Very Good","F","SI1",63.8,57,2885,5.95,6,3.81
3.04,"Very Good","I","SI2",63.2,59,15354,9.14,9.07,5.75
0.32,"Premium","H","VS2",61.9,58,505,4.37,4.39,2.71
1.21,"Premium","J","VVS1",61.3,59,6001,6.86,6.81,4.19
1.5,"Ideal","G","VS2",61.7,54,13135,7.36,7.4,4.55
0.32,"Premium","E","VVS1",61.8,59,954,4.35,4.39,2.7
0.9,"Very Good","I","SI2",60.9,63,2704,6.21,6.13,3.76
1.55,"Ideal","J","SI1",61.7,54,7987,7.47,7.5,4.62
1.56,"Premium","J","VS1",61.3,59,7144,7.54,7.49,4.61
0.53,"Premium","G","SI1",62.1,62,1206,5.15,5.13,3.19
1.09,"Good","D","IF",58.7,61,16406,6.75,6.85,3.99
2.02,"Good","I","SI2",61,62,12927,8.1,8.14,4.95
1.25,"Ideal","H","SI2",61.6,55,6030,6.89,6.94,4.26
0.82,"Premium","H","SI1",59.9,57,2721,6.11,6.07,3.65
0.54,"Ideal","J","SI2",61.3,58,978,5.24,5.27,3.22
1.01,"Premium","G","VS2",62.1,60,5946,6.37,6.35,3.95
0.51,"Premium","E","SI1",58.2,61,1340,5.27,5.22,3.05
0.9,"Fair","D","SI1",66.1,55,3945,5.98,5.92,3.93
0.4,"Very Good","E","VVS2",60.5,58,1205,4.76,4.8,2.89
0.3,"Ideal","E","VVS1",62.8,54,838,4.27,4.3,2.69
0.75,"Very Good","H","SI2",62.2,58,2093,5.77,5.83,3.61
1,"Good","E","SI2",63.5,54,4400,6.35,6.41,4.05
0.71,"Ideal","F","VS1",61.9,56,3710,5.69,5.72,3.53
0.31,"Premium","G","VS2",61.7,58,698,4.34,4.32,2.67
0.71,"Ideal","D","VVS2",61.6,56,4222,5.69,5.77,3.53
0.9,"Very Good","E","SI2",62.6,60,3662,6.09,6.18,3.84
1,"Ideal","H","I1",61.3,57,3080,6.41,6.44,3.94
0.31,"Premium","G","VVS2",61.5,58,907,4.34,4.31,2.66
1.55,"Premium","E","SI1",60.1,58,11871,7.55,7.5,4.52
0.81,"Very Good","H","SI2",61.3,59,2797,5.94,6.01,3.66
0.3,"Ideal","D","VS2",60.9,57,857,4.34,4.36,2.65
1.01,"Very Good","H","SI1",63.1,59,4705,6.34,6.43,4.03
1.2,"Very Good","F","SI2",63.3,59,4274,6.7,6.66,4.23
1.59,"Very Good","D","SI2",59.9,59,10685,7.6,7.52,4.53
0.4,"Ideal","J","VVS1",61.9,56,1136,4.74,4.79,2.95
0.34,"Ideal","H","VS2",62.2,56,537,4.48,4.53,2.8
0.71,"Premium","F","VS1",59,60,2839,5.82,5.8,3.43
0.5,"Premium","E","SI1",62.4,58,1155,5.06,5.01,3.14
0.35,"Ideal","H","VS2",61.2,56,571,4.54,4.55,2.78
1,"Premium","E","SI1",61,61,4805,6.45,6.4,3.92
1.51,"Very Good","H","SI2",60.4,59,7723,7.27,7.3,4.4
2.2,"Premium","I","VS2",62,57,18364,8.38,8.34,5.18
0.32,"Premium","E","SI2",61.2,58,449,4.39,4.44,2.7
0.97,"Premium","F","SI2",59.9,59,3993,6.45,6.38,3.84
0.3,"Ideal","G","IF",62.4,55,863,4.32,4.34,2.7
1,"Good","G","VS2",63.6,58,5002,6.26,6.35,4.01
0.43,"Good","D","SI1",63.8,55,774,4.79,4.8,3.06
0.75,"Very Good","I","SI1",59.1,58,2180,5.87,5.91,3.48
1.51,"Ideal","G","VS1",61.1,57,14674,7.41,7.38,4.52
0.9,"Premium","G","I1",61.3,59,1777,6.2,6.15,3.78
1.58,"Ideal","E","VS2",62.7,56,15721,7.55,7.45,4.7
1.61,"Premium","D","SI1",61.4,60,13582,7.56,7.51,4.63
0.34,"Ideal","E","IF",61.7,56,1163,4.46,4.48,2.76
0.9,"Ideal","G","SI2",62.7,55,3428,6.11,6.17,3.85
2,"Premium","G","SI1",59,62,14918,6.16,6.15,4.82
0.36,"Fair","F","VS1",55.3,67,810,4.79,4.72,2.63
0.41,"Premium","E","VS2",59.8,60,935,4.83,4.87,2.9
0.7,"Very Good","J","VS2",61.1,61,1952,5.64,5.69,3.46
0.33,"Ideal","F","IF",61.2,56,1240,4.47,4.49,2.74
2.01,"Very Good","F","SI2",60.3,60,16728,8.08,8.11,4.88
0.31,"Ideal","G","VVS1",61.6,57,789,4.34,4.36,2.68
0.9,"Ideal","H","SI2",62.8,55,3016,6.18,6.11,3.86
0.26,"Very Good","F","VVS1",61.2,60,591,4.13,4.14,2.53
0.51,"Ideal","H","SI2",62.5,55,983,5.1,5.14,3.2
0.38,"Premium","J","VVS2",60.5,59,778,4.72,4.69,2.84
2,"Ideal","F","SI2",62,57,17871,8.1,8.03,5
0.31,"Very Good","F","VVS1",59.4,57,779,4.39,4.43,2.62
0.52,"Ideal","G","VVS1",60.7,55,2065,5.19,5.29,3.18
1.32,"Good","J","SI1",63.5,57,4573,6.95,6.98,4.42
0.58,"Ideal","E","VS2",61.9,56,1670,5.34,5.38,3.32
1.06,"Premium","D","SI1",61.1,59,6352,6.63,6.56,4.03
0.3,"Ideal","D","VVS2",62.2,55,814,4.32,4.33,2.69
0.7,"Very Good","J","VS2",62,59,1907,5.61,5.65,3.49
1.12,"Ideal","G","VS2",62.1,55,7364,6.64,6.67,4.13
0.71,"Ideal","F","VS1",61.1,56,3404,5.75,5.78,3.52
0.32,"Ideal","G","VS1",62.5,57,718,4.37,4.34,2.72
1.67,"Very Good","H","SI1",59.4,61,11146,7.73,7.78,4.61
1.04,"Ideal","E","VVS2",62.4,56,9897,6.51,6.47,4.05
0.41,"Premium","G","VVS2",61.6,58,1076,4.8,4.74,2.94
0.48,"Very Good","E","VS2",59.9,58.9,1320,5.07,5.12,3.06
0.31,"Good","H","VVS1",63.3,58,707,4.28,4.32,2.72
1.12,"Ideal","H","SI2",62.4,54,5178,6.65,6.68,4.16
1.45,"Very Good","I","IF",60.6,61,9683,7.32,7.41,4.46
0.31,"Ideal","F","VS2",62.4,56,802,4.34,4.31,2.7
0.58,"Ideal","J","VS2",62.8,57,1196,5.33,5.28,3.33
0.38,"Ideal","E","VVS1",62.4,54,1160,4.64,4.66,2.9
0.71,"Very Good","F","SI2",63.2,57,2397,5.66,5.7,3.59
0.7,"Good","I","VS2",57.5,62,2268,5.81,5.78,3.33
1.06,"Premium","G","VS1",62.2,55,6853,6.58,6.51,4.07
1.01,"Premium","D","SI1",61.6,58,5939,6.47,6.42,3.97
0.4,"Premium","E","VS2",61.9,59,975,4.75,4.72,2.93
1.01,"Very Good","E","SI1",62.8,59,5416,6.41,6.45,4.04
1.01,"Premium","F","VS2",62.1,60,6097,6.43,6.36,3.97
0.43,"Premium","D","VS2",60.7,58,1056,4.84,4.88,2.95
1,"Good","E","SI1",57.5,62,5051,6.5,6.58,3.76
0.7,"Very Good","E","SI1",59.9,63,2777,5.76,5.7,3.43
0.31,"Ideal","G","IF",62.8,56,786,4.34,4.39,2.74
0.56,"Ideal","E","VS2",61.5,57,1819,5.27,5.3,3.25
1.82,"Very Good","J","VS1",62.2,56,10090,7.83,7.96,4.91
0.73,"Premium","E","VS2",61.9,57,3127,5.79,5.75,3.57
0.24,"Very Good","D","SI1",63.1,55,475,3.95,4.01,2.51
0.3,"Ideal","E","VS2",62.3,56,844,4.34,4.3,2.69
0.4,"Very Good","E","SI2",62.1,60,644,4.65,4.69,2.9
0.55,"Very Good","J","SI1",60.9,56,1100,5.29,5.35,3.24
0.71,"Premium","D","SI1",62.7,60,2822,5.71,5.67,3.57
0.3,"Premium","F","IF",61.6,58,846,4.3,4.34,2.66
0.33,"Very Good","G","SI1",61.2,56,521,4.44,4.46,2.72
0.74,"Ideal","F","VS2",62.1,56,3200,5.83,5.79,3.61
1,"Good","G","VVS2",60.9,56,7492,6.49,6.52,3.96
0.71,"Premium","D","SI2",61.7,59,2743,5.67,5.71,3.51
1.12,"Premium","G","SI2",62.8,58,4478,6.62,6.57,4.14
2.18,"Premium","I","SI1",63,58,13263,8.23,8.17,5.22
0.5,"Ideal","G","VVS2",62.8,57,1858,5.07,5.05,3.18
1.27,"Ideal","J","VS1",61.4,59,5885,6.95,6.97,4.27
0.41,"Ideal","H","SI1",62.4,53,722,4.78,4.81,2.99
1.51,"Ideal","E","SI2",62.6,53,10147,7.4,7.32,4.61
1.55,"Ideal","D","SI2",61.1,56,10275,7.45,7.48,4.56
0.41,"Ideal","J","VS1",62.7,57,647,4.72,4.75,2.97
1.25,"Ideal","I","VS2",60,57,4795,7.07,7.02,4.23
0.4,"Ideal","E","VVS1",61.7,55,1778,4.74,4.76,2.93
1.01,"Ideal","J","VS2",61.3,57,4486,6.47,6.54,3.99
1.09,"Premium","I","VS1",62.3,54,4786,6.65,6.61,4.13
1.63,"Ideal","F","I1",62,55,7229,7.57,7.5,4.68
0.5,"Ideal","D","VS2",61.2,55,1808,5.12,5.07,3.12
0.3,"Premium","E","SI2",61.5,62,468,4.31,4.28,2.64
0.31,"Premium","E","VS2",58.6,58,639,4.46,4.42,2.6
1.03,"Ideal","D","SI1",62.4,57,5551,6.44,6.47,4.03
0.71,"Good","J","SI1",61.5,62,1755,5.61,5.66,3.47
0.61,"Ideal","F","VVS2",62.2,55,2634,5.42,5.45,3.38
1.5,"Good","G","VS2",63.6,60,12787,7.24,7.2,4.59
0.75,"Good","G","SI2",63.6,58,1819,5.75,5.7,3.64
0.37,"Ideal","E","VS2",61.2,57,811,4.58,4.64,2.82
0.46,"Very Good","D","VS2",60.9,58,1326,4.94,4.97,3.02
0.54,"Good","E","VS2",60.2,61,1771,5.27,5.32,3.19
1.02,"Good","F","VS1",57.9,59,7197,6.64,6.59,3.83
1.06,"Very Good","I","SI2",58.4,62,3515,6.65,6.7,3.9
1.6,"Ideal","G","VS2",62.2,55,14474,7.5,7.46,4.65
2.01,"Very Good","G","SI1",63.5,60,15038,7.98,7.89,5.04
0.57,"Good","G","VS2",58.2,66,1816,5.34,5.45,3.14
0.31,"Ideal","D","VS2",61.8,57,734,4.36,4.38,2.7
1.51,"Ideal","F","SI1",61.7,56,13334,7.35,7.41,4.55
1.51,"Ideal","G","VS1",60.8,54,14733,7.4,7.48,4.52
1.56,"Ideal","H","SI1",62.1,56,10739,7.44,7.46,4.63
0.75,"Very Good","F","SI2",58.6,60,2111,5.99,6.03,3.52
1.01,"Ideal","D","SI1",61.4,59,5812,6.4,6.44,3.94
1.5,"Premium","H","VS2",60.8,59,10291,7.34,7.36,4.47
0.5,"Very Good","E","SI2",62.8,55,1077,5.05,5.08,3.18
1.05,"Ideal","I","SI2",60.9,57,4163,6.55,6.62,4.01
0.73,"Premium","G","VS2",60.3,57,2581,5.88,5.82,3.53
1,"Good","E","VS1",60,65,7190,6.48,6.43,3.87
0.72,"Ideal","G","VVS2",61.9,57,3849,5.72,5.75,3.55
0.8,"Very Good","J","VS1",62.7,58,2487,5.91,5.95,3.72
1.18,"Ideal","I","SI2",62.2,57,4838,6.73,6.76,4.2
1.01,"Good","J","VS1",60.4,64,4129,6.48,6.44,3.9
0.91,"Ideal","G","SI1",62.5,56,4673,6.19,6.22,3.88
1.54,"Premium","H","VS2",61,60,10977,7.42,7.46,4.54
0.4,"Ideal","F","VVS2",62.4,56,1163,4.74,4.72,2.95
0.9,"Premium","D","SI1",61.8,59,4181,6.13,6.11,3.78
0.36,"Ideal","H","SI1",61.9,55,556,4.57,4.59,2.83
0.54,"Ideal","E","VS2",60.5,56,1847,5.28,5.26,3.19
0.9,"Very Good","F","VS2",61.7,57,4493,6.17,6.21,3.82
0.79,"Premium","F","SI2",62.2,57,2555,5.94,5.9,3.68
0.31,"Ideal","F","VS1",61.8,56,695,4.33,4.36,2.68
1.13,"Ideal","G","VS2",62.7,57,6644,6.68,6.65,4.18
0.41,"Premium","E","VS1",60.8,59,1079,4.76,4.82,2.91
0.5,"Very Good","J","SI2",60.7,57,947,5.11,5.13,3.11
1.03,"Very Good","F","SI2",62.4,59,4503,6.38,6.45,4
0.79,"Very Good","H","VS2",61.5,55,2945,5.89,5.94,3.64
0.41,"Very Good","G","VS1",60.7,58,899,4.79,4.83,2.92
0.7,"Premium","E","SI2",59.8,61,2135,5.76,5.74,3.44
1.01,"Very Good","G","VS2",62.8,58,5119,6.35,6.42,4.01
1.01,"Very Good","G","SI2",62,58,4249,6.37,6.41,3.96
0.32,"Very Good","G","VVS1",61.2,59,876,4.41,4.45,2.71
1.4,"Very Good","I","SI1",61.3,59,7644,7.19,7.23,4.42
0.58,"Ideal","G","VVS2",61.9,57,2132,5.33,5.36,3.31
0.34,"Very Good","D","SI1",60.2,60,626,4.5,4.54,2.72
0.51,"Good","E","VS2",63.8,57,1662,5.07,5.05,3.23
0.37,"Good","D","SI1",63.7,55,681,4.55,4.59,2.91
0.71,"Very Good","F","SI1",62.1,59,2346,5.64,5.73,3.53
2.09,"Ideal","H","SI1",60.6,57,14383,8.34,8.29,5.04
2,"Good","H","SI1",63.3,59,17600,7.96,8.03,5.06
0.46,"Good","F","IF",56.2,61,1806,5.16,5.24,2.92
0.51,"Ideal","G","SI1",61.3,55,1329,5.18,5.22,3.19
1.03,"Ideal","H","SI1",59.8,57,5018,6.64,6.57,3.95
1.04,"Premium","E","SI2",59.2,58,4566,6.7,6.64,3.95
2.27,"Premium","H","SI2",60.7,59,15783,8.5,8.45,5.15
0.4,"Premium","E","SI1",62,55,945,4.74,4.68,2.92
0.32,"Ideal","F","VS1",61.6,57,716,4.39,4.42,2.71
1.11,"Ideal","G","VS2",61.4,56,7443,6.65,6.7,4.1
1.52,"Ideal","F","SI1",62.2,56,12183,7.41,7.31,4.58
1.51,"Ideal","J","VS1",62.7,56,8092,7.3,7.35,4.59
1.12,"Premium","H","SI2",61,56,4077,6.68,6.65,4.07
0.31,"Premium","F","IF",61.9,58,977,4.39,4.36,2.71
0.41,"Ideal","D","VS1",62.1,56,1151,4.77,4.8,2.97
0.41,"Premium","D","SI1",60.5,60,791,4.77,4.81,2.9
1.2,"Premium","H","SI2",62.3,58,5376,6.81,6.76,4.23
0.6,"Very Good","D","VVS2",60.6,57,2897,5.48,5.51,3.33
0.38,"Premium","F","VVS1",61.6,58,1257,4.66,4.63,2.86
0.3,"Good","F","SI1",63.6,55,500,4.28,4.33,2.74
0.52,"Ideal","E","SI1",61.1,57,1656,5.2,5.17,3.16
1.26,"Premium","G","VVS2",62.7,58,10302,6.95,6.86,4.33
0.9,"Premium","D","SI1",62.8,59,3997,6.1,6.06,3.82
0.3,"Good","E","VVS2",61.1,61,622,4.32,4.36,2.65
1.09,"Premium","H","SI1",61.6,57,5219,6.63,6.59,4.07
0.7,"Very Good","F","SI1",63.4,59,2264,5.59,5.64,3.56
0.55,"Ideal","E","VS2",59.3,57,1767,5.43,5.39,3.21
0.53,"Premium","E","SI1",62.2,56,1654,5.22,5.16,3.23
1.53,"Premium","I","VS2",62,58,10196,7.41,7.36,4.58
1.02,"Very Good","H","SI1",61,59,5455,6.48,6.53,3.97
1.2,"Very Good","H","SI1",62.8,58,5567,6.73,6.8,4.25
1.5,"Premium","I","VVS1",62.4,60,11155,7.32,7.29,4.56
1,"Fair","F","VS1",65.3,56,5833,6.28,6.25,4.09
0.71,"Ideal","E","SI2",61.2,57,2398,5.74,5.82,3.54
0.91,"Ideal","H","SI1",61.9,56,4386,6.17,6.21,3.83
0.4,"Very Good","I","SI1",63.2,55,765,4.72,4.68,2.97
0.9,"Very Good","G","SI2",62.1,58,3303,6.08,6.13,3.79
1.12,"Ideal","G","SI1",62,55,5551,6.68,6.65,4.13
0.41,"Premium","E","VS1",61.9,59,1153,4.8,4.77,2.96
1.5,"Ideal","E","SI1",62,55,11489,7.4,7.32,4.56
0.85,"Very Good","I","VS2",60,57,3070,6.1,6.16,3.68
1.2,"Very Good","I","SI1",62.6,59,5522,6.75,6.71,4.21
1,"Very Good","D","SI2",62.5,58,4661,6.35,6.44,4
0.32,"Ideal","G","VS1",61.7,55,828,4.43,4.39,2.72
1.26,"Premium","E","VVS1",59.8,59,14952,6.99,7.08,4.21
0.34,"Very Good","D","VS2",62.9,56,805,4.44,4.5,2.81
0.45,"Fair","G","SI1",68.6,57,756,4.73,4.5,3.19
0.33,"Ideal","G","SI2",61.9,56,557,4.45,4.41,2.74
0.7,"Very Good","F","VVS2",58.7,63,3234,5.82,5.79,3.41
1.82,"Premium","I","VS1",61.4,60,13939,7.83,7.8,4.8
0.27,"Very Good","F","VVS2",61.8,56,682,4.19,4.2,2.6
0.31,"Ideal","H","VVS1",61.8,57,707,4.32,4.35,2.68
1.23,"Premium","J","VS1",62.7,58,5412,6.79,6.82,4.27
1.21,"Ideal","I","SI1",62.4,55,5124,6.78,6.81,4.24
0.9,"Premium","G","SI1",62.7,58,3774,6.13,6.08,3.83
2.01,"Premium","G","VS2",61.4,58,17987,8.11,7.99,4.94
2.15,"Premium","J","SI1",62.4,60,13746,8.24,8.18,5.12
0.5,"Very Good","D","SI2",58.5,60,1074,5.19,5.21,3.04
0.9,"Ideal","E","VS2",62.1,57,4419,6.15,6.18,3.83
1.21,"Premium","J","VVS2",61.7,60,5531,6.85,6.82,4.22
1.13,"Premium","D","SI2",62,58,5280,6.64,6.68,4.13
1.02,"Premium","H","VS2",61.9,57,5171,6.5,6.4,3.99
1.31,"Ideal","G","VS1",61.9,56,10099,7.03,7.13,4.38
0.7,"Ideal","D","VS1",63.1,54,3618,5.62,5.65,3.56
0.31,"Ideal","H","IF",60,57,1046,4.41,4.39,2.64
0.3,"Very Good","G","VS1",61.4,58,605,4.32,4.35,2.66
2.01,"Premium","H","SI2",61.5,59,11635,8.12,8.08,4.98
1.69,"Ideal","F","VS2",62.2,57,16789,7.59,7.66,4.74
1.2,"Premium","H","SI2",62.4,57,5510,6.83,6.75,4.24
0.91,"Good","E","VS2",56.3,64,4823,6.37,6.42,3.6
0.46,"Ideal","E","VVS1",62.6,57,1661,4.98,4.89,3.09
0.51,"Ideal","E","SI1",61.1,56,1443,5.2,5.17,3.17
0.78,"Good","E","SI1",57.9,62,2723,6.06,6.03,3.5
1.03,"Ideal","J","SI1",61.9,56,3921,6.45,6.5,4.01
2.06,"Premium","I","SI2",62.7,60,13198,8.11,8.06,5.07
0.39,"Premium","H","SI2",61.2,58,468,4.51,6.02,4.44
0.7,"Very Good","E","SI1",62.7,59,2753,5.63,5.67,3.54
1.03,"Premium","I","VS1",60.4,59,5012,6.51,6.57,3.95
0.7,"Very Good","F","VS2",62.3,58,2812,5.64,5.72,3.54
2.01,"Very Good","I","SI2",61.4,63,10009,8.19,7.96,4.96
1.01,"Ideal","G","SI2",61.2,57,4038,6.45,6.4,3.92
0.55,"Ideal","G","SI1",60.8,56,1429,5.3,5.36,3.24
0.32,"Premium","I","VS1",61,60,648,4.47,4.42,2.71
0.51,"Ideal","E","VS2",62.2,57,1656,5.08,5.11,3.17
0.77,"Premium","G","SI1",61.6,59,2657,5.9,5.85,3.62
0.7,"Very Good","G","SI1",60.6,57,2042,5.73,5.79,3.49
0.3,"Very Good","H","VVS2",63.5,55,776,4.28,4.25,2.71
0.31,"Ideal","H","VS2",62.2,55,628,4.37,4.35,2.71
0.24,"Ideal","E","VVS1",61.4,57,678,3.99,4.03,2.46
0.51,"Ideal","H","VVS1",62.2,56,1766,5.12,5.14,3.19
0.3,"Premium","F","VS2",61.4,60,605,4.29,4.34,2.65
1.21,"Premium","D","SI2",62.5,57,6505,6.79,6.71,4.22
0.32,"Ideal","J","IF",62.2,55,684,4.44,4.4,2.75
1.08,"Ideal","H","VVS1",62.5,54,6961,6.56,6.58,4.1
0.9,"Very Good","F","SI1",63.3,57,4054,6.1,6.16,3.88
2.1,"Ideal","G","SI2",61.3,55,18312,8.19,8.25,5.04
0.31,"Good","H","VS1",64,59,698,4.28,4.25,2.73
1,"Good","F","SI2",63.7,57,3906,6.32,6.36,4.04
1.1,"Ideal","F","VS2",61.4,56,7589,6.68,6.64,4.09
0.5,"Very Good","G","VS2",60.3,58,1354,5.15,5.19,3.12
1.22,"Ideal","H","SI2",61.7,56,5703,6.83,6.91,4.24
0.52,"Ideal","G","VS1",62.4,55.1,1758,5.11,5.15,3.2
1.31,"Ideal","H","VS1",62.4,56,8392,7,6.98,4.36
1.65,"Ideal","H","SI2",61.6,55,10349,7.58,7.62,4.68
0.42,"Premium","F","VVS1",60.5,58,1326,4.81,4.84,2.92
1.18,"Very Good","E","SI2",62.5,60,5088,6.7,6.74,4.2
0.31,"Ideal","D","SI1",61.7,56,541,4.35,4.37,2.69
0.4,"Ideal","D","SI1",62.5,55,741,4.71,4.73,2.95
1.72,"Premium","H","SI2",59.8,59,10749,7.77,7.74,4.64
0.4,"Ideal","E","VVS2",61.6,56,1145,4.74,4.77,2.93
0.3,"Ideal","H","VVS2",61.6,55,605,4.3,4.34,2.66
0.96,"Ideal","G","SI1",62.6,57,4355,6.28,6.24,3.92
0.43,"Premium","G","VS2",62.9,59,1113,4.83,4.78,3.02
1.03,"Ideal","G","SI1",61.9,56,4928,6.46,6.5,4.01
1.16,"Premium","H","SI1",61.2,57,5554,6.84,6.76,4.16
0.39,"Ideal","E","VVS2",60.5,57,1300,4.72,4.74,2.86
0.3,"Premium","G","VVS1",62.6,62,945,4.26,4.21,2.65
0.5,"Premium","E","VS2",62.7,59,1559,5.02,5.06,3.16
0.28,"Ideal","G","VS2",62.1,56,508,4.19,4.23,2.61
1.29,"Ideal","I","VS2",62.7,57,6509,6.97,6.91,4.35
2.01,"Ideal","H","SI1",62.8,54,18186,8.03,8.08,5.05
0.42,"Premium","G","VS2",60.1,61,1087,4.84,4.81,2.9
1.02,"Premium","F","SI2",62.5,60,4459,6.36,6.43,4
0.9,"Very Good","F","VS2",62.7,58,5160,6.12,6.19,3.86
0.7,"Good","I","VS1",64.3,58,2271,5.56,5.61,3.59
1.03,"Very Good","F","SI1",62.5,59,4282,6.41,6.45,4.02
